name,booth,website,address,overview,country,email,phone,halls,portal_url,portal_status,ebooth_url,source
3D Glass Solutions,1014,https://Boothurl.aspx?BoothID=696000,,,,,150-591-6559-0,633|634,https://portal2026.semiconindia.org/co/3d-glass-solutions,slug-guessed,https://expo.semi.org/india2026/Public/eBooth.aspx?IndexInList=0&FromPage=Exhibitors.aspx&ParentBoothID=&ListByBooth=true&BoothID=696000&Nav=False,eventmap
3M INDIA LIMITED,H3621,https://eBooth.aspx?BoothID=694662&Task=PressReleases&SSID=13356,"BEARING NO 61 PID NO 76 20 61, Shanthala Nagar, MARKSQUARE",,MARKSQUARE,,3621 3,633|634,https://portal2026.semiconindia.org/co/3m-india-limited,slug-guessed,https://expo.semi.org/india2026/Public/eBooth.aspx?IndexInList=1&FromPage=Exhibitors.aspx&ParentBoothID=&ListByBooth=true&BoothID=694662&Nav=False,eventmap
ABB India Limited,427,https://Boothurl.aspx?BoothID=696323,"Disha – 1st floor, Plot No. 5&6, 2nd stage,",,,,97-401-657-90,633|634,https://portal2026.semiconindia.org/co/abb-india-limited,slug-guessed,https://expo.semi.org/india2026/Public/eBooth.aspx?IndexInList=2&FromPage=Exhibitors.aspx&ParentBoothID=&ListByBooth=true&BoothID=696323&Nav=False,eventmap
ABLROOTS INDUSTRIES PVT PTD,H3518,https://Boothurl.aspx?BoothID=696476,Plot No A 16 Gali No 10 Shyam Vihar,"ABL is a distributor for Pall Corporation, a global leader in filtration, separation, and purification technologies,",,,91-991-002-2939,633|634,https://portal2026.semiconindia.org/co/ablroots-industries-pvt-ptd,slug-guessed,https://expo.semi.org/india2026/Public/eBooth.aspx?IndexInList=3&FromPage=Exhibitors.aspx&ParentBoothID=&ListByBooth=true&BoothID=696476&Nav=False,eventmap
ABV ENGINEERS AND CONSULTANTS PVT LTD,H7608,https://Boothurl.aspx?BoothID=697142,PLOT NO 131,,,,,633|634,https://portal2026.semiconindia.org/co/abv-engineers-and-consultants-pvt-ltd,slug-guessed,https://expo.semi.org/india2026/Public/eBooth.aspx?IndexInList=4&FromPage=Exhibitors.aspx&ParentBoothID=&ListByBooth=true&BoothID=697142&Nav=False,eventmap
AC&C Technology Pte Ltd,1137,https://Boothurl.aspx?BoothID=698092,,,,,,633|634,https://portal2026.semiconindia.org/co/ac&c-technology-pte-ltd,404,https://expo.semi.org/india2026/Public/eBooth.aspx?IndexInList=5&FromPage=Exhibitors.aspx&ParentBoothID=&ListByBooth=true&BoothID=698092&Nav=False,eventmap
Accurex Solutions Pvt. Ltd,H6802,https://Boothurl.aspx?BoothID=696184,,,,,,633|634,https://portal2026.semiconindia.org/co/accurex-solutions-pvt.-ltd,404,https://expo.semi.org/india2026/Public/eBooth.aspx?IndexInList=6&FromPage=Exhibitors.aspx&ParentBoothID=&ListByBooth=true&BoothID=696184&Nav=False,eventmap
ACM Research Inc.,H5616,https://Boothurl.aspx?BoothID=696380,,,,,,633|634,https://portal2026.semiconindia.org/co/acm-research-inc.,404,https://expo.semi.org/india2026/Public/eBooth.aspx?IndexInList=7&FromPage=Exhibitors.aspx&ParentBoothID=&ListByBooth=true&BoothID=696380&Nav=False,eventmap
Adaptsys Limited,556,https://Boothurl.aspx?BoothID=700934,United Kingdom,"For over 20 years, Adaptsys have been a global leader in distribution and manufacturing. We are passionate about delivering cutting-edge solutions, putting our customers on the ...",United Kingdom,,+447743847137,633|634,https://portal2026.semiconindia.org/co/adaptsys-limited,slug-guessed,https://expo.semi.org/india2026/Public/eBooth.aspx?IndexInList=8&FromPage=Exhibitors.aspx&ParentBoothID=&ListByBooth=true&BoothID=700934&Nav=False,eventmap
Addverb Technologies,1446,https://Boothurl.aspx?BoothID=664814,"Plot No. 5, Sector-156, Phase-II,",,,,,633|634,https://portal2026.semiconindia.org/co/addverb-technologies,slug-guessed,https://expo.semi.org/india2026/Public/eBooth.aspx?IndexInList=9&FromPage=Exhibitors.aspx&ParentBoothID=&ListByBooth=true&BoothID=664814&Nav=False,eventmap
Advance Panels & Switchgears P Ltd,H6608,,,,,,,633|634,,,https://expo.semi.org/india2026/Public/eBooth.aspx?IndexInList=10&FromPage=Exhibitors.aspx&ParentBoothID=&ListByBooth=true&BoothID=701211&Nav=False,eventmap
ADVANCED EXPERTISE TECHNOLOGY PVT. LTD.,1478,,,,,,,633|634,,,https://expo.semi.org/india2026/Public/eBooth.aspx?IndexInList=11&FromPage=Exhibitors.aspx&ParentBoothID=&ListByBooth=true&BoothID=665586&Nav=False,eventmap
ADVANCED SEMICONDUCTOR EQUIPMENT TECHNOLOGY SINGAPORE,1241,,,,,,,633|634,,,https://expo.semi.org/india2026/Public/eBooth.aspx?IndexInList=12&FromPage=Exhibitors.aspx&ParentBoothID=&ListByBooth=true&BoothID=698104&Nav=False,eventmap
ADVANCED SYSTEM IN PACKAGE TECHNOLOGIES,760,,,,,,,633|634,,,https://expo.semi.org/india2026/Public/eBooth.aspx?IndexInList=13&FromPage=Exhibitors.aspx&ParentBoothID=&ListByBooth=true&BoothID=697553&Nav=False,eventmap
Advantec Materials India Pvt Ltd,580,,,,,,,633|634,,,https://expo.semi.org/india2026/Public/eBooth.aspx?IndexInList=14&FromPage=Exhibitors.aspx&ParentBoothID=&ListByBooth=true&BoothID=693520&Nav=False,eventmap
Advantest (Singapore) Pte. Ltd.,434,,,,,,,633|634,,,https://expo.semi.org/india2026/Public/eBooth.aspx?IndexInList=15&FromPage=Exhibitors.aspx&ParentBoothID=&ListByBooth=true&BoothID=664989&Nav=False,eventmap
AECOM India Private Limited,H5909,,,,,,,633|634,,,https://expo.semi.org/india2026/Public/eBooth.aspx?IndexInList=16&FromPage=Exhibitors.aspx&ParentBoothID=&ListByBooth=true&BoothID=696443&Nav=False,eventmap
Aequs SEZ Private Limited,H3716,,,,,,,633|634,,,https://expo.semi.org/india2026/Public/eBooth.aspx?IndexInList=17&FromPage=Exhibitors.aspx&ParentBoothID=&ListByBooth=true&BoothID=694699&Nav=False,eventmap
Aeromech Equipments Private Limited,H6729,,,,,,,633|634,,,https://expo.semi.org/india2026/Public/eBooth.aspx?IndexInList=18&FromPage=Exhibitors.aspx&ParentBoothID=&ListByBooth=true&BoothID=693980&Nav=False,eventmap
Aether Semiconductors Private Ltd,1275,,,,,,,633|634,,,https://expo.semi.org/india2026/Public/eBooth.aspx?IndexInList=19&FromPage=Exhibitors.aspx&ParentBoothID=&ListByBooth=true&BoothID=698602&Nav=False,eventmap
AGC Asia Pacific (India) Pvt. Ltd.,133,,,,,,,633|634,,,https://expo.semi.org/india2026/Public/eBooth.aspx?IndexInList=20&FromPage=Exhibitors.aspx&ParentBoothID=&ListByBooth=true&BoothID=696350&Nav=False,eventmap
AGEM Innovation Private Limited,H6628,,,,,,,633|634,,,https://expo.semi.org/india2026/Public/eBooth.aspx?IndexInList=21&FromPage=Exhibitors.aspx&ParentBoothID=&ListByBooth=true&BoothID=697286&Nav=False,eventmap
Agilent Technologies,H4019,,,,,,,633|634,,,https://expo.semi.org/india2026/Public/eBooth.aspx?IndexInList=22&FromPage=Exhibitors.aspx&ParentBoothID=&ListByBooth=true&BoothID=696662&Nav=False,eventmap
Agnisys Technology Pvt. Ltd,H6533,,,,,,,633|634,,,https://expo.semi.org/india2026/Public/eBooth.aspx?IndexInList=23&FromPage=Exhibitors.aspx&ParentBoothID=&ListByBooth=true&BoothID=696683&Nav=False,eventmap
AGNIT Semiconductors Pvt Ltd,H4511,,,,,,,633|634,,,https://expo.semi.org/india2026/Public/eBooth.aspx?IndexInList=24&FromPage=Exhibitors.aspx&ParentBoothID=&ListByBooth=true&BoothID=698537&Nav=False,eventmap
AGRU Plastic Technology Pvt Ltd,H4824,,,,,,,633|634,,,https://expo.semi.org/india2026/Public/eBooth.aspx?IndexInList=25&FromPage=Exhibitors.aspx&ParentBoothID=&ListByBooth=true&BoothID=695191&Nav=False,eventmap
AHEESA DIGITAL INNOVATIONS PRIVATE LIMITED,714,,,,,,,633|634,,,https://expo.semi.org/india2026/Public/eBooth.aspx?IndexInList=26&FromPage=Exhibitors.aspx&ParentBoothID=&ListByBooth=true&BoothID=703496&Nav=False,eventmap
Aimil Ltd,H6021,,,,,,,633|634,,,https://expo.semi.org/india2026/Public/eBooth.aspx?IndexInList=27&FromPage=Exhibitors.aspx&ParentBoothID=&ListByBooth=true&BoothID=693786&Nav=False,eventmap
Air Liquide India Holding Pvt Ltd,H4023,,,,,,,633|634,,,https://expo.semi.org/india2026/Public/eBooth.aspx?IndexInList=28&FromPage=Exhibitors.aspx&ParentBoothID=&ListByBooth=true&BoothID=694839&Nav=False,eventmap
Air Water India Pvt Ltd,H3118,,,,,,,633|634,,,https://expo.semi.org/india2026/Public/eBooth.aspx?IndexInList=29&FromPage=Exhibitors.aspx&ParentBoothID=&ListByBooth=true&BoothID=694438&Nav=False,eventmap
AirLife Gases Pvt. Ltd,H5911,,,,,,,633|634,,,https://expo.semi.org/india2026/Public/eBooth.aspx?IndexInList=30&FromPage=Exhibitors.aspx&ParentBoothID=&ListByBooth=true&BoothID=696266&Nav=False,eventmap
AIRTECH SYSTEMS INDIA PVT LTD,H6913,,,,,,,633|634,,,https://expo.semi.org/india2026/Public/eBooth.aspx?IndexInList=31&FromPage=Exhibitors.aspx&ParentBoothID=&ListByBooth=true&BoothID=696439&Nav=False,eventmap
Akribis Systems Pte Ltd,1123,,,,,,,633|634,,,https://expo.semi.org/india2026/Public/eBooth.aspx?IndexInList=32&FromPage=Exhibitors.aspx&ParentBoothID=&ListByBooth=true&BoothID=698115&Nav=False,eventmap
Akros Trading India Pvt Ltd,H6428,,,,,,,633|634,,,https://expo.semi.org/india2026/Public/eBooth.aspx?IndexInList=33&FromPage=Exhibitors.aspx&ParentBoothID=&ListByBooth=true&BoothID=693884&Nav=False,eventmap
ALIGNED TEST PTE LTD,940,,,,,,,633|634,,,https://expo.semi.org/india2026/Public/eBooth.aspx?IndexInList=34&FromPage=Exhibitors.aspx&ParentBoothID=&ListByBooth=true&BoothID=698088&Nav=False,eventmap
ALLIED RESOURCING,H4922,,,,,,,633|634,,,https://expo.semi.org/india2026/Public/eBooth.aspx?IndexInList=35&FromPage=Exhibitors.aspx&ParentBoothID=&ListByBooth=true&BoothID=695233&Nav=False,eventmap
AMD India Private Limited,1102,,,,,,,633|634,,,https://expo.semi.org/india2026/Public/eBooth.aspx?IndexInList=36&FromPage=Exhibitors.aspx&ParentBoothID=&ListByBooth=true&BoothID=664486&Nav=False,eventmap
Ami Polymer,H7321,,,,,,,633|634,,,https://expo.semi.org/india2026/Public/eBooth.aspx?IndexInList=37&FromPage=Exhibitors.aspx&ParentBoothID=&ListByBooth=true&BoothID=697147&Nav=False,eventmap
Amity University Uttar Pradesh Noida,H6308,,,,,,,633|634,,,https://expo.semi.org/india2026/Public/eBooth.aspx?IndexInList=38&FromPage=Exhibitors.aspx&ParentBoothID=&ListByBooth=true&BoothID=701219&Nav=False,eventmap
Ample Semiconductors Private Limited,H7035,,,,,,,633|634,,,https://expo.semi.org/india2026/Public/eBooth.aspx?IndexInList=39&FromPage=Exhibitors.aspx&ParentBoothID=&ListByBooth=true&BoothID=697721&Nav=False,eventmap
ANANANT SYSTEMS PRIVATE LIMITED,H7607,,,,,,,633|634,,,https://expo.semi.org/india2026/Public/eBooth.aspx?IndexInList=40&FromPage=Exhibitors.aspx&ParentBoothID=&ListByBooth=true&BoothID=697392&Nav=False,eventmap
Andhra Pradesh Economic Development Board - Govt of Andhra Pradesh,H6605,,,,,,,633|634,,,https://expo.semi.org/india2026/Public/eBooth.aspx?IndexInList=41&FromPage=Exhibitors.aspx&ParentBoothID=&ListByBooth=true&BoothID=701209&Nav=False,eventmap
ANEMO PRIME,H6031,,,,,,,633|634,,,https://expo.semi.org/india2026/Public/eBooth.aspx?IndexInList=42&FromPage=Exhibitors.aspx&ParentBoothID=&ListByBooth=true&BoothID=693795&Nav=False,eventmap
Anora Instrumentation Private Limited,H4502,,,,,,,633|634,,,https://expo.semi.org/india2026/Public/eBooth.aspx?IndexInList=43&FromPage=Exhibitors.aspx&ParentBoothID=&ListByBooth=true&BoothID=703459&Nav=False,eventmap
Ansell India Protective Products Pvt Ltd,1675,,,,,,,633|634,,,https://expo.semi.org/india2026/Public/eBooth.aspx?IndexInList=44&FromPage=Exhibitors.aspx&ParentBoothID=&ListByBooth=true&BoothID=696562&Nav=False,eventmap
APK AQUATECH PVT. LTD.,155,,,,,,,633|634,,,https://expo.semi.org/india2026/Public/eBooth.aspx?IndexInList=45&FromPage=Exhibitors.aspx&ParentBoothID=&ListByBooth=true&BoothID=665118&Nav=False,eventmap
APP SYSTEMS SERVICES PTE LTD,1041,,,,,,,633|634,,,https://expo.semi.org/india2026/Public/eBooth.aspx?IndexInList=46&FromPage=Exhibitors.aspx&ParentBoothID=&ListByBooth=true&BoothID=698084&Nav=False,eventmap
Applied Materials India Pvt. Ltd.,402,,,,,,,633|634,,,https://expo.semi.org/india2026/Public/eBooth.aspx?IndexInList=47&FromPage=Exhibitors.aspx&ParentBoothID=&ListByBooth=true&BoothID=664360&Nav=False,eventmap
Aquatech Systems (Asia) Pvt. Ltd.,H7231,,,,,,,633|634,,,https://expo.semi.org/india2026/Public/eBooth.aspx?IndexInList=48&FromPage=Exhibitors.aspx&ParentBoothID=&ListByBooth=true&BoothID=694143&Nav=False,eventmap
Arvind Envisol Limited,H6921,,,,,,,633|634,,,https://expo.semi.org/india2026/Public/eBooth.aspx?IndexInList=49&FromPage=Exhibitors.aspx&ParentBoothID=&ListByBooth=true&BoothID=697482&Nav=False,eventmap
ASAHI DIAMOND INDUSTRIAL INDIA PVT. LTD.,1339,,,,,,,633|634,,,https://expo.semi.org/india2026/Public/eBooth.aspx?IndexInList=50&FromPage=Exhibitors.aspx&ParentBoothID=&ListByBooth=true&BoothID=696053&Nav=False,eventmap
Ascentrade India Private Limited,H7526,,,,,,,633|634,,,https://expo.semi.org/india2026/Public/eBooth.aspx?IndexInList=51&FromPage=Exhibitors.aspx&ParentBoothID=&ListByBooth=true&BoothID=696688&Nav=False,eventmap
ASM HHV ENGINEERING PRIVATE LIMITED,577,,,,,,,633|634,,,https://expo.semi.org/india2026/Public/eBooth.aspx?IndexInList=52&FromPage=Exhibitors.aspx&ParentBoothID=&ListByBooth=true&BoothID=693543&Nav=False,eventmap
ASM Technologies LTD,478,,,,,,,633|634,,,https://expo.semi.org/india2026/Public/eBooth.aspx?IndexInList=53&FromPage=Exhibitors.aspx&ParentBoothID=&ListByBooth=true&BoothID=693541&Nav=False,eventmap
ASML Technology Taiwan Ltd,602,,,,,,,633|634,,,https://expo.semi.org/india2026/Public/eBooth.aspx?IndexInList=54&FromPage=Exhibitors.aspx&ParentBoothID=&ListByBooth=true&BoothID=695595&Nav=False,eventmap
ASMPT Singapore,1346,,,,,,,633|634,,,https://expo.semi.org/india2026/Public/eBooth.aspx?IndexInList=55&FromPage=Exhibitors.aspx&ParentBoothID=&ListByBooth=true&BoothID=664784&Nav=False,eventmap
Assam Industrial Development Corporation Limited (Government of Assam),1246,,,,,,,633|634,,,https://expo.semi.org/india2026/Public/eBooth.aspx?IndexInList=56&FromPage=Exhibitors.aspx&ParentBoothID=&ListByBooth=true&BoothID=664754&Nav=False,eventmap
Assigned,,,,,,,,633|634,,no-portal-listed,,eventmap
Astec Valves & Fittings Pvt. Ltd.,H6926,,,,,,,633|634,,,https://expo.semi.org/india2026/Public/eBooth.aspx?IndexInList=57&FromPage=Exhibitors.aspx&ParentBoothID=&ListByBooth=true&BoothID=694042&Nav=False,eventmap
Asterion Semitech Private Limited,H7023,,,,,,,633|634,,,https://expo.semi.org/india2026/Public/eBooth.aspx?IndexInList=58&FromPage=Exhibitors.aspx&ParentBoothID=&ListByBooth=true&BoothID=694071&Nav=False,eventmap
Astro Plasma Private Limited,1039,,,,,,,633|634,,,https://expo.semi.org/india2026/Public/eBooth.aspx?IndexInList=59&FromPage=Exhibitors.aspx&ParentBoothID=&ListByBooth=true&BoothID=698083&Nav=False,eventmap
Atantri Communications Pvt Ltd,H3024,,,,,,,633|634,,,https://expo.semi.org/india2026/Public/eBooth.aspx?IndexInList=60&FromPage=Exhibitors.aspx&ParentBoothID=&ListByBooth=true&BoothID=697208&Nav=False,eventmap
ATCO ATMOSHPERIC AND SPECILAITY GASES,134,,,,,,,633|634,,,https://expo.semi.org/india2026/Public/eBooth.aspx?IndexInList=61&FromPage=Exhibitors.aspx&ParentBoothID=&ListByBooth=true&BoothID=664896&Nav=False,eventmap
Atlas Copco India Private Limited,1637,,,,,,,633|634,,,https://expo.semi.org/india2026/Public/eBooth.aspx?IndexInList=62&FromPage=Exhibitors.aspx&ParentBoothID=&ListByBooth=true&BoothID=696312&Nav=False,eventmap
Automated Tooling Systems India Pvt. Ltd,H6335,,,,,,,633|634,,,https://expo.semi.org/india2026/Public/eBooth.aspx?IndexInList=63&FromPage=Exhibitors.aspx&ParentBoothID=&ListByBooth=true&BoothID=697709&Nav=False,eventmap
Available,,,,,,,,633|634,,no-portal-listed,,eventmap
AVANT GARDE CLEANROOM & ENGG. SOLUTIONS PVT LTD,446,,,,,,,633|634,,,https://expo.semi.org/india2026/Public/eBooth.aspx?IndexInList=64&FromPage=Exhibitors.aspx&ParentBoothID=&ListByBooth=true&BoothID=683674&Nav=False,eventmap
Avcon Technics Pvt Ltd,H3121,,,,,,,633|634,,,https://expo.semi.org/india2026/Public/eBooth.aspx?IndexInList=65&FromPage=Exhibitors.aspx&ParentBoothID=&ListByBooth=true&BoothID=697351&Nav=False,eventmap
Axiro Semiconductor Private Limited,1214,,,,,,,633|634,,,https://expo.semi.org/india2026/Public/eBooth.aspx?IndexInList=66&FromPage=Exhibitors.aspx&ParentBoothID=&ListByBooth=true&BoothID=703492&Nav=False,eventmap
AZELIS (INDIA) PRIVATE LIMITED,H6124,,,,,,,633|634,,,https://expo.semi.org/india2026/Public/eBooth.aspx?IndexInList=67&FromPage=Exhibitors.aspx&ParentBoothID=&ListByBooth=true&BoothID=693801&Nav=False,eventmap
BABA FINE CHEMICALS,H4223,,,,,,,633|634,,,https://expo.semi.org/india2026/Public/eBooth.aspx?IndexInList=68&FromPage=Exhibitors.aspx&ParentBoothID=&ListByBooth=true&BoothID=694927&Nav=False,eventmap
"Bangalore Refinery Pvt Ltd.,",H7033,,,,,,,633|634,,,https://expo.semi.org/india2026/Public/eBooth.aspx?IndexInList=69&FromPage=Exhibitors.aspx&ParentBoothID=&ListByBooth=true&BoothID=694080&Nav=False,eventmap
Bergen Systems Pvt. Ltd.,1276,,,,,,,633|634,,,https://expo.semi.org/india2026/Public/eBooth.aspx?IndexInList=70&FromPage=Exhibitors.aspx&ParentBoothID=&ListByBooth=true&BoothID=698604&Nav=False,eventmap
Besi Singapore Pte. Ltd.,534,,,,,,,633|634,,,https://expo.semi.org/india2026/Public/eBooth.aspx?IndexInList=71&FromPage=Exhibitors.aspx&ParentBoothID=&ListByBooth=true&BoothID=696229&Nav=False,eventmap
Bharat Forge Limited,H6616,,,,,,,633|634,,,https://expo.semi.org/india2026/Public/eBooth.aspx?IndexInList=72&FromPage=Exhibitors.aspx&ParentBoothID=&ListByBooth=true&BoothID=696645&Nav=False,eventmap
Bharat Semitech Pvt LTd,H6516,,,,,,,633|634,,,https://expo.semi.org/india2026/Public/eBooth.aspx?IndexInList=73&FromPage=Exhibitors.aspx&ParentBoothID=&ListByBooth=true&BoothID=696641&Nav=False,eventmap
Bharatam Mechatronics Private Limited,H6131,,,,,,,633|634,,,https://expo.semi.org/india2026/Public/eBooth.aspx?IndexInList=74&FromPage=Exhibitors.aspx&ParentBoothID=&ListByBooth=true&BoothID=696783&Nav=False,eventmap
BHORUKA SPECIALTY GASES PRIVATE LIMITED,H7207,,,,,,,633|634,,,https://expo.semi.org/india2026/Public/eBooth.aspx?IndexInList=75&FromPage=Exhibitors.aspx&ParentBoothID=&ListByBooth=true&BoothID=697920&Nav=False,eventmap
Bigprosolution PVT LTD,H4502,,,,,,,633|634,,,https://expo.semi.org/india2026/Public/eBooth.aspx?IndexInList=76&FromPage=Exhibitors.aspx&ParentBoothID=&ListByBooth=true&BoothID=703462&Nav=False,eventmap
BIS INFOTECH,H7036,,,,,,,633|634,,,https://expo.semi.org/india2026/Public/eBooth.aspx?IndexInList=77&FromPage=Exhibitors.aspx&ParentBoothID=&ListByBooth=true&BoothID=697698&Nav=False,eventmap
"BMT Co., Ltd.",1646,,,,,,,633|634,,,https://expo.semi.org/india2026/Public/eBooth.aspx?IndexInList=78&FromPage=Exhibitors.aspx&ParentBoothID=&ListByBooth=true&BoothID=664874&Nav=False,eventmap
Brain Domain Pte Ltd,1127,,,,,,,633|634,,,https://expo.semi.org/india2026/Public/eBooth.aspx?IndexInList=79&FromPage=Exhibitors.aspx&ParentBoothID=&ListByBooth=true&BoothID=698117&Nav=False,eventmap
Bruker India Scientific Pvt Ltd,376,,,,,,,633|634,,,https://expo.semi.org/india2026/Public/eBooth.aspx?IndexInList=80&FromPage=Exhibitors.aspx&ParentBoothID=&ListByBooth=true&BoothID=693515&Nav=False,eventmap
Bry-Air (Asia) Pvt. Ltd.,165,,,,,,,633|634,,,https://expo.semi.org/india2026/Public/eBooth.aspx?IndexInList=81&FromPage=Exhibitors.aspx&ParentBoothID=&ListByBooth=true&BoothID=696417&Nav=False,eventmap
Business Sweden,1224,,,,,,,633|634,,,https://expo.semi.org/india2026/Public/eBooth.aspx?IndexInList=82&FromPage=Exhibitors.aspx&ParentBoothID=&ListByBooth=true&BoothID=664743&Nav=False,eventmap
Cadence Design Systems,720,,,,,,,633|634,,,https://expo.semi.org/india2026/Public/eBooth.aspx?IndexInList=83&FromPage=Exhibitors.aspx&ParentBoothID=&ListByBooth=true&BoothID=696148&Nav=False,eventmap
CADFEM India - Ansys Elite Partner,H3523,,,,,,,633|634,,,https://expo.semi.org/india2026/Public/eBooth.aspx?IndexInList=84&FromPage=Exhibitors.aspx&ParentBoothID=&ListByBooth=true&BoothID=697455&Nav=False,eventmap
CALIBER INTERCONNECTS PRIVATE LTD,1632,,,,,,,633|634,,,https://expo.semi.org/india2026/Public/eBooth.aspx?IndexInList=85&FromPage=Exhibitors.aspx&ParentBoothID=&ListByBooth=true&BoothID=695987&Nav=False,eventmap
Canon Singapore Pte Ltd,123,,,,,,,633|634,,,https://expo.semi.org/india2026/Public/eBooth.aspx?IndexInList=86&FromPage=Exhibitors.aspx&ParentBoothID=&ListByBooth=true&BoothID=695625&Nav=False,eventmap
Carl Zeiss India (Bangalore) Pvt Ltd,H7505,,,,,,,633|634,,,https://expo.semi.org/india2026/Public/eBooth.aspx?IndexInList=87&FromPage=Exhibitors.aspx&ParentBoothID=&ListByBooth=true&BoothID=697388&Nav=False,eventmap
CCD Technical Solutions Pvt Limited,H5611,,,,,,,633|634,,,https://expo.semi.org/india2026/Public/eBooth.aspx?IndexInList=88&FromPage=Exhibitors.aspx&ParentBoothID=&ListByBooth=true&BoothID=696369&Nav=False,eventmap
CDIL Semiconductors Private Limited,1614,,,,,,,633|634,,,https://expo.semi.org/india2026/Public/eBooth.aspx?IndexInList=89&FromPage=Exhibitors.aspx&ParentBoothID=&ListByBooth=true&BoothID=664629&Nav=False,eventmap
CECO Environmental Solutions India Pvt. Ltd.,H4011,,,,,,,633|634,,,https://expo.semi.org/india2026/Public/eBooth.aspx?IndexInList=90&FromPage=Exhibitors.aspx&ParentBoothID=&ListByBooth=true&BoothID=696669&Nav=False,eventmap
Centre for Development of Advanced Computing,H3302,,,,,,,633|634,,,https://expo.semi.org/india2026/Public/eBooth.aspx?IndexInList=91&FromPage=Exhibitors.aspx&ParentBoothID=&ListByBooth=true&BoothID=697778&Nav=False,eventmap
Centre for Nano Science & Engineering (IISc),H6202,,,,,,,633|634,,,https://expo.semi.org/india2026/Public/eBooth.aspx?IndexInList=92&FromPage=Exhibitors.aspx&ParentBoothID=&ListByBooth=true&BoothID=695462&Nav=False,eventmap
Centre for Semiconductor Technologies (SemiX) IIT Bombay,H3608,,,,,,,633|634,,,https://expo.semi.org/india2026/Public/eBooth.aspx?IndexInList=93&FromPage=Exhibitors.aspx&ParentBoothID=&ListByBooth=true&BoothID=697330&Nav=False,eventmap
CeramTec GmbH,H4116,,,,,,,633|634,,,https://expo.semi.org/india2026/Public/eBooth.aspx?IndexInList=94&FromPage=Exhibitors.aspx&ParentBoothID=&ListByBooth=true&BoothID=696657&Nav=False,eventmap
CG SEMI PRIVATE LIMITED,1214,,,,,,,633|634,,,https://expo.semi.org/india2026/Public/eBooth.aspx?IndexInList=95&FromPage=Exhibitors.aspx&ParentBoothID=&ListByBooth=true&BoothID=664509&Nav=False,eventmap
Chasen (India) Hi-Tech Logistics Services Private Limited,H5936,,,,,,,633|634,,,https://expo.semi.org/india2026/Public/eBooth.aspx?IndexInList=96&FromPage=Exhibitors.aspx&ParentBoothID=&ListByBooth=true&BoothID=700954&Nav=False,eventmap
CHIPEX TECHNOLOGIES PRIVATE LIMITED,H7222,,,,,,,633|634,,,https://expo.semi.org/india2026/Public/eBooth.aspx?IndexInList=97&FromPage=Exhibitors.aspx&ParentBoothID=&ListByBooth=true&BoothID=697144&Nav=False,eventmap
ChipIN Centre,H3402,,,,,,,633|634,,,https://expo.semi.org/india2026/Public/eBooth.aspx?IndexInList=98&FromPage=Exhibitors.aspx&ParentBoothID=&ListByBooth=true&BoothID=698913&Nav=False,eventmap
Chipspirit Technologies Pvt Ltd,H4511,,,,,,,633|634,,,https://expo.semi.org/india2026/Public/eBooth.aspx?IndexInList=99&FromPage=Exhibitors.aspx&ParentBoothID=&ListByBooth=true&BoothID=698533&Nav=False,eventmap
Chukoh Chemical Industries Limited,H6426,,,,,,,633|634,,,https://expo.semi.org/india2026/Public/eBooth.aspx?IndexInList=100&FromPage=Exhibitors.aspx&ParentBoothID=&ListByBooth=true&BoothID=693882&Nav=False,eventmap
Cir-Q-Tech Tako Technologies Pvt. Ltd.,256,,,,,,,633|634,,,https://expo.semi.org/india2026/Public/eBooth.aspx?IndexInList=102&FromPage=Exhibitors.aspx&ParentBoothID=&ListByBooth=true&BoothID=696300&Nav=False,eventmap
circuitEvolve,H4511,,,,,,,633|634,,,https://expo.semi.org/india2026/Public/eBooth.aspx?IndexInList=101&FromPage=Exhibitors.aspx&ParentBoothID=&ListByBooth=true&BoothID=701620&Nav=False,eventmap
CKD Corporation,1368,,,,,,,633|634,,,https://expo.semi.org/india2026/Public/eBooth.aspx?IndexInList=103&FromPage=Exhibitors.aspx&ParentBoothID=&ListByBooth=true&BoothID=665348&Nav=False,eventmap
Clariant,H3718,,,,,,,633|634,,,https://expo.semi.org/india2026/Public/eBooth.aspx?IndexInList=104&FromPage=Exhibitors.aspx&ParentBoothID=&ListByBooth=true&BoothID=694702&Nav=False,eventmap
CleanTech Services India Pvt Ltd,338,,,,,,,633|634,,,https://expo.semi.org/india2026/Public/eBooth.aspx?IndexInList=105&FromPage=Exhibitors.aspx&ParentBoothID=&ListByBooth=true&BoothID=664959&Nav=False,eventmap
CN Water Systems Private Limited,H7514,,,,,,,633|634,,,https://expo.semi.org/india2026/Public/eBooth.aspx?IndexInList=106&FromPage=Exhibitors.aspx&ParentBoothID=&ListByBooth=true&BoothID=696620&Nav=False,eventmap
CNW- Courier Network,H4523,,,,,,,633|634,,,https://expo.semi.org/india2026/Public/eBooth.aspx?IndexInList=107&FromPage=Exhibitors.aspx&ParentBoothID=&ListByBooth=true&BoothID=697471&Nav=False,eventmap
Cohizon Life Sciences,H5836,,,,,,,633|634,,,https://expo.semi.org/india2026/Public/eBooth.aspx?IndexInList=108&FromPage=Exhibitors.aspx&ParentBoothID=&ListByBooth=true&BoothID=696744&Nav=False,eventmap
"CoreTech System (Moldex3D) Co., Ltd.",H6619,,,,,,,633|634,,,https://expo.semi.org/india2026/Public/eBooth.aspx?IndexInList=109&FromPage=Exhibitors.aspx&ParentBoothID=&ListByBooth=true&BoothID=697054&Nav=False,eventmap
COVERIFY SYSTEMS TECHNOLOGY LLP,H4511,,,,,,,633|634,,,https://expo.semi.org/india2026/Public/eBooth.aspx?IndexInList=110&FromPage=Exhibitors.aspx&ParentBoothID=&ListByBooth=true&BoothID=701442&Nav=False,eventmap
CraftifAI,H7307,,,,,,,633|634,,,https://expo.semi.org/india2026/Public/eBooth.aspx?IndexInList=111&FromPage=Exhibitors.aspx&ParentBoothID=&ListByBooth=true&BoothID=697925&Nav=False,eventmap
Cryogenic Specialty Manufacturing Sdn. Bhd.,1527,,,,,,,633|634,,,https://expo.semi.org/india2026/Public/eBooth.aspx?IndexInList=112&FromPage=Exhibitors.aspx&ParentBoothID=&ListByBooth=true&BoothID=698145&Nav=False,eventmap
Crystal Matrix Limited,1018,,,,,,,633|634,,,https://expo.semi.org/india2026/Public/eBooth.aspx?IndexInList=113&FromPage=Exhibitors.aspx&ParentBoothID=&ListByBooth=true&BoothID=696002&Nav=False,eventmap
Cubetor India Private Limited.,H4521,,,,,,,633|634,,,https://expo.semi.org/india2026/Public/eBooth.aspx?IndexInList=114&FromPage=Exhibitors.aspx&ParentBoothID=&ListByBooth=true&BoothID=697469&Nav=False,eventmap
Cyient Semiconductors Pvt Ltd,H7205,,,,,,,633|634,,,https://expo.semi.org/india2026/Public/eBooth.aspx?IndexInList=115&FromPage=Exhibitors.aspx&ParentBoothID=&ListByBooth=true&BoothID=697919&Nav=False,eventmap
"DAIFUKU CO, LTD.",1067,,,,,,,633|634,,,https://expo.semi.org/india2026/Public/eBooth.aspx?IndexInList=116&FromPage=Exhibitors.aspx&ParentBoothID=&ListByBooth=true&BoothID=665285&Nav=False,eventmap
DAIICHI JITSUGYO INDIA PVT. LTD.,645,,,,,,,633|634,,,https://expo.semi.org/india2026/Public/eBooth.aspx?IndexInList=117&FromPage=Exhibitors.aspx&ParentBoothID=&ListByBooth=true&BoothID=683686&Nav=False,eventmap
DAIKIN CHEMICAL INDIA PRIVATED LTD.,442,,,,,,,633|634,,,https://expo.semi.org/india2026/Public/eBooth.aspx?IndexInList=118&FromPage=Exhibitors.aspx&ParentBoothID=&ListByBooth=true&BoothID=696334&Nav=False,eventmap
Daksh Instruments Pvt Ltd,272,,,,,,,633|634,,,https://expo.semi.org/india2026/Public/eBooth.aspx?IndexInList=119&FromPage=Exhibitors.aspx&ParentBoothID=&ListByBooth=true&BoothID=698600&Nav=False,eventmap
Danfoss Industries Pvt. Ltd.,H5635,,,,,,,633|634,,,https://expo.semi.org/india2026/Public/eBooth.aspx?IndexInList=120&FromPage=Exhibitors.aspx&ParentBoothID=&ListByBooth=true&BoothID=697713&Nav=False,eventmap
Dassault Systèmes,1638,,,,,,,633|634,,,https://expo.semi.org/india2026/Public/eBooth.aspx?IndexInList=121&FromPage=Exhibitors.aspx&ParentBoothID=&ListByBooth=true&BoothID=696315&Nav=False,eventmap
DCAS Technologies,H6624,,,,,,,633|634,,,https://expo.semi.org/india2026/Public/eBooth.aspx?IndexInList=122&FromPage=Exhibitors.aspx&ParentBoothID=&ListByBooth=true&BoothID=693943&Nav=False,eventmap
DDE ULTRA HIGH PURITY PRIVATE LIMITED,1433,,,,,,,633|634,,,https://expo.semi.org/india2026/Public/eBooth.aspx?IndexInList=123&FromPage=Exhibitors.aspx&ParentBoothID=&ListByBooth=true&BoothID=693505&Nav=False,eventmap
DeepLase Technologies,H4511,,,,,,,633|634,,,https://expo.semi.org/india2026/Public/eBooth.aspx?IndexInList=124&FromPage=Exhibitors.aspx&ParentBoothID=&ListByBooth=true&BoothID=698684&Nav=False,eventmap
Deerns Spectrum Private Limited,H6633,,,,,,,633|634,,,https://expo.semi.org/india2026/Public/eBooth.aspx?IndexInList=125&FromPage=Exhibitors.aspx&ParentBoothID=&ListByBooth=true&BoothID=696685&Nav=False,eventmap
Delta Electronics India Pvt Ltd,1601,,,,,,,633|634,,,https://expo.semi.org/india2026/Public/eBooth.aspx?IndexInList=126&FromPage=Exhibitors.aspx&ParentBoothID=&ListByBooth=true&BoothID=693495&Nav=False,eventmap
"Department of Industries, Govt. of Bihar",H3111,,,,,,,633|634,,,https://expo.semi.org/india2026/Public/eBooth.aspx?IndexInList=127&FromPage=Exhibitors.aspx&ParentBoothID=&ListByBooth=true&BoothID=701070&Nav=False,eventmap
DHL Supply Chain India,527,,,,,,,633|634,,,https://expo.semi.org/india2026/Public/eBooth.aspx?IndexInList=128&FromPage=Exhibitors.aspx&ParentBoothID=&ListByBooth=true&BoothID=696014&Nav=False,eventmap
Dhruv Compusoft consultancy pvt ltd,H7609,,,,,,,633|634,,,https://expo.semi.org/india2026/Public/eBooth.aspx?IndexInList=129&FromPage=Exhibitors.aspx&ParentBoothID=&ListByBooth=true&BoothID=697143&Nav=False,eventmap
Disco Hi-Tec (Singapore) Pte Ltd.,1514,,,,,,,633|634,,,https://expo.semi.org/india2026/Public/eBooth.aspx?IndexInList=130&FromPage=Exhibitors.aspx&ParentBoothID=&ListByBooth=true&BoothID=664611&Nav=False,eventmap
Dixon Technologies (India) Limited,1409,,,,,,,633|634,,,https://expo.semi.org/india2026/Public/eBooth.aspx?IndexInList=131&FromPage=Exhibitors.aspx&ParentBoothID=&ListByBooth=true&BoothID=698907&Nav=False,eventmap
Dockweiler India Pvt Ltd,139,,,,,,,633|634,,,https://expo.semi.org/india2026/Public/eBooth.aspx?IndexInList=132&FromPage=Exhibitors.aspx&ParentBoothID=&ListByBooth=true&BoothID=696352&Nav=False,eventmap
Dou Yee Enterprises (S) Pte Ltd,1133,,,,,,,633|634,,,https://expo.semi.org/india2026/Public/eBooth.aspx?IndexInList=133&FromPage=Exhibitors.aspx&ParentBoothID=&ListByBooth=true&BoothID=698091&Nav=False,eventmap
DTECH PRODUCTS PVT LTD,H6323,,,,,,,633|634,,,https://expo.semi.org/india2026/Public/eBooth.aspx?IndexInList=134&FromPage=Exhibitors.aspx&ParentBoothID=&ListByBooth=true&BoothID=693847&Nav=False,eventmap
Durga Mechatronics Pvt. Ltd.,H4408,,,,,,,633|634,,,https://expo.semi.org/india2026/Public/eBooth.aspx?IndexInList=135&FromPage=Exhibitors.aspx&ParentBoothID=&ListByBooth=true&BoothID=697342&Nav=False,eventmap
DYNA Filters Private Limited,H4102,,,,,,,633|634,,,https://expo.semi.org/india2026/Public/eBooth.aspx?IndexInList=136&FromPage=Exhibitors.aspx&ParentBoothID=&ListByBooth=true&BoothID=696176&Nav=False,eventmap
E3 TECH SYSTEMS AND SERVICES LLP,H5632,,,,,,,633|634,,,https://expo.semi.org/india2026/Public/eBooth.aspx?IndexInList=137&FromPage=Exhibitors.aspx&ParentBoothID=&ListByBooth=true&BoothID=697116&Nav=False,eventmap
Ebara Corporation,540,,,,,,,633|634,,,https://expo.semi.org/india2026/Public/eBooth.aspx?IndexInList=138&FromPage=Exhibitors.aspx&ParentBoothID=&ListByBooth=true&BoothID=696231&Nav=False,eventmap
Ecolab,H6931,,,,,,,633|634,,,https://expo.semi.org/india2026/Public/eBooth.aspx?IndexInList=139&FromPage=Exhibitors.aspx&ParentBoothID=&ListByBooth=true&BoothID=694047&Nav=False,eventmap
EdgeCortix India Research Center Pvt Ltd,H4511,,,,,,,633|634,,,https://expo.semi.org/india2026/Public/eBooth.aspx?IndexInList=140&FromPage=Exhibitors.aspx&ParentBoothID=&ListByBooth=true&BoothID=698661&Nav=False,eventmap
Edgetech Air Systems Pvt. Ltd.,H4216,,,,,,,633|634,,,https://expo.semi.org/india2026/Public/eBooth.aspx?IndexInList=141&FromPage=Exhibitors.aspx&ParentBoothID=&ListByBooth=true&BoothID=694920&Nav=False,eventmap
EDGETECH SCIENTIFIC PRIVATE LIMITED,H6216,,,,,,,633|634,,,https://expo.semi.org/india2026/Public/eBooth.aspx?IndexInList=142&FromPage=Exhibitors.aspx&ParentBoothID=&ListByBooth=true&BoothID=696388&Nav=False,eventmap
Edveon Technologies Private Limited,H4502,,,,,,,633|634,,,https://expo.semi.org/india2026/Public/eBooth.aspx?IndexInList=143&FromPage=Exhibitors.aspx&ParentBoothID=&ListByBooth=true&BoothID=703458&Nav=False,eventmap
Edwards India Pvt Ltd,249,,,,,,,633|634,,,https://expo.semi.org/india2026/Public/eBooth.aspx?IndexInList=144&FromPage=Exhibitors.aspx&ParentBoothID=&ListByBooth=true&BoothID=695976&Nav=False,eventmap
EFY Enterprises Pvt Ltd,H7536,,,,,,,633|634,,,https://expo.semi.org/india2026/Public/eBooth.aspx?IndexInList=145&FromPage=Exhibitors.aspx&ParentBoothID=&ListByBooth=true&BoothID=697700&Nav=False,eventmap
Einnosys Technologies,1177,,,,,,,633|634,,,https://expo.semi.org/india2026/Public/eBooth.aspx?IndexInList=146&FromPage=Exhibitors.aspx&ParentBoothID=&ListByBooth=true&BoothID=665537&Nav=False,eventmap
El Camino Technologies Pvt Ltd,556,,,,,,,633|634,,,https://expo.semi.org/india2026/Public/eBooth.aspx?IndexInList=147&FromPage=Exhibitors.aspx&ParentBoothID=&ListByBooth=true&BoothID=695645&Nav=False,eventmap
Ellipsiz DSS Pte Ltd,1140,,,,,,,633|634,,,https://expo.semi.org/india2026/Public/eBooth.aspx?IndexInList=148&FromPage=Exhibitors.aspx&ParentBoothID=&ListByBooth=true&BoothID=698109&Nav=False,eventmap
Eltech Engineers Pvt Ltd,H7329,,,,,,,633|634,,,https://expo.semi.org/india2026/Public/eBooth.aspx?IndexInList=149&FromPage=Exhibitors.aspx&ParentBoothID=&ListByBooth=true&BoothID=694172&Nav=False,eventmap
"EO Technics Singapore Pte, Ltd.",759,,,,,,,633|634,,,https://expo.semi.org/india2026/Public/eBooth.aspx?IndexInList=150&FromPage=Exhibitors.aspx&ParentBoothID=&ListByBooth=true&BoothID=697555&Nav=False,eventmap
Esmo Asia Pte. Ltd.,780,,,,,,,633|634,,,https://expo.semi.org/india2026/Public/eBooth.aspx?IndexInList=151&FromPage=Exhibitors.aspx&ParentBoothID=&ListByBooth=true&BoothID=693524&Nav=False,eventmap
EV Group,955,,,,,,,633|634,,,https://expo.semi.org/india2026/Public/eBooth.aspx?IndexInList=152&FromPage=Exhibitors.aspx&ParentBoothID=&ListByBooth=true&BoothID=665260&Nav=False,eventmap
Evatec AG,1175,,,,,,,633|634,,,https://expo.semi.org/india2026/Public/eBooth.aspx?IndexInList=153&FromPage=Exhibitors.aspx&ParentBoothID=&ListByBooth=true&BoothID=665536&Nav=False,eventmap
Evident Scientific Private Limited,H5418,,,,,,,633|634,,,https://expo.semi.org/india2026/Public/eBooth.aspx?IndexInList=154&FromPage=Exhibitors.aspx&ParentBoothID=&ListByBooth=true&BoothID=693600&Nav=False,eventmap
Fabtech Technologies Cleanrooms Pvt Ltd,166,,,,,,,633|634,,,https://expo.semi.org/india2026/Public/eBooth.aspx?IndexInList=155&FromPage=Exhibitors.aspx&ParentBoothID=&ListByBooth=true&BoothID=696066&Nav=False,eventmap
FEC India Private Limited,H7136,,,,,,,633|634,,,https://expo.semi.org/india2026/Public/eBooth.aspx?IndexInList=156&FromPage=Exhibitors.aspx&ParentBoothID=&ListByBooth=true&BoothID=698623&Nav=False,eventmap
FELCON CLEAN ROOM TECHNOLOGY (INDIA) PRIVATE LIMITED,H4708,,,,,,,633|634,,,https://expo.semi.org/india2026/Public/eBooth.aspx?IndexInList=157&FromPage=Exhibitors.aspx&ParentBoothID=&ListByBooth=true&BoothID=696424&Nav=False,eventmap
Festo India Private Limited,1256,,,,,,,633|634,,,https://expo.semi.org/india2026/Public/eBooth.aspx?IndexInList=158&FromPage=Exhibitors.aspx&ParentBoothID=&ListByBooth=true&BoothID=665326&Nav=False,eventmap
FILMTEC WATER SOLUTIONS INDIA PRIVATE LIMITED,H3808,,,,,,,633|634,,,https://expo.semi.org/india2026/Public/eBooth.aspx?IndexInList=159&FromPage=Exhibitors.aspx&ParentBoothID=&ListByBooth=true&BoothID=697328&Nav=False,eventmap
FIXOTEC PIPE SUPPORTS PRIVATE LIMITED,H6631,,,,,,,633|634,,,https://expo.semi.org/india2026/Public/eBooth.aspx?IndexInList=160&FromPage=Exhibitors.aspx&ParentBoothID=&ListByBooth=true&BoothID=696684&Nav=False,eventmap
Flowell Corporation,H6918,,,,,,,633|634,,,https://expo.semi.org/india2026/Public/eBooth.aspx?IndexInList=161&FromPage=Exhibitors.aspx&ParentBoothID=&ListByBooth=true&BoothID=698711&Nav=False,eventmap
Fluor,H6026,,,,,,,633|634,,,https://expo.semi.org/india2026/Public/eBooth.aspx?IndexInList=162&FromPage=Exhibitors.aspx&ParentBoothID=&ListByBooth=true&BoothID=697303&Nav=False,eventmap
Fluro Engineering Pvt Ltd,H5305,,,,,,,633|634,,,https://expo.semi.org/india2026/Public/eBooth.aspx?IndexInList=163&FromPage=Exhibitors.aspx&ParentBoothID=&ListByBooth=true&BoothID=695396&Nav=False,eventmap
Forbes Marshall Pvt Ltd,H3316,,,,,,,633|634,,,https://expo.semi.org/india2026/Public/eBooth.aspx?IndexInList=164&FromPage=Exhibitors.aspx&ParentBoothID=&ListByBooth=true&BoothID=694524&Nav=False,eventmap
FS COMPRESSORS INDIA PVT LTD,H3321,,,,,,,633|634,,,https://expo.semi.org/india2026/Public/eBooth.aspx?IndexInList=165&FromPage=Exhibitors.aspx&ParentBoothID=&ListByBooth=true&BoothID=697452&Nav=False,eventmap
FUJIFILM India Pvt. Ltd,623,,,,,,,633|634,,,https://expo.semi.org/india2026/Public/eBooth.aspx?IndexInList=166&FromPage=Exhibitors.aspx&ParentBoothID=&ListByBooth=true&BoothID=665028&Nav=False,eventmap
"Fujikin, Incorporated",238,,,,,,,633|634,,,https://expo.semi.org/india2026/Public/eBooth.aspx?IndexInList=167&FromPage=Exhibitors.aspx&ParentBoothID=&ListByBooth=true&BoothID=664929&Nav=False,eventmap
GAMP SERVICES PVT LTD,H7018,,,,,,,633|634,,,https://expo.semi.org/india2026/Public/eBooth.aspx?IndexInList=168&FromPage=Exhibitors.aspx&ParentBoothID=&ListByBooth=true&BoothID=697340&Nav=False,eventmap
Gastron Asia Pacific Pte. Ltd,934,,,,,,,633|634,,,https://expo.semi.org/india2026/Public/eBooth.aspx?IndexInList=169&FromPage=Exhibitors.aspx&ParentBoothID=&ListByBooth=true&BoothID=698086&Nav=False,eventmap
GCE India Pvt. Ltd,H6208,,,,,,,633|634,,,https://expo.semi.org/india2026/Public/eBooth.aspx?IndexInList=170&FromPage=Exhibitors.aspx&ParentBoothID=&ListByBooth=true&BoothID=701216&Nav=False,eventmap
GENIC Co. Ltd.,H6129,,,,,,,633|634,,,https://expo.semi.org/india2026/Public/eBooth.aspx?IndexInList=171&FromPage=Exhibitors.aspx&ParentBoothID=&ListByBooth=true&BoothID=693806&Nav=False,eventmap
GenISys GmbH,H7509,,,,,,,633|634,,,https://expo.semi.org/india2026/Public/eBooth.aspx?IndexInList=172&FromPage=Exhibitors.aspx&ParentBoothID=&ListByBooth=true&BoothID=697138&Nav=False,eventmap
GERB Vibration Control Systems Pvt Ltd,H6307,,,,,,,633|634,,,https://expo.semi.org/india2026/Public/eBooth.aspx?IndexInList=173&FromPage=Exhibitors.aspx&ParentBoothID=&ListByBooth=true&BoothID=701217&Nav=False,eventmap
GfG - Gesellschaft für Gerätebau mbH,H4924,,,,,,,633|634,,,https://expo.semi.org/india2026/Public/eBooth.aspx?IndexInList=174&FromPage=Exhibitors.aspx&ParentBoothID=&ListByBooth=true&BoothID=695235&Nav=False,eventmap
Global Gases India Pvt Ltd,H7316,,,,,,,633|634,,,https://expo.semi.org/india2026/Public/eBooth.aspx?IndexInList=175&FromPage=Exhibitors.aspx&ParentBoothID=&ListByBooth=true&BoothID=697201&Nav=False,eventmap
Global Marketing Services,366,,,,,,,633|634,,,https://expo.semi.org/india2026/Public/eBooth.aspx?IndexInList=176&FromPage=Exhibitors.aspx&ParentBoothID=&ListByBooth=true&BoothID=696074&Nav=False,eventmap
Global Now Pte. Ltd.,938,,,,,,,633|634,,,https://expo.semi.org/india2026/Public/eBooth.aspx?IndexInList=177&FromPage=Exhibitors.aspx&ParentBoothID=&ListByBooth=true&BoothID=698087&Nav=False,eventmap
GLOBAL ZEUS,1324,,,,,,,633|634,,,https://expo.semi.org/india2026/Public/eBooth.aspx?IndexInList=178&FromPage=Exhibitors.aspx&ParentBoothID=&ListByBooth=true&BoothID=700926&Nav=False,eventmap
GLOBETEK INDIA PRIVATE LIMITED,H7322,,,,,,,633|634,,,https://expo.semi.org/india2026/Public/eBooth.aspx?IndexInList=179&FromPage=Exhibitors.aspx&ParentBoothID=&ListByBooth=true&BoothID=697148&Nav=False,eventmap
GMP Technical Solutions Pvt Ltd,846,,,,,,,633|634,,,https://expo.semi.org/india2026/Public/eBooth.aspx?IndexInList=180&FromPage=Exhibitors.aspx&ParentBoothID=&ListByBooth=true&BoothID=665114&Nav=False,eventmap
Gopalam Embedded Systems Pte Ltd,1141,,,,,,,633|634,,,https://expo.semi.org/india2026/Public/eBooth.aspx?IndexInList=181&FromPage=Exhibitors.aspx&ParentBoothID=&ListByBooth=true&BoothID=698094&Nav=False,eventmap
Government of Telangana,H3521,,,,,,,633|634,,,https://expo.semi.org/india2026/Public/eBooth.aspx?IndexInList=182&FromPage=Exhibitors.aspx&ParentBoothID=&ListByBooth=true&BoothID=697454&Nav=False,eventmap
Grauer and Weil (India) Limited,H6235,,,,,,,633|634,,,https://expo.semi.org/india2026/Public/eBooth.aspx?IndexInList=183&FromPage=Exhibitors.aspx&ParentBoothID=&ListByBooth=true&BoothID=698683&Nav=False,eventmap
Green PMU Semi Private Limited,H4511,,,,,,,633|634,,,https://expo.semi.org/india2026/Public/eBooth.aspx?IndexInList=184&FromPage=Exhibitors.aspx&ParentBoothID=&ListByBooth=true&BoothID=698662&Nav=False,eventmap
Greene Tweed & Co./Vin-Tec Engineers,H7631,,,,,,,633|634,,,https://expo.semi.org/india2026/Public/eBooth.aspx?IndexInList=185&FromPage=Exhibitors.aspx&ParentBoothID=&ListByBooth=true&BoothID=695500&Nav=False,eventmap
Grindwell Norton Ltd.,H7208,,,,,,,633|634,,,https://expo.semi.org/india2026/Public/eBooth.aspx?IndexInList=186&FromPage=Exhibitors.aspx&ParentBoothID=&ListByBooth=true&BoothID=697922&Nav=False,eventmap
GRUNDFOS PUMPS INDIA PVT LTD,1068,,,,,,,633|634,,,https://expo.semi.org/india2026/Public/eBooth.aspx?IndexInList=187&FromPage=Exhibitors.aspx&ParentBoothID=&ListByBooth=true&BoothID=665294&Nav=False,eventmap
"GST CO., LTD.",H7224,,,,,,,633|634,,,https://expo.semi.org/india2026/Public/eBooth.aspx?IndexInList=188&FromPage=Exhibitors.aspx&ParentBoothID=&ListByBooth=true&BoothID=694135&Nav=False,eventmap
Guidance Tamil Nadu,H4502,,,,,,,633|634,,,https://expo.semi.org/india2026/Public/eBooth.aspx?IndexInList=189&FromPage=Exhibitors.aspx&ParentBoothID=&ListByBooth=true&BoothID=695039&Nav=False,eventmap
GUJARAT FLUOROCHEMICALS LTD,456,,,,,,,633|634,,,https://expo.semi.org/india2026/Public/eBooth.aspx?IndexInList=190&FromPage=Exhibitors.aspx&ParentBoothID=&ListByBooth=true&BoothID=665181&Nav=False,eventmap
Gujarat State Electronics Mission,745,,,,,,,633|634,,,https://expo.semi.org/india2026/Public/eBooth.aspx?IndexInList=191&FromPage=Exhibitors.aspx&ParentBoothID=&ListByBooth=true&BoothID=683694&Nav=False,eventmap
H2LooP AI pvt. ltd.,H5631,,,,,,,633|634,,,https://expo.semi.org/india2026/Public/eBooth.aspx?IndexInList=192&FromPage=Exhibitors.aspx&ParentBoothID=&ListByBooth=true&BoothID=697117&Nav=False,eventmap
"Hae Kwang Co., Ltd.",756,,,,,,,633|634,,,https://expo.semi.org/india2026/Public/eBooth.aspx?IndexInList=193&FromPage=Exhibitors.aspx&ParentBoothID=&ListByBooth=true&BoothID=697551&Nav=False,eventmap
HAMAMATSU PHOTONICS K.K.,H6726,,,,,,,633|634,,,https://expo.semi.org/india2026/Public/eBooth.aspx?IndexInList=194&FromPage=Exhibitors.aspx&ParentBoothID=&ListByBooth=true&BoothID=697290&Nav=False,eventmap
Handotai India Pvt Ltd,H4618,,,,,,,633|634,,,https://expo.semi.org/india2026/Public/eBooth.aspx?IndexInList=195&FromPage=Exhibitors.aspx&ParentBoothID=&ListByBooth=true&BoothID=696398&Nav=False,eventmap
HANKOOM WATTTECH ENERGY INDIA PRIVATE LIMITED,H6218,,,,,,,633|634,,,https://expo.semi.org/india2026/Public/eBooth.aspx?IndexInList=196&FromPage=Exhibitors.aspx&ParentBoothID=&ListByBooth=true&BoothID=696390&Nav=False,eventmap
Hankyu Hanshin Express India Pvt. Ltd.,H6231,,,,,,,633|634,,,https://expo.semi.org/india2026/Public/eBooth.aspx?IndexInList=197&FromPage=Exhibitors.aspx&ParentBoothID=&ListByBooth=true&BoothID=696779&Nav=False,eventmap
HCLTech,946,,,,,,,633|634,,,https://expo.semi.org/india2026/Public/eBooth.aspx?IndexInList=198&FromPage=Exhibitors.aspx&ParentBoothID=&ListByBooth=true&BoothID=664664&Nav=False,eventmap
HCP Technologies Private Limited,H6121,,,,,,,633|634,,,https://expo.semi.org/india2026/Public/eBooth.aspx?IndexInList=199&FromPage=Exhibitors.aspx&ParentBoothID=&ListByBooth=true&BoothID=693800&Nav=False,eventmap
Hegzaflon Global pvt ltd,H4205,,,,,,,633|634,,,https://expo.semi.org/india2026/Public/eBooth.aspx?IndexInList=200&FromPage=Exhibitors.aspx&ParentBoothID=&ListByBooth=true&BoothID=697177&Nav=False,eventmap
Heidelberg Instruments Mikrotechnik GmbH,976,,,,,,,633|634,,,https://expo.semi.org/india2026/Public/eBooth.aspx?IndexInList=201&FromPage=Exhibitors.aspx&ParentBoothID=&ListByBooth=true&BoothID=698914&Nav=False,eventmap
HIGGS BOSON SYSTEMS PRIVATE LIMITED,H7516,,,,,,,633|634,,,https://expo.semi.org/india2026/Public/eBooth.aspx?IndexInList=202&FromPage=Exhibitors.aspx&ParentBoothID=&ListByBooth=true&BoothID=694226&Nav=False,eventmap
HIGHSTAR TECHNOLOOGY PRIVATE LIMITED,H7511,,,,,,,633|634,,,https://expo.semi.org/india2026/Public/eBooth.aspx?IndexInList=203&FromPage=Exhibitors.aspx&ParentBoothID=&ListByBooth=true&BoothID=696627&Nav=False,eventmap
Hilti India Private Limtied,H5618,,,,,,,633|634,,,https://expo.semi.org/india2026/Public/eBooth.aspx?IndexInList=204&FromPage=Exhibitors.aspx&ParentBoothID=&ListByBooth=true&BoothID=696382&Nav=False,eventmap
Hitachi High-Tech,723,,,,,,,633|634,,,https://expo.semi.org/india2026/Public/eBooth.aspx?IndexInList=205&FromPage=Exhibitors.aspx&ParentBoothID=&ListByBooth=true&BoothID=665058&Nav=False,eventmap
Hitech Tools & Instruments,H7436,,,,,,,633|634,,,https://expo.semi.org/india2026/Public/eBooth.aspx?IndexInList=206&FromPage=Exhibitors.aspx&ParentBoothID=&ListByBooth=true&BoothID=698546&Nav=False,eventmap
HMC Sales & Service,942,,,,,,,633|634,,,https://expo.semi.org/india2026/Public/eBooth.aspx?IndexInList=207&FromPage=Exhibitors.aspx&ParentBoothID=&ListByBooth=true&BoothID=698089&Nav=False,eventmap
"Homwell Co., Ltd.",978,,,,,,,633|634,,,https://expo.semi.org/india2026/Public/eBooth.aspx?IndexInList=208&FromPage=Exhibitors.aspx&ParentBoothID=&ListByBooth=true&BoothID=665516&Nav=False,eventmap
Honeywell International India PVT LTD,H4123,,,,,,,633|634,,,https://expo.semi.org/india2026/Public/eBooth.aspx?IndexInList=209&FromPage=Exhibitors.aspx&ParentBoothID=&ListByBooth=true&BoothID=697477&Nav=False,eventmap
HORIBA India,224,,,,,,,633|634,,,https://expo.semi.org/india2026/Public/eBooth.aspx?IndexInList=210&FromPage=Exhibitors.aspx&ParentBoothID=&ListByBooth=true&BoothID=696006&Nav=False,eventmap
HP Valves & Fittings India Private Limited,H7331,,,,,,,633|634,,,https://expo.semi.org/india2026/Public/eBooth.aspx?IndexInList=211&FromPage=Exhibitors.aspx&ParentBoothID=&ListByBooth=true&BoothID=695497&Nav=False,eventmap
HTL COMPANY INDIA PRIVATE LIMITED,1662,,,,,,,633|634,,,https://expo.semi.org/india2026/Public/eBooth.aspx?IndexInList=212&FromPage=Exhibitors.aspx&ParentBoothID=&ListByBooth=true&BoothID=696418&Nav=False,eventmap
Huake Engineenring India pvt. ltd.,H4107,,,,,,,633|634,,,https://expo.semi.org/india2026/Public/eBooth.aspx?IndexInList=213&FromPage=Exhibitors.aspx&ParentBoothID=&ListByBooth=true&BoothID=697549&Nav=False,eventmap
Humidity Technologies India,H3116,,,,,,,633|634,,,https://expo.semi.org/india2026/Public/eBooth.aspx?IndexInList=214&FromPage=Exhibitors.aspx&ParentBoothID=&ListByBooth=true&BoothID=694436&Nav=False,eventmap
HVAX TECHNOLOGIES LIMITED,H3721,,,,,,,633|634,,,https://expo.semi.org/india2026/Public/eBooth.aspx?IndexInList=215&FromPage=Exhibitors.aspx&ParentBoothID=&ListByBooth=true&BoothID=697464&Nav=False,eventmap
HYC Precision Engineering Private Limited,1038,,,,,,,633|634,,,https://expo.semi.org/india2026/Public/eBooth.aspx?IndexInList=216&FromPage=Exhibitors.aspx&ParentBoothID=&ListByBooth=true&BoothID=698097&Nav=False,eventmap
HYSPEC CHEMICALS PRIVATE LIMITED,H4511,,,,,,,633|634,,,https://expo.semi.org/india2026/Public/eBooth.aspx?IndexInList=217&FromPage=Exhibitors.aspx&ParentBoothID=&ListByBooth=true&BoothID=701444&Nav=False,eventmap
I R Technology Services Pvt Ltd,H7533,,,,,,,633|634,,,https://expo.semi.org/india2026/Public/eBooth.aspx?IndexInList=218&FromPage=Exhibitors.aspx&ParentBoothID=&ListByBooth=true&BoothID=694240&Nav=False,eventmap
IBM India Private Limited,1407,,,,,,,633|634,,,https://expo.semi.org/india2026/Public/eBooth.aspx?IndexInList=219&FromPage=Exhibitors.aspx&ParentBoothID=&ListByBooth=true&BoothID=698672&Nav=False,eventmap
Ihara Science Corp.,1124,,,,,,,633|634,,,https://expo.semi.org/india2026/Public/eBooth.aspx?IndexInList=220&FromPage=Exhibitors.aspx&ParentBoothID=&ListByBooth=true&BoothID=701432&Nav=False,eventmap
"INABATA&Co.,Ltd.",1462,,,,,,,633|634,,,https://expo.semi.org/india2026/Public/eBooth.aspx?IndexInList=221&FromPage=Exhibitors.aspx&ParentBoothID=&ListByBooth=true&BoothID=696058&Nav=False,eventmap
InCore Semiconductors Private Limited,718,,,,,,,633|634,,,https://expo.semi.org/india2026/Public/eBooth.aspx?IndexInList=222&FromPage=Exhibitors.aspx&ParentBoothID=&ListByBooth=true&BoothID=703524&Nav=False,eventmap
"Indian Design, Semiconductors, Packaging and Systems (IDSPS)",H3002,,,,,,,633|634,,,https://expo.semi.org/india2026/Public/eBooth.aspx?IndexInList=223&FromPage=Exhibitors.aspx&ParentBoothID=&ListByBooth=true&BoothID=697985&Nav=False,eventmap
Indian Institute of Information Technology and Management Kerala,H5735,,,,,,,633|634,,,https://expo.semi.org/india2026/Public/eBooth.aspx?IndexInList=224&FromPage=Exhibitors.aspx&ParentBoothID=&ListByBooth=true&BoothID=697703&Nav=False,eventmap
Indnix Technology Limited,H4511,,,,,,,633|634,,,https://expo.semi.org/india2026/Public/eBooth.aspx?IndexInList=225&FromPage=Exhibitors.aspx&ParentBoothID=&ListByBooth=true&BoothID=701621&Nav=False,eventmap
Industrial Vision Technology (S) Pte Ltd.,1237,,,,,,,633|634,,,https://expo.semi.org/india2026/Public/eBooth.aspx?IndexInList=226&FromPage=Exhibitors.aspx&ParentBoothID=&ListByBooth=true&BoothID=698103&Nav=False,eventmap
Infosys,1402,,,,,,,633|634,,,https://expo.semi.org/india2026/Public/eBooth.aspx?IndexInList=227&FromPage=Exhibitors.aspx&ParentBoothID=&ListByBooth=true&BoothID=698674&Nav=False,eventmap
Ingersoll Rand India Ltd.,1156,,,,,,,633|634,,,https://expo.semi.org/india2026/Public/eBooth.aspx?IndexInList=228&FromPage=Exhibitors.aspx&ParentBoothID=&ListByBooth=true&BoothID=665308&Nav=False,eventmap
INNOWELL ENGINEERING INTERNATIONAL PVT LTD,H3022,,,,,,,633|634,,,https://expo.semi.org/india2026/Public/eBooth.aspx?IndexInList=229&FromPage=Exhibitors.aspx&ParentBoothID=&ListByBooth=true&BoothID=694396&Nav=False,eventmap
INOX Air Products Private Limited,114,,,,,,,633|634,,,https://expo.semi.org/india2026/Public/eBooth.aspx?IndexInList=230&FromPage=Exhibitors.aspx&ParentBoothID=&ListByBooth=true&BoothID=696218&Nav=False,eventmap
"Integrated Cleanroom Technologies Pvt. Ltd.,",824,,,,,,,633|634,,,https://expo.semi.org/india2026/Public/eBooth.aspx?IndexInList=231&FromPage=Exhibitors.aspx&ParentBoothID=&ListByBooth=true&BoothID=665103&Nav=False,eventmap
IntelliSense Software,H7229,,,,,,,633|634,,,https://expo.semi.org/india2026/Public/eBooth.aspx?IndexInList=232&FromPage=Exhibitors.aspx&ParentBoothID=&ListByBooth=true&BoothID=694140&Nav=False,eventmap
"INTERNATIONAL FACILITY ENGINEERING PTE. LTD.,",H3524,,,,,,,633|634,,,https://expo.semi.org/india2026/Public/eBooth.aspx?IndexInList=233&FromPage=Exhibitors.aspx&ParentBoothID=&ListByBooth=true&BoothID=697456&Nav=False,eventmap
International Green Technology Japan,H4818,,,,,,,633|634,,,https://expo.semi.org/india2026/Public/eBooth.aspx?IndexInList=234&FromPage=Exhibitors.aspx&ParentBoothID=&ListByBooth=true&BoothID=697057&Nav=False,eventmap
INTERTEC SQUARED INC,856,,,,,,,633|634,,,https://expo.semi.org/india2026/Public/eBooth.aspx?IndexInList=235&FromPage=Exhibitors.aspx&ParentBoothID=&ListByBooth=true&BoothID=665251&Nav=False,eventmap
Intics.ai INC,H6436,,,,,,,633|634,,,https://expo.semi.org/india2026/Public/eBooth.aspx?IndexInList=236&FromPage=Exhibitors.aspx&ParentBoothID=&ListByBooth=true&BoothID=696745&Nav=False,eventmap
INVENTEC Performance Chemicals,1656,,,,,,,633|634,,,https://expo.semi.org/india2026/Public/eBooth.aspx?IndexInList=237&FromPage=Exhibitors.aspx&ParentBoothID=&ListByBooth=true&BoothID=665396&Nav=False,eventmap
Ion Exchange (India) Ltd.,H3411,,,,,,,633|634,,,https://expo.semi.org/india2026/Public/eBooth.aspx?IndexInList=238&FromPage=Exhibitors.aspx&ParentBoothID=&ListByBooth=true&BoothID=700946&Nav=False,eventmap
Iwate Industry Promotion Center,1124,,,,,,,633|634,,,https://expo.semi.org/india2026/Public/eBooth.aspx?IndexInList=239&FromPage=Exhibitors.aspx&ParentBoothID=&ListByBooth=true&BoothID=701429&Nav=False,eventmap
izmo microsystems private limited,H6611,,,,,,,633|634,,,https://expo.semi.org/india2026/Public/eBooth.aspx?IndexInList=240&FromPage=Exhibitors.aspx&ParentBoothID=&ListByBooth=true&BoothID=696342&Nav=False,eventmap
Janatics Global Solutions Pvt. Ltd.,H3611,,,,,,,633|634,,,https://expo.semi.org/india2026/Public/eBooth.aspx?IndexInList=241&FromPage=Exhibitors.aspx&ParentBoothID=&ListByBooth=true&BoothID=697533&Nav=False,eventmap
Japan India Business Bureau (NPO),1124,,,,,,,633|634,,,https://expo.semi.org/india2026/Public/eBooth.aspx?IndexInList=242&FromPage=Exhibitors.aspx&ParentBoothID=&ListByBooth=true&BoothID=664713&Nav=False,eventmap
JEOL INDIA PRIVATE LIMITED,H4816,,,,,,,633|634,,,https://expo.semi.org/india2026/Public/eBooth.aspx?IndexInList=243&FromPage=Exhibitors.aspx&ParentBoothID=&ListByBooth=true&BoothID=695183&Nav=False,eventmap
"Jiangsu Jinggong Semicon Equipment Co., Ltd",H6033,,,,,,,633|634,,,https://expo.semi.org/india2026/Public/eBooth.aspx?IndexInList=244&FromPage=Exhibitors.aspx&ParentBoothID=&ListByBooth=true&BoothID=693796&Nav=False,eventmap
Jindal SAW Ltd.,156,,,,,,,633|634,,,https://expo.semi.org/india2026/Public/eBooth.aspx?IndexInList=245&FromPage=Exhibitors.aspx&ParentBoothID=&ListByBooth=true&BoothID=665127&Nav=False,eventmap
Jipal Hi-Tech,766,,,,,,,633|634,,,https://expo.semi.org/india2026/Public/eBooth.aspx?IndexInList=246&FromPage=Exhibitors.aspx&ParentBoothID=&ListByBooth=true&BoothID=695655&Nav=False,eventmap
JITECH INDIA PRIVATE LIMITED,H7021,,,,,,,633|634,,,https://expo.semi.org/india2026/Public/eBooth.aspx?IndexInList=247&FromPage=Exhibitors.aspx&ParentBoothID=&ListByBooth=true&BoothID=697483&Nav=False,eventmap
"JMJ Korea Co., Ltd",1324,,,,,,,633|634,,,https://expo.semi.org/india2026/Public/eBooth.aspx?IndexInList=248&FromPage=Exhibitors.aspx&ParentBoothID=&ListByBooth=true&BoothID=700925&Nav=False,eventmap
JSR Electronic Materials Singapore Pte Ltd,H5408,,,,,,,633|634,,,https://expo.semi.org/india2026/Public/eBooth.aspx?IndexInList=249&FromPage=Exhibitors.aspx&ParentBoothID=&ListByBooth=true&BoothID=697154&Nav=False,eventmap
JT Corp.,656,,,,,,,633|634,,,https://expo.semi.org/india2026/Public/eBooth.aspx?IndexInList=250&FromPage=Exhibitors.aspx&ParentBoothID=&ListByBooth=true&BoothID=695648&Nav=False,eventmap
Jubilant Ingrevia Limited,H7223,,,,,,,633|634,,,https://expo.semi.org/india2026/Public/eBooth.aspx?IndexInList=251&FromPage=Exhibitors.aspx&ParentBoothID=&ListByBooth=true&BoothID=697145&Nav=False,eventmap
"Jung Sung Tech Co.,Ltd.",H6324,,,,,,,633|634,,,https://expo.semi.org/india2026/Public/eBooth.aspx?IndexInList=252&FromPage=Exhibitors.aspx&ParentBoothID=&ListByBooth=true&BoothID=697484&Nav=False,eventmap
Kaijo Corporation,H5722,,,,,,,633|634,,,https://expo.semi.org/india2026/Public/eBooth.aspx?IndexInList=253&FromPage=Exhibitors.aspx&ParentBoothID=&ListByBooth=true&BoothID=697122&Nav=False,eventmap
"Kanken Techno Co., Ltd.",1462,,,,,,,633|634,,,https://expo.semi.org/india2026/Public/eBooth.aspx?IndexInList=254&FromPage=Exhibitors.aspx&ParentBoothID=&ListByBooth=true&BoothID=701036&Nav=False,eventmap
"Karnataka Innovation and Technology Society, Government of Karnataka",H6702,,,,,,,633|634,,,https://expo.semi.org/india2026/Public/eBooth.aspx?IndexInList=255&FromPage=Exhibitors.aspx&ParentBoothID=&ListByBooth=true&BoothID=698607&Nav=False,eventmap
Kay International Pvt. Ltd.,H7531,,,,,,,633|634,,,https://expo.semi.org/india2026/Public/eBooth.aspx?IndexInList=256&FromPage=Exhibitors.aspx&ParentBoothID=&ListByBooth=true&BoothID=695499&Nav=False,eventmap
Kaynes Semicon Private Limited,1314,,,,,,,633|634,,,https://expo.semi.org/india2026/Public/eBooth.aspx?IndexInList=257&FromPage=Exhibitors.aspx&ParentBoothID=&ListByBooth=true&BoothID=664527&Nav=False,eventmap
KEYSIGHT TECHNOLOGIES INDIA PRIVATE LIMITED,1578,,,,,,,633|634,,,https://expo.semi.org/india2026/Public/eBooth.aspx?IndexInList=258&FromPage=Exhibitors.aspx&ParentBoothID=&ListByBooth=true&BoothID=693560&Nav=False,eventmap
Khurana & Khurana (K&K),H6029,,,,,,,633|634,,,https://expo.semi.org/india2026/Public/eBooth.aspx?IndexInList=259&FromPage=Exhibitors.aspx&ParentBoothID=&ListByBooth=true&BoothID=693792&Nav=False,eventmap
KIANSH INTERNATIONAL TECHNOLOGIES PVT LTD,H4707,,,,,,,633|634,,,https://expo.semi.org/india2026/Public/eBooth.aspx?IndexInList=260&FromPage=Exhibitors.aspx&ParentBoothID=&ListByBooth=true&BoothID=697478&Nav=False,eventmap
Kinesis Semiconductor Wire Solutions India Pvt Ltd,H4502,,,,,,,633|634,,,https://expo.semi.org/india2026/Public/eBooth.aspx?IndexInList=261&FromPage=Exhibitors.aspx&ParentBoothID=&ListByBooth=true&BoothID=703463&Nav=False,eventmap
KISCO LTD.,1124,,,,,,,633|634,,,https://expo.semi.org/india2026/Public/eBooth.aspx?IndexInList=262&FromPage=Exhibitors.aspx&ParentBoothID=&ListByBooth=true&BoothID=701431&Nav=False,eventmap
KITZ SCT CORPORATION,578,,,,,,,633|634,,,https://expo.semi.org/india2026/Public/eBooth.aspx?IndexInList=263&FromPage=Exhibitors.aspx&ParentBoothID=&ListByBooth=true&BoothID=693545&Nav=False,eventmap
KLA Corporation,101,,,,,,,633|634,,,https://expo.semi.org/india2026/Public/eBooth.aspx?IndexInList=264&FromPage=Exhibitors.aspx&ParentBoothID=&ListByBooth=true&BoothID=664297&Nav=False,eventmap
Kleenclad International Private Limited,H3618,,,,,,,633|634,,,https://expo.semi.org/india2026/Public/eBooth.aspx?IndexInList=265&FromPage=Exhibitors.aspx&ParentBoothID=&ListByBooth=true&BoothID=694658&Nav=False,eventmap
KOCOS,H6928,,,,,,,633|634,,,https://expo.semi.org/india2026/Public/eBooth.aspx?IndexInList=266&FromPage=Exhibitors.aspx&ParentBoothID=&ListByBooth=true&BoothID=694044&Nav=False,eventmap
KOKUSAI ELECTRIC,H7028,,,,,,,633|634,,,https://expo.semi.org/india2026/Public/eBooth.aspx?IndexInList=267&FromPage=Exhibitors.aspx&ParentBoothID=&ListByBooth=true&BoothID=694076&Nav=False,eventmap
Korea Trade-Investment Promotion Agency (KOTRA),1324,,,,,,,633|634,,,https://expo.semi.org/india2026/Public/eBooth.aspx?IndexInList=268&FromPage=Exhibitors.aspx&ParentBoothID=&ListByBooth=true&BoothID=664773&Nav=False,eventmap
KPT Piping System Private Limited,H3114,,,,,,,633|634,,,https://expo.semi.org/india2026/Public/eBooth.aspx?IndexInList=269&FromPage=Exhibitors.aspx&ParentBoothID=&ListByBooth=true&BoothID=701071&Nav=False,eventmap
Krisemi Design Technologies Pvt Ltd,H7335,,,,,,,633|634,,,https://expo.semi.org/india2026/Public/eBooth.aspx?IndexInList=270&FromPage=Exhibitors.aspx&ParentBoothID=&ListByBooth=true&BoothID=697726&Nav=False,eventmap
KRISHNA INTERNATIONAL INSTRUMENTS,H7323,,,,,,,633|634,,,https://expo.semi.org/india2026/Public/eBooth.aspx?IndexInList=271&FromPage=Exhibitors.aspx&ParentBoothID=&ListByBooth=true&BoothID=694167&Nav=False,eventmap
Kuehne + Nagel India,776,,,,,,,633|634,,,https://expo.semi.org/india2026/Public/eBooth.aspx?IndexInList=272&FromPage=Exhibitors.aspx&ParentBoothID=&ListByBooth=true&BoothID=693523&Nav=False,eventmap
Kulicke & Soffa Pte Ltd,670,,,,,,,633|634,,,https://expo.semi.org/india2026/Public/eBooth.aspx?IndexInList=273&FromPage=Exhibitors.aspx&ParentBoothID=&ListByBooth=true&BoothID=665222&Nav=False,eventmap
Kurin Tech Private Limited,H7216,,,,,,,633|634,,,https://expo.semi.org/india2026/Public/eBooth.aspx?IndexInList=274&FromPage=Exhibitors.aspx&ParentBoothID=&ListByBooth=true&BoothID=697197&Nav=False,eventmap
Kyoritsu Electric India Pvt. Ltd.,H7002,,,,,,,633|634,,,https://expo.semi.org/india2026/Public/eBooth.aspx?IndexInList=275&FromPage=Exhibitors.aspx&ParentBoothID=&ListByBooth=true&BoothID=696188&Nav=False,eventmap
L&T Semiconductor technologies,713,,,,,,,633|634,,,https://expo.semi.org/india2026/Public/eBooth.aspx?IndexInList=276&FromPage=Exhibitors.aspx&ParentBoothID=&ListByBooth=true&BoothID=696152&Nav=False,eventmap
Labindia Instruments Pvt. Ltd.,976,,,,,,,633|634,,,https://expo.semi.org/india2026/Public/eBooth.aspx?IndexInList=277&FromPage=Exhibitors.aspx&ParentBoothID=&ListByBooth=true&BoothID=665515&Nav=False,eventmap
Labort Fine Chem Pvt Ltd,H3616,,,,,,,633|634,,,https://expo.semi.org/india2026/Public/eBooth.aspx?IndexInList=278&FromPage=Exhibitors.aspx&ParentBoothID=&ListByBooth=true&BoothID=694655&Nav=False,eventmap
Lam Research India Pvt Ltd,214,,,,,,,633|634,,,https://expo.semi.org/india2026/Public/eBooth.aspx?IndexInList=279&FromPage=Exhibitors.aspx&ParentBoothID=&ListByBooth=true&BoothID=664329&Nav=False,eventmap
"LanceSoft, Inc.",H6933,,,,,,,633|634,,,https://expo.semi.org/india2026/Public/eBooth.aspx?IndexInList=280&FromPage=Exhibitors.aspx&ParentBoothID=&ListByBooth=true&BoothID=694048&Nav=False,eventmap
"Lasertec U.S.A., Inc.",H4917,,,,,,,633|634,,,https://expo.semi.org/india2026/Public/eBooth.aspx?IndexInList=281&FromPage=Exhibitors.aspx&ParentBoothID=&ListByBooth=true&BoothID=697058&Nav=False,eventmap
LeadIC Design,H5416,,,,,,,633|634,,,https://expo.semi.org/india2026/Public/eBooth.aspx?IndexInList=282&FromPage=Exhibitors.aspx&ParentBoothID=&ListByBooth=true&BoothID=693598&Nav=False,eventmap
Leica Microsystems-A Division of DHR Holding India Pvt Ltd,H7508,,,,,,,633|634,,,https://expo.semi.org/india2026/Public/eBooth.aspx?IndexInList=283&FromPage=Exhibitors.aspx&ParentBoothID=&ListByBooth=true&BoothID=697137&Nav=False,eventmap
LightSpeed Photonics,H4323,,,,,,,633|634,,,https://expo.semi.org/india2026/Public/eBooth.aspx?IndexInList=284&FromPage=Exhibitors.aspx&ParentBoothID=&ListByBooth=true&BoothID=694971&Nav=False,eventmap
Linde India,323,,,,,,,633|634,,,https://expo.semi.org/india2026/Public/eBooth.aspx?IndexInList=285&FromPage=Exhibitors.aspx&ParentBoothID=&ListByBooth=true&BoothID=696010&Nav=False,eventmap
Lindstrom India,H4105,,,,,,,633|634,,,https://expo.semi.org/india2026/Public/eBooth.aspx?IndexInList=286&FromPage=Exhibitors.aspx&ParentBoothID=&ListByBooth=true&BoothID=697174&Nav=False,eventmap
LINTEC ADVANCED TECHNOLOGIES (SINGAPORE ) PTE LTD,127,,,,,,,633|634,,,https://expo.semi.org/india2026/Public/eBooth.aspx?IndexInList=287&FromPage=Exhibitors.aspx&ParentBoothID=&ListByBooth=true&BoothID=695627&Nav=False,eventmap
"LINTEC Co., Ltd.",151,,,,,,,633|634,,,https://expo.semi.org/india2026/Public/eBooth.aspx?IndexInList=288&FromPage=Exhibitors.aspx&ParentBoothID=&ListByBooth=true&BoothID=696349&Nav=False,eventmap
LPS Bossard Pvt. Ltd.,H6721,,,,,,,633|634,,,https://expo.semi.org/india2026/Public/eBooth.aspx?IndexInList=289&FromPage=Exhibitors.aspx&ParentBoothID=&ListByBooth=true&BoothID=697284&Nav=False,eventmap
Lucky Deep Cleanroom Pvt. Ltd.,H5905,,,,,,,633|634,,,https://expo.semi.org/india2026/Public/eBooth.aspx?IndexInList=290&FromPage=Exhibitors.aspx&ParentBoothID=&ListByBooth=true&BoothID=696326&Nav=False,eventmap
MacDermid Alpha Electronics Solutions,H6807,,,,,,,633|634,,,https://expo.semi.org/india2026/Public/eBooth.aspx?IndexInList=291&FromPage=Exhibitors.aspx&ParentBoothID=&ListByBooth=true&BoothID=697085&Nav=False,eventmap
Machine House (India) Pvt. Ltd.,H4621,,,,,,,633|634,,,https://expo.semi.org/india2026/Public/eBooth.aspx?IndexInList=292&FromPage=Exhibitors.aspx&ParentBoothID=&ListByBooth=true&BoothID=697396&Nav=False,eventmap
Madhya Pradesh State Electronics Development Corporation (MPSEDC),H3005,,,,,,,633|634,,,https://expo.semi.org/india2026/Public/eBooth.aspx?IndexInList=293&FromPage=Exhibitors.aspx&ParentBoothID=&ListByBooth=true&BoothID=698495&Nav=False,eventmap
Maharashtra Industrial Development Corporation,H3405,,,,,,,633|634,,,https://expo.semi.org/india2026/Public/eBooth.aspx?IndexInList=294&FromPage=Exhibitors.aspx&ParentBoothID=&ListByBooth=true&BoothID=701049&Nav=False,eventmap
Map It,,,,,,,,633|634,,no-portal-listed,,eventmap
MASCOT SYSTEMS PRIVATE LIMITED,H7521,,,,,,,633|634,,,https://expo.semi.org/india2026/Public/eBooth.aspx?IndexInList=295&FromPage=Exhibitors.aspx&ParentBoothID=&ListByBooth=true&BoothID=696671&Nav=False,eventmap
MatterWave Technologies Private Limited,H4511,,,,,,,633|634,,,https://expo.semi.org/india2026/Public/eBooth.aspx?IndexInList=296&FromPage=Exhibitors.aspx&ParentBoothID=&ListByBooth=true&BoothID=698911&Nav=False,eventmap
Maverick Engineering Company,H3021,,,,,,,633|634,,,https://expo.semi.org/india2026/Public/eBooth.aspx?IndexInList=297&FromPage=Exhibitors.aspx&ParentBoothID=&ListByBooth=true&BoothID=697350&Nav=False,eventmap
"Maxell Asia, Ltd",H4308,,,,,,,633|634,,,https://expo.semi.org/india2026/Public/eBooth.aspx?IndexInList=298&FromPage=Exhibitors.aspx&ParentBoothID=&ListByBooth=true&BoothID=697343&Nav=False,eventmap
MAXIM SMT TECHNOLOGIES PVT LTD,1254,,,,,,,633|634,,,https://expo.semi.org/india2026/Public/eBooth.aspx?IndexInList=299&FromPage=Exhibitors.aspx&ParentBoothID=&ListByBooth=true&BoothID=696553&Nav=False,eventmap
MAXVY Technologies Pvt Ltd,H4511,,,,,,,633|634,,,https://expo.semi.org/india2026/Public/eBooth.aspx?IndexInList=300&FromPage=Exhibitors.aspx&ParentBoothID=&ListByBooth=true&BoothID=698535&Nav=False,eventmap
MayAir Singapore Pte. Ltd.,1028,,,,,,,633|634,,,https://expo.semi.org/india2026/Public/eBooth.aspx?IndexInList=301&FromPage=Exhibitors.aspx&ParentBoothID=&ListByBooth=true&BoothID=698113&Nav=False,eventmap
MBit Wireless Pvt. Ltd,H4502,,,,,,,633|634,,,https://expo.semi.org/india2026/Public/eBooth.aspx?IndexInList=302&FromPage=Exhibitors.aspx&ParentBoothID=&ListByBooth=true&BoothID=703461&Nav=False,eventmap
Mechmaark filters india pvt Ltd,H5919,,,,,,,633|634,,,https://expo.semi.org/india2026/Public/eBooth.aspx?IndexInList=303&FromPage=Exhibitors.aspx&ParentBoothID=&ListByBooth=true&BoothID=696634&Nav=False,eventmap
MediaMac Pte Ltd,1139,,,,,,,633|634,,,https://expo.semi.org/india2026/Public/eBooth.aspx?IndexInList=304&FromPage=Exhibitors.aspx&ParentBoothID=&ListByBooth=true&BoothID=698093&Nav=False,eventmap
MEINHARDT EPCM (INDIA) PRIVATE LIMITED,H6531,,,,,,,633|634,,,https://expo.semi.org/india2026/Public/eBooth.aspx?IndexInList=305&FromPage=Exhibitors.aspx&ParentBoothID=&ListByBooth=true&BoothID=696682&Nav=False,eventmap
Mel Systems and Services Limited,1624,,,,,,,633|634,,,https://expo.semi.org/india2026/Public/eBooth.aspx?IndexInList=306&FromPage=Exhibitors.aspx&ParentBoothID=&ListByBooth=true&BoothID=664863&Nav=False,eventmap
Membrane Group India Pvt Ltd,1676,,,,,,,633|634,,,https://expo.semi.org/india2026/Public/eBooth.aspx?IndexInList=307&FromPage=Exhibitors.aspx&ParentBoothID=&ListByBooth=true&BoothID=696561&Nav=False,eventmap
Membrane Solutions Corp.,H6916,,,,,,,633|634,,,https://expo.semi.org/india2026/Public/eBooth.aspx?IndexInList=308&FromPage=Exhibitors.aspx&ParentBoothID=&ListByBooth=true&BoothID=697493&Nav=False,eventmap
"Merck Performance Materials Co., Ltd.",523,,,,,,,633|634,,,https://expo.semi.org/india2026/Public/eBooth.aspx?IndexInList=309&FromPage=Exhibitors.aspx&ParentBoothID=&ListByBooth=true&BoothID=696012&Nav=False,eventmap
Metkorp Equipments Pvt Ltd.,H6336,,,,,,,633|634,,,https://expo.semi.org/india2026/Public/eBooth.aspx?IndexInList=310&FromPage=Exhibitors.aspx&ParentBoothID=&ListByBooth=true&BoothID=697693&Nav=False,eventmap
Mettler-Toledo India Pvt. Ltd,H3409,,,,,,,633|634,,,https://expo.semi.org/india2026/Public/eBooth.aspx?IndexInList=311&FromPage=Exhibitors.aspx&ParentBoothID=&ListByBooth=true&BoothID=701050&Nav=False,eventmap
Mi Equipment Pte. Ltd.,1027,,,,,,,633|634,,,https://expo.semi.org/india2026/Public/eBooth.aspx?IndexInList=312&FromPage=Exhibitors.aspx&ParentBoothID=&ListByBooth=true&BoothID=698121&Nav=False,eventmap
Micro Engineering Inc.,H4716,,,,,,,633|634,,,https://expo.semi.org/india2026/Public/eBooth.aspx?IndexInList=313&FromPage=Exhibitors.aspx&ParentBoothID=&ListByBooth=true&BoothID=697119&Nav=False,eventmap
Micro Epsilon India Private Limited,H4916,,,,,,,633|634,,,https://expo.semi.org/india2026/Public/eBooth.aspx?IndexInList=314&FromPage=Exhibitors.aspx&ParentBoothID=&ListByBooth=true&BoothID=695227&Nav=False,eventmap
Micron Technology Operations India LLP,1001,,,,,,,633|634,,,https://expo.semi.org/india2026/Public/eBooth.aspx?IndexInList=315&FromPage=Exhibitors.aspx&ParentBoothID=&ListByBooth=true&BoothID=664459&Nav=False,eventmap
Mihama India Pvt Ltd,H5916,,,,,,,633|634,,,https://expo.semi.org/india2026/Public/eBooth.aspx?IndexInList=316&FromPage=Exhibitors.aspx&ParentBoothID=&ListByBooth=true&BoothID=696633&Nav=False,eventmap
Millice PTE LTD,1042,,,,,,,633|634,,,https://expo.semi.org/india2026/Public/eBooth.aspx?IndexInList=317&FromPage=Exhibitors.aspx&ParentBoothID=&ListByBooth=true&BoothID=698099&Nav=False,eventmap
Mindgrove Technologies,H3724,,,,,,,633|634,,,https://expo.semi.org/india2026/Public/eBooth.aspx?IndexInList=318&FromPage=Exhibitors.aspx&ParentBoothID=&ListByBooth=true&BoothID=694707&Nav=False,eventmap
Mindox Techno Pte. Ltd.,1134,,,,,,,633|634,,,https://expo.semi.org/india2026/Public/eBooth.aspx?IndexInList=319&FromPage=Exhibitors.aspx&ParentBoothID=&ListByBooth=true&BoothID=698106&Nav=False,eventmap
Mirafra Software Technologies Pvt. Ltd.,H5731,,,,,,,633|634,,,https://expo.semi.org/india2026/Public/eBooth.aspx?IndexInList=320&FromPage=Exhibitors.aspx&ParentBoothID=&ListByBooth=true&BoothID=696679&Nav=False,eventmap
Misumi India Private Limited,H6205,,,,,,,633|634,,,https://expo.semi.org/india2026/Public/eBooth.aspx?IndexInList=321&FromPage=Exhibitors.aspx&ParentBoothID=&ListByBooth=true&BoothID=701213&Nav=False,eventmap
Mitsui Chemicals India Pvt. Ltd.,372,,,,,,,633|634,,,https://expo.semi.org/india2026/Public/eBooth.aspx?IndexInList=322&FromPage=Exhibitors.aspx&ParentBoothID=&ListByBooth=true&BoothID=696075&Nav=False,eventmap
Mitutoyo South Asia Private Limited,1456,,,,,,,633|634,,,https://expo.semi.org/india2026/Public/eBooth.aspx?IndexInList=323&FromPage=Exhibitors.aspx&ParentBoothID=&ListByBooth=true&BoothID=696056&Nav=False,eventmap
Modutek Corporation,H4014,,,,,,,633|634,,,https://expo.semi.org/india2026/Public/eBooth.aspx?IndexInList=324&FromPage=Exhibitors.aspx&ParentBoothID=&ListByBooth=true&BoothID=696670&Nav=False,eventmap
Morimura Brothers Trading India Pvt Ltd,H5914,,,,,,,633|634,,,https://expo.semi.org/india2026/Public/eBooth.aspx?IndexInList=325&FromPage=Exhibitors.aspx&ParentBoothID=&ListByBooth=true&BoothID=696267&Nav=False,eventmap
Morphing Machines Private Limited,H3122,,,,,,,633|634,,,https://expo.semi.org/india2026/Public/eBooth.aspx?IndexInList=326&FromPage=Exhibitors.aspx&ParentBoothID=&ListByBooth=true&BoothID=697209&Nav=False,eventmap
MOSCHIP,H5316,,,,,,,633|634,,,https://expo.semi.org/india2026/Public/eBooth.aspx?IndexInList=327&FromPage=Exhibitors.aspx&ParentBoothID=&ListByBooth=true&BoothID=695404&Nav=False,eventmap
MTU India Private Limited,H6211,,,,,,,633|634,,,https://expo.semi.org/india2026/Public/eBooth.aspx?IndexInList=328&FromPage=Exhibitors.aspx&ParentBoothID=&ListByBooth=true&BoothID=696614&Nav=False,eventmap
Multi Nano Sense Technologies Private Limited,H4511,,,,,,,633|634,,,https://expo.semi.org/india2026/Public/eBooth.aspx?IndexInList=329&FromPage=Exhibitors.aspx&ParentBoothID=&ListByBooth=true&BoothID=698534&Nav=False,eventmap
MumbaiSemi,H4511,,,,,,,633|634,,,https://expo.semi.org/india2026/Public/eBooth.aspx?IndexInList=330&FromPage=Exhibitors.aspx&ParentBoothID=&ListByBooth=true&BoothID=698910&Nav=False,eventmap
My Exhibitors,,,,,,,,633|634,,no-portal-listed,,eventmap
MyCAE India Pvt Ltd,H3624,,,,,,,633|634,,,https://expo.semi.org/india2026/Public/eBooth.aspx?IndexInList=331&FromPage=Exhibitors.aspx&ParentBoothID=&ListByBooth=true&BoothID=694663&Nav=False,eventmap
Nagase India pvt ltd,H5702,,,,,,,633|634,,,https://expo.semi.org/india2026/Public/eBooth.aspx?IndexInList=332&FromPage=Exhibitors.aspx&ParentBoothID=&ListByBooth=true&BoothID=695466&Nav=False,eventmap
Nano Clean Technologies,H7528,,,,,,,633|634,,,https://expo.semi.org/india2026/Public/eBooth.aspx?IndexInList=333&FromPage=Exhibitors.aspx&ParentBoothID=&ListByBooth=true&BoothID=696690&Nav=False,eventmap
"Nanoscale Research Facility, IIT Delhi",H4522,,,,,,,633|634,,,https://expo.semi.org/india2026/Public/eBooth.aspx?IndexInList=334&FromPage=Exhibitors.aspx&ParentBoothID=&ListByBooth=true&BoothID=697470&Nav=False,eventmap
Nasscom,H3413,,,,,,,633|634,,,https://expo.semi.org/india2026/Public/eBooth.aspx?IndexInList=335&FromPage=Exhibitors.aspx&ParentBoothID=&ListByBooth=true&BoothID=700948&Nav=False,eventmap
National Institute of Technical Teachers Training and Research,H6028,,,,,,,633|634,,,https://expo.semi.org/india2026/Public/eBooth.aspx?IndexInList=336&FromPage=Exhibitors.aspx&ParentBoothID=&ListByBooth=true&BoothID=697304&Nav=False,eventmap
Navin Fluorine International Limited,H6923,,,,,,,633|634,,,https://expo.semi.org/india2026/Public/eBooth.aspx?IndexInList=337&FromPage=Exhibitors.aspx&ParentBoothID=&ListByBooth=true&BoothID=694039&Nav=False,eventmap
NeevSemi India Private limited,H4511,,,,,,,633|634,,,https://expo.semi.org/india2026/Public/eBooth.aspx?IndexInList=338&FromPage=Exhibitors.aspx&ParentBoothID=&ListByBooth=true&BoothID=701443&Nav=False,eventmap
Netherlands Pavilion,923,,,,,,,633|634,,,https://expo.semi.org/india2026/Public/eBooth.aspx?IndexInList=339&FromPage=Exhibitors.aspx&ParentBoothID=&ListByBooth=true&BoothID=664638&Nav=False,eventmap
Netrasemi Private Limited,718,,,,,,,633|634,,,https://expo.semi.org/india2026/Public/eBooth.aspx?IndexInList=340&FromPage=Exhibitors.aspx&ParentBoothID=&ListByBooth=true&BoothID=703525&Nav=False,eventmap
NETWEB TECHNOLOGIES INDIA LIMITED,H6936,,,,,,,633|634,,,https://expo.semi.org/india2026/Public/eBooth.aspx?IndexInList=341&FromPage=Exhibitors.aspx&ParentBoothID=&ListByBooth=true&BoothID=697697&Nav=False,eventmap
NEW AGE INSUTRUMENTS AND MATERIALS PRIVATE LIMITED,H7633,,,,,,,633|634,,,https://expo.semi.org/india2026/Public/eBooth.aspx?IndexInList=342&FromPage=Exhibitors.aspx&ParentBoothID=&ListByBooth=true&BoothID=694272&Nav=False,eventmap
NEXGEN POWER,1324,,,,,,,633|634,,,https://expo.semi.org/india2026/Public/eBooth.aspx?IndexInList=343&FromPage=Exhibitors.aspx&ParentBoothID=&ListByBooth=true&BoothID=700927&Nav=False,eventmap
"NHK Spring Co., Ltd.",956,,,,,,,633|634,,,https://expo.semi.org/india2026/Public/eBooth.aspx?IndexInList=344&FromPage=Exhibitors.aspx&ParentBoothID=&ListByBooth=true&BoothID=665269&Nav=False,eventmap
Nicomac Taikisha Cleanrooms Pvt. Ltd,266,,,,,,,633|634,,,https://expo.semi.org/india2026/Public/eBooth.aspx?IndexInList=345&FromPage=Exhibitors.aspx&ParentBoothID=&ListByBooth=true&BoothID=696070&Nav=False,eventmap
NIDEC ADVANCE TECHNOLOGY CORPORATION,H4305,,,,,,,633|634,,,https://expo.semi.org/india2026/Public/eBooth.aspx?IndexInList=346&FromPage=Exhibitors.aspx&ParentBoothID=&ListByBooth=true&BoothID=697335&Nav=False,eventmap
NIPPON EXPRESS (SOUTH ASIA & OCEANIA) PTE. LTD.,423,,,,,,,633|634,,,https://expo.semi.org/india2026/Public/eBooth.aspx?IndexInList=347&FromPage=Exhibitors.aspx&ParentBoothID=&ListByBooth=true&BoothID=696321&Nav=False,eventmap
Nippon Fusso India Pvt. Ltd.,H4108,,,,,,,633|634,,,https://expo.semi.org/india2026/Public/eBooth.aspx?IndexInList=348&FromPage=Exhibitors.aspx&ParentBoothID=&ListByBooth=true&BoothID=696420&Nav=False,eventmap
NIPPON SANSO INDIA PRIVATE LIMITED,1468,,,,,,,633|634,,,https://expo.semi.org/india2026/Public/eBooth.aspx?IndexInList=349&FromPage=Exhibitors.aspx&ParentBoothID=&ListByBooth=true&BoothID=665366&Nav=False,eventmap
"NIPPON THOMPSON CO., LTD.",356,,,,,,,633|634,,,https://expo.semi.org/india2026/Public/eBooth.aspx?IndexInList=350&FromPage=Exhibitors.aspx&ParentBoothID=&ListByBooth=true&BoothID=665163&Nav=False,eventmap
NISSEI CORPORATION,H5614,,,,,,,633|634,,,https://expo.semi.org/india2026/Public/eBooth.aspx?IndexInList=351&FromPage=Exhibitors.aspx&ParentBoothID=&ListByBooth=true&BoothID=696370&Nav=False,eventmap
Nitta Corporation India Pvt Ltd,576,,,,,,,633|634,,,https://expo.semi.org/india2026/Public/eBooth.aspx?IndexInList=352&FromPage=Exhibitors.aspx&ParentBoothID=&ListByBooth=true&BoothID=693544&Nav=False,eventmap
Nitto Denko India Pvt Ltd,566,,,,,,,633|634,,,https://expo.semi.org/india2026/Public/eBooth.aspx?IndexInList=353&FromPage=Exhibitors.aspx&ParentBoothID=&ListByBooth=true&BoothID=665204&Nav=False,eventmap
NITTO KOHKI India Pvt Ltd,H4623,,,,,,,633|634,,,https://expo.semi.org/india2026/Public/eBooth.aspx?IndexInList=354&FromPage=Exhibitors.aspx&ParentBoothID=&ListByBooth=true&BoothID=697397&Nav=False,eventmap
NMTronics India Pvt. Limited,1546,,,,,,,633|634,,,https://expo.semi.org/india2026/Public/eBooth.aspx?IndexInList=355&FromPage=Exhibitors.aspx&ParentBoothID=&ListByBooth=true&BoothID=664844&Nav=False,eventmap
NSW Automation Sdn Bhd,1428,,,,,,,633|634,,,https://expo.semi.org/india2026/Public/eBooth.aspx?IndexInList=356&FromPage=Exhibitors.aspx&ParentBoothID=&ListByBooth=true&BoothID=698141&Nav=False,eventmap
Numelo Technologies,H4511,,,,,,,633|634,,,https://expo.semi.org/india2026/Public/eBooth.aspx?IndexInList=357&FromPage=Exhibitors.aspx&ParentBoothID=&ListByBooth=true&BoothID=698912&Nav=False,eventmap
NYXSES INDIA PRIVATE LIMITED,H4511,,,,,,,633|634,,,https://expo.semi.org/india2026/Public/eBooth.aspx?IndexInList=358&FromPage=Exhibitors.aspx&ParentBoothID=&ListByBooth=true&BoothID=698539&Nav=False,eventmap
Ohara Optical (M) Sdn Bhd,H4819,,,,,,,633|634,,,https://expo.semi.org/india2026/Public/eBooth.aspx?IndexInList=359&FromPage=Exhibitors.aspx&ParentBoothID=&ListByBooth=true&BoothID=697059&Nav=False,eventmap
OKAMOTO INDIA PRIVATE LIMITED,H5733,,,,,,,633|634,,,https://expo.semi.org/india2026/Public/eBooth.aspx?IndexInList=360&FromPage=Exhibitors.aspx&ParentBoothID=&ListByBooth=true&BoothID=696680&Nav=False,eventmap
OKAYA & CO. INDIA PRIVATE LIMITED,H6918,,,,,,,633|634,,,https://expo.semi.org/india2026/Public/eBooth.aspx?IndexInList=361&FromPage=Exhibitors.aspx&ParentBoothID=&ListByBooth=true&BoothID=697338&Nav=False,eventmap
"Okins Electronics Co., Ltd",H4923,,,,,,,633|634,,,https://expo.semi.org/india2026/Public/eBooth.aspx?IndexInList=362&FromPage=Exhibitors.aspx&ParentBoothID=&ListByBooth=true&BoothID=695234&Nav=False,eventmap
Om Logistics Supply Chain Private Limited India,H6128,,,,,,,633|634,,,https://expo.semi.org/india2026/Public/eBooth.aspx?IndexInList=363&FromPage=Exhibitors.aspx&ParentBoothID=&ListByBooth=true&BoothID=697308&Nav=False,eventmap
OneSystems Technologies Pte. Ltd.,1138,,,,,,,633|634,,,https://expo.semi.org/india2026/Public/eBooth.aspx?IndexInList=364&FromPage=Exhibitors.aspx&ParentBoothID=&ListByBooth=true&BoothID=698107&Nav=False,eventmap
Onto Innovation,1170,,,,,,,633|634,,,https://expo.semi.org/india2026/Public/eBooth.aspx?IndexInList=365&FromPage=Exhibitors.aspx&ParentBoothID=&ListByBooth=true&BoothID=665312&Nav=False,eventmap
Onyx Robotic and Automation Pvt Ltd,H6016,,,,,,,633|634,,,https://expo.semi.org/india2026/Public/eBooth.aspx?IndexInList=366&FromPage=Exhibitors.aspx&ParentBoothID=&ListByBooth=true&BoothID=696637&Nav=False,eventmap
Oriental Motor (India) Private Limited India,H4202,,,,,,,633|634,,,https://expo.semi.org/india2026/Public/eBooth.aspx?IndexInList=367&FromPage=Exhibitors.aspx&ParentBoothID=&ListByBooth=true&BoothID=696180&Nav=False,eventmap
ORISSA COMPUTER APPLICATION CENTRE,346,,,,,,,633|634,,,https://expo.semi.org/india2026/Public/eBooth.aspx?IndexInList=368&FromPage=Exhibitors.aspx&ParentBoothID=&ListByBooth=true&BoothID=683666&Nav=False,eventmap
Oxford Instruments INDIA Pvt. Ltd.,H6621,,,,,,,633|634,,,https://expo.semi.org/india2026/Public/eBooth.aspx?IndexInList=369&FromPage=Exhibitors.aspx&ParentBoothID=&ListByBooth=true&BoothID=697280&Nav=False,eventmap
PADMINI INNOVATIVE MARKETING SOLUTIONS PVT.LTD,H6433,,,,,,,633|634,,,https://expo.semi.org/india2026/Public/eBooth.aspx?IndexInList=370&FromPage=Exhibitors.aspx&ParentBoothID=&ListByBooth=true&BoothID=693888&Nav=False,eventmap
Panam Engineers Limited,371,,,,,,,633|634,,,https://expo.semi.org/india2026/Public/eBooth.aspx?IndexInList=371&FromPage=Exhibitors.aspx&ParentBoothID=&ListByBooth=true&BoothID=698599&Nav=False,eventmap
Pandit Deendayal Energy University Gandhinagar,H4221,,,,,,,633|634,,,https://expo.semi.org/india2026/Public/eBooth.aspx?IndexInList=372&FromPage=Exhibitors.aspx&ParentBoothID=&ListByBooth=true&BoothID=701800&Nav=False,eventmap
Park Systems India Pvt Ltd,969,,,,,,,633|634,,,https://expo.semi.org/india2026/Public/eBooth.aspx?IndexInList=373&FromPage=Exhibitors.aspx&ParentBoothID=&ListByBooth=true&BoothID=665267&Nav=False,eventmap
Parker Hannifin India Pvt Ltd,H6613,,,,,,,633|634,,,https://expo.semi.org/india2026/Public/eBooth.aspx?IndexInList=374&FromPage=Exhibitors.aspx&ParentBoothID=&ListByBooth=true&BoothID=696344&Nav=False,eventmap
PEMTRON Corporation,466,,,,,,,633|634,,,https://expo.semi.org/india2026/Public/eBooth.aspx?IndexInList=375&FromPage=Exhibitors.aspx&ParentBoothID=&ListByBooth=true&BoothID=696161&Nav=False,eventmap
Pfeiffer Vacuum (India) Private Limited,945,,,,,,,633|634,,,https://expo.semi.org/india2026/Public/eBooth.aspx?IndexInList=376&FromPage=Exhibitors.aspx&ParentBoothID=&ListByBooth=true&BoothID=664649&Nav=False,eventmap
Picotech Solutions Pte Ltd,1024,,,,,,,633|634,,,https://expo.semi.org/india2026/Public/eBooth.aspx?IndexInList=377&FromPage=Exhibitors.aspx&ParentBoothID=&ListByBooth=true&BoothID=698111&Nav=False,eventmap
PILLAR Corporation,175,,,,,,,633|634,,,https://expo.semi.org/india2026/Public/eBooth.aspx?IndexInList=378&FromPage=Exhibitors.aspx&ParentBoothID=&ListByBooth=true&BoothID=693527&Nav=False,eventmap
Plug and Play Kyoto / Kyoto City,H7535,,,,,,,633|634,,,https://expo.semi.org/india2026/Public/eBooth.aspx?IndexInList=379&FromPage=Exhibitors.aspx&ParentBoothID=&ListByBooth=true&BoothID=697727&Nav=False,eventmap
Pophen Technology India Pvt Ltd,H3605,,,,,,,633|634,,,https://expo.semi.org/india2026/Public/eBooth.aspx?IndexInList=380&FromPage=Exhibitors.aspx&ParentBoothID=&ListByBooth=true&BoothID=696470&Nav=False,eventmap
Power Cube Semi,1324,,,,,,,633|634,,,https://expo.semi.org/india2026/Public/eBooth.aspx?IndexInList=381&FromPage=Exhibitors.aspx&ParentBoothID=&ListByBooth=true&BoothID=700924&Nav=False,eventmap
Praj HiPurity Systems Ltd,H6424,,,,,,,633|634,,,https://expo.semi.org/india2026/Public/eBooth.aspx?IndexInList=382&FromPage=Exhibitors.aspx&ParentBoothID=&ListByBooth=true&BoothID=697485&Nav=False,eventmap
Prama Instruments Pvt Ltd,H7523,,,,,,,633|634,,,https://expo.semi.org/india2026/Public/eBooth.aspx?IndexInList=383&FromPage=Exhibitors.aspx&ParentBoothID=&ListByBooth=true&BoothID=696673&Nav=False,eventmap
Primionics Pvt. Ltd.,H4524,,,,,,,633|634,,,https://expo.semi.org/india2026/Public/eBooth.aspx?IndexInList=384&FromPage=Exhibitors.aspx&ParentBoothID=&ListByBooth=true&BoothID=695060&Nav=False,eventmap
Ptw Semiconductor India Private Limited,H4502,,,,,,,633|634,,,https://expo.semi.org/india2026/Public/eBooth.aspx?IndexInList=385&FromPage=Exhibitors.aspx&ParentBoothID=&ListByBooth=true&BoothID=703460&Nav=False,eventmap
PURITECH NOIDA PVT LTD,770,,,,,,,633|634,,,https://expo.semi.org/india2026/Public/eBooth.aspx?IndexInList=386&FromPage=Exhibitors.aspx&ParentBoothID=&ListByBooth=true&BoothID=665240&Nav=False,eventmap
PVA TePla AG,676,,,,,,,633|634,,,https://expo.semi.org/india2026/Public/eBooth.aspx?IndexInList=387&FromPage=Exhibitors.aspx&ParentBoothID=&ListByBooth=true&BoothID=693548&Nav=False,eventmap
QES MECHATRONIC SDN BHD,1424,,,,,,,633|634,,,https://expo.semi.org/india2026/Public/eBooth.aspx?IndexInList=388&FromPage=Exhibitors.aspx&ParentBoothID=&ListByBooth=true&BoothID=698139&Nav=False,eventmap
Quantel Global Pte Ltd,1033,,,,,,,633|634,,,https://expo.semi.org/india2026/Public/eBooth.aspx?IndexInList=389&FromPage=Exhibitors.aspx&ParentBoothID=&ListByBooth=true&BoothID=698081&Nav=False,eventmap
QVI India Private Limited,H6626,,,,,,,633|634,,,https://expo.semi.org/india2026/Public/eBooth.aspx?IndexInList=390&FromPage=Exhibitors.aspx&ParentBoothID=&ListByBooth=true&BoothID=697285&Nav=False,eventmap
Raana Semiconductors Pvt Ltd,H6024,,,,,,,633|634,,,https://expo.semi.org/india2026/Public/eBooth.aspx?IndexInList=391&FromPage=Exhibitors.aspx&ParentBoothID=&ListByBooth=true&BoothID=693787&Nav=False,eventmap
RAHUL FERROMET & ENGINEERING PVT. LTD.,H7318,,,,,,,633|634,,,https://expo.semi.org/india2026/Public/eBooth.aspx?IndexInList=392&FromPage=Exhibitors.aspx&ParentBoothID=&ListByBooth=true&BoothID=697202&Nav=False,eventmap
RAJASTHAN METAL SMELTING CO.,H6328,,,,,,,633|634,,,https://expo.semi.org/india2026/Public/eBooth.aspx?IndexInList=393&FromPage=Exhibitors.aspx&ParentBoothID=&ListByBooth=true&BoothID=693852&Nav=False,eventmap
Ramaiah Academy Foundation,H7623,,,,,,,633|634,,,https://expo.semi.org/india2026/Public/eBooth.aspx?IndexInList=394&FromPage=Exhibitors.aspx&ParentBoothID=&ListByBooth=true&BoothID=696676&Nav=False,eventmap
Rapid Global Business Solution (I) Pvt Ltd.,470,,,,,,,633|634,,,https://expo.semi.org/india2026/Public/eBooth.aspx?IndexInList=395&FromPage=Exhibitors.aspx&ParentBoothID=&ListByBooth=true&BoothID=696162&Nav=False,eventmap
Raychemrpg,H6326,,,,,,,633|634,,,https://expo.semi.org/india2026/Public/eBooth.aspx?IndexInList=396&FromPage=Exhibitors.aspx&ParentBoothID=&ListByBooth=true&BoothID=693850&Nav=False,eventmap
Rayvector Technologies Pvt Ltd,H4111,,,,,,,633|634,,,https://expo.semi.org/india2026/Public/eBooth.aspx?IndexInList=397&FromPage=Exhibitors.aspx&ParentBoothID=&ListByBooth=true&BoothID=696665&Nav=False,eventmap
RCMPA POLISHING TECH PVT LTD,H3717,,,,,,,633|634,,,https://expo.semi.org/india2026/Public/eBooth.aspx?IndexInList=398&FromPage=Exhibitors.aspx&ParentBoothID=&ListByBooth=true&BoothID=694700&Nav=False,eventmap
Reserved,,,,,,,,633|634,,no-portal-listed,,eventmap
Resonac Corporation,1562,,,,,,,633|634,,,https://expo.semi.org/india2026/Public/eBooth.aspx?IndexInList=399&FromPage=Exhibitors.aspx&ParentBoothID=&ListByBooth=true&BoothID=696063&Nav=False,eventmap
Rieco Industries Ltd,H4821,,,,,,,633|634,,,https://expo.semi.org/india2026/Public/eBooth.aspx?IndexInList=400&FromPage=Exhibitors.aspx&ParentBoothID=&ListByBooth=true&BoothID=695188&Nav=False,eventmap
"RIKEN KEIKI Co., Ltd.",172,,,,,,,633|634,,,https://expo.semi.org/india2026/Public/eBooth.aspx?IndexInList=401&FromPage=Exhibitors.aspx&ParentBoothID=&ListByBooth=true&BoothID=696067&Nav=False,eventmap
RIR Power Electronics Limited,H6805,,,,,,,633|634,,,https://expo.semi.org/india2026/Public/eBooth.aspx?IndexInList=402&FromPage=Exhibitors.aspx&ParentBoothID=&ListByBooth=true&BoothID=697082&Nav=False,eventmap
RMM and ASSOCIATES,H4624,,,,,,,633|634,,,https://expo.semi.org/india2026/Public/eBooth.aspx?IndexInList=403&FromPage=Exhibitors.aspx&ParentBoothID=&ListByBooth=true&BoothID=695103&Nav=False,eventmap
ROECHLING INDUSTRIAL INDIA PRIVATE LIMITED,H6421,,,,,,,633|634,,,https://expo.semi.org/india2026/Public/eBooth.aspx?IndexInList=404&FromPage=Exhibitors.aspx&ParentBoothID=&ListByBooth=true&BoothID=697481&Nav=False,eventmap
ROKKO Systems Pte Ltd,1233,,,,,,,633|634,,,https://expo.semi.org/india2026/Public/eBooth.aspx?IndexInList=405&FromPage=Exhibitors.aspx&ParentBoothID=&ListByBooth=true&BoothID=698101&Nav=False,eventmap
"ROOTS CO., LTD",H7221,,,,,,,633|634,,,https://expo.semi.org/india2026/Public/eBooth.aspx?IndexInList=406&FromPage=Exhibitors.aspx&ParentBoothID=&ListByBooth=true&BoothID=697146&Nav=False,eventmap
ROTAREX,870,,,,,,,633|634,,,https://expo.semi.org/india2026/Public/eBooth.aspx?IndexInList=407&FromPage=Exhibitors.aspx&ParentBoothID=&ListByBooth=true&BoothID=665258&Nav=False,eventmap
Roxtec India Pvt. Ltd.,H6126,,,,,,,633|634,,,https://expo.semi.org/india2026/Public/eBooth.aspx?IndexInList=408&FromPage=Exhibitors.aspx&ParentBoothID=&ListByBooth=true&BoothID=697307&Nav=False,eventmap
Sagar Speciality Chemicals Private Limited,H3018,,,,,,,633|634,,,https://expo.semi.org/india2026/Public/eBooth.aspx?IndexInList=409&FromPage=Exhibitors.aspx&ParentBoothID=&ListByBooth=true&BoothID=694393&Nav=False,eventmap
Sahasra Semiconductor Private Limited,753,,,,,,,633|634,,,https://expo.semi.org/india2026/Public/eBooth.aspx?IndexInList=410&FromPage=Exhibitors.aspx&ParentBoothID=&ListByBooth=true&BoothID=697557&Nav=False,eventmap
Sainor labs,H5822,,,,,,,633|634,,,https://expo.semi.org/india2026/Public/eBooth.aspx?IndexInList=411&FromPage=Exhibitors.aspx&ParentBoothID=&ListByBooth=true&BoothID=697125&Nav=False,eventmap
SAM PRODUCTS PVT LTD,H7319,,,,,,,633|634,,,https://expo.semi.org/india2026/Public/eBooth.aspx?IndexInList=412&FromPage=Exhibitors.aspx&ParentBoothID=&ListByBooth=true&BoothID=697203&Nav=False,eventmap
SAM Technologies,H4307,,,,,,,633|634,,,https://expo.semi.org/india2026/Public/eBooth.aspx?IndexInList=413&FromPage=Exhibitors.aspx&ParentBoothID=&ListByBooth=true&BoothID=697336&Nav=False,eventmap
Samco Inc.,1576,,,,,,,633|634,,,https://expo.semi.org/india2026/Public/eBooth.aspx?IndexInList=414&FromPage=Exhibitors.aspx&ParentBoothID=&ListByBooth=true&BoothID=693559&Nav=False,eventmap
"Samil Tech Co., LTD.",778,,,,,,,633|634,,,https://expo.semi.org/india2026/Public/eBooth.aspx?IndexInList=415&FromPage=Exhibitors.aspx&ParentBoothID=&ListByBooth=true&BoothID=693553&Nav=False,eventmap
Sams Advanced Climatic Technologies Pvt. Ltd,H5826,,,,,,,633|634,,,https://expo.semi.org/india2026/Public/eBooth.aspx?IndexInList=416&FromPage=Exhibitors.aspx&ParentBoothID=&ListByBooth=true&BoothID=693763&Nav=False,eventmap
Sandisk India Device Design Centre Private Limited,1145,,,,,,,633|634,,,https://expo.semi.org/india2026/Public/eBooth.aspx?IndexInList=417&FromPage=Exhibitors.aspx&ParentBoothID=&ListByBooth=true&BoothID=664709&Nav=False,eventmap
Sangir Plastics Private Limited,H3016,,,,,,,633|634,,,https://expo.semi.org/india2026/Public/eBooth.aspx?IndexInList=418&FromPage=Exhibitors.aspx&ParentBoothID=&ListByBooth=true&BoothID=694391&Nav=False,eventmap
Sartorius India Pvt. Ltd.,H4807,,,,,,,633|634,,,https://expo.semi.org/india2026/Public/eBooth.aspx?IndexInList=419&FromPage=Exhibitors.aspx&ParentBoothID=&ListByBooth=true&BoothID=697479&Nav=False,eventmap
SARVTEK,H4817 / H4511,,,,,,,633|634,,,https://expo.semi.org/india2026/Public/eBooth.aspx?IndexInList=420&FromPage=Exhibitors.aspx&ParentBoothID=&ListByBooth=true&BoothID=695185&Nav=False,eventmap
SASTRA Deemed University,H7635,,,,,,,633|634,,,https://expo.semi.org/india2026/Public/eBooth.aspx?IndexInList=422&FromPage=Exhibitors.aspx&ParentBoothID=&ListByBooth=true&BoothID=697728&Nav=False,eventmap
Sawant Process Solutions Private Limited,H4822,,,,,,,633|634,,,https://expo.semi.org/india2026/Public/eBooth.aspx?IndexInList=423&FromPage=Exhibitors.aspx&ParentBoothID=&ListByBooth=true&BoothID=695189&Nav=False,eventmap
SB TECH Corporation,262,,,,,,,633|634,,,https://expo.semi.org/india2026/Public/eBooth.aspx?IndexInList=424&FromPage=Exhibitors.aspx&ParentBoothID=&ListByBooth=true&BoothID=696301&Nav=False,eventmap
Schneeberger India Pvt. Ltd,1668,,,,,,,633|634,,,https://expo.semi.org/india2026/Public/eBooth.aspx?IndexInList=425&FromPage=Exhibitors.aspx&ParentBoothID=&ListByBooth=true&BoothID=665402&Nav=False,eventmap
Scientific Research Instruments Company Pvt Ltd,H7013,,,,,,,633|634,,,https://expo.semi.org/india2026/Public/eBooth.aspx?IndexInList=426&FromPage=Exhibitors.aspx&ParentBoothID=&ListByBooth=true&BoothID=696441&Nav=False,eventmap
SCREEN SPE Singapore Pte. Ltd.,334,,,,,,,633|634,,,https://expo.semi.org/india2026/Public/eBooth.aspx?IndexInList=427&FromPage=Exhibitors.aspx&ParentBoothID=&ListByBooth=true&BoothID=664956&Nav=False,eventmap
Search Result,,,,,,,,633|634,,no-portal-listed,,eventmap
SEBA Inc.,H5721,,,,,,,633|634,,,https://expo.semi.org/india2026/Public/eBooth.aspx?IndexInList=428&FromPage=Exhibitors.aspx&ParentBoothID=&ListByBooth=true&BoothID=697123&Nav=False,eventmap
SEICO HI-PURITY TUBES PVT. LTD.,H7219,,,,,,,633|634,,,https://expo.semi.org/india2026/Public/eBooth.aspx?IndexInList=429&FromPage=Exhibitors.aspx&ParentBoothID=&ListByBooth=true&BoothID=697199&Nav=False,eventmap
SEMI Booth,H5248,,,,,,,633|634,,,https://expo.semi.org/india2026/Public/eBooth.aspx?IndexInList=430&FromPage=Exhibitors.aspx&ParentBoothID=&ListByBooth=true&BoothID=697730&Nav=False,eventmap
Semi-Conductor Laboratory,H3602,,,,,,,633|634,,,https://expo.semi.org/india2026/Public/eBooth.aspx?IndexInList=433&FromPage=Exhibitors.aspx&ParentBoothID=&ListByBooth=true&BoothID=697781&Nav=False,eventmap
SEMICON FAB TECHNOLOGIES PRIVATE LIMITED,H4511,,,,,,,633|634,,,https://expo.semi.org/india2026/Public/eBooth.aspx?IndexInList=431&FromPage=Exhibitors.aspx&ParentBoothID=&ListByBooth=true&BoothID=698540&Nav=False,eventmap
Semicon Speciality Gases Pvt Ltd,H7326,,,,,,,633|634,,,https://expo.semi.org/india2026/Public/eBooth.aspx?IndexInList=432&FromPage=Exhibitors.aspx&ParentBoothID=&ListByBooth=true&BoothID=694171&Nav=False,eventmap
SEMICONMART TECHNOLOGY PRIVATE LIMITED,H5318,,,,,,,633|634,,,https://expo.semi.org/india2026/Public/eBooth.aspx?IndexInList=434&FromPage=Exhibitors.aspx&ParentBoothID=&ListByBooth=true&BoothID=695406&Nav=False,eventmap
Semics Inc.,H5821,,,,,,,633|634,,,https://expo.semi.org/india2026/Public/eBooth.aspx?IndexInList=435&FromPage=Exhibitors.aspx&ParentBoothID=&ListByBooth=true&BoothID=697124&Nav=False,eventmap
SEMITRONIX SOLUTIONS LLP,H7333,,,,,,,633|634,,,https://expo.semi.org/india2026/Public/eBooth.aspx?IndexInList=436&FromPage=Exhibitors.aspx&ParentBoothID=&ListByBooth=true&BoothID=694176&Nav=False,eventmap
Sensesemi Technologies Pvt Ltd,H4511,,,,,,,633|634,,,https://expo.semi.org/india2026/Public/eBooth.aspx?IndexInList=437&FromPage=Exhibitors.aspx&ParentBoothID=&ListByBooth=true&BoothID=698686&Nav=False,eventmap
SENSOFAR - TECH,378,,,,,,,633|634,,,https://expo.semi.org/india2026/Public/eBooth.aspx?IndexInList=438&FromPage=Exhibitors.aspx&ParentBoothID=&ListByBooth=true&BoothID=693537&Nav=False,eventmap
SET CORPORATION SA,H7218,,,,,,,633|634,,,https://expo.semi.org/india2026/Public/eBooth.aspx?IndexInList=439&FromPage=Exhibitors.aspx&ParentBoothID=&ListByBooth=true&BoothID=697198&Nav=False,eventmap
SFE GROUP (INDIA) PVT. LTD.,H7613,,,,,,,633|634,,,https://expo.semi.org/india2026/Public/eBooth.aspx?IndexInList=440&FromPage=Exhibitors.aspx&ParentBoothID=&ListByBooth=true&BoothID=697311&Nav=False,eventmap
SGS INDIA PRIVATE LIMITED,H7311,,,,,,,633|634,,,https://expo.semi.org/india2026/Public/eBooth.aspx?IndexInList=441&FromPage=Exhibitors.aspx&ParentBoothID=&ListByBooth=true&BoothID=697497&Nav=False,eventmap
SHAVO TECHNOLOGIES PVT LTD,H4214,,,,,,,633|634,,,https://expo.semi.org/india2026/Public/eBooth.aspx?IndexInList=442&FromPage=Exhibitors.aspx&ParentBoothID=&ListByBooth=true&BoothID=696275&Nav=False,eventmap
Shilpa Pharma Lifesciences Limited,276,,,,,,,633|634,,,https://expo.semi.org/india2026/Public/eBooth.aspx?IndexInList=443&FromPage=Exhibitors.aspx&ParentBoothID=&ListByBooth=true&BoothID=693533&Nav=False,eventmap
Shimizu Corporation India Pvt. ltd.,H5736,,,,,,,633|634,,,https://expo.semi.org/india2026/Public/eBooth.aspx?IndexInList=444&FromPage=Exhibitors.aspx&ParentBoothID=&ListByBooth=true&BoothID=697689&Nav=False,eventmap
Shin-Etsu Polymer India pvt ltd,H5726,,,,,,,633|634,,,https://expo.semi.org/india2026/Public/eBooth.aspx?IndexInList=445&FromPage=Exhibitors.aspx&ParentBoothID=&ListByBooth=true&BoothID=693749&Nav=False,eventmap
SHREE VISHWAKARMA,H7226,,,,,,,633|634,,,https://expo.semi.org/india2026/Public/eBooth.aspx?IndexInList=446&FromPage=Exhibitors.aspx&ParentBoothID=&ListByBooth=true&BoothID=694139&Nav=False,eventmap
SiCSem Private Limited,816,,,,,,,633|634,,,https://expo.semi.org/india2026/Public/eBooth.aspx?IndexInList=447&FromPage=Exhibitors.aspx&ParentBoothID=&ListByBooth=true&BoothID=664437&Nav=False,eventmap
SignOff Semiconductors,H6133,,,,,,,633|634,,,https://expo.semi.org/india2026/Public/eBooth.aspx?IndexInList=448&FromPage=Exhibitors.aspx&ParentBoothID=&ListByBooth=true&BoothID=696784&Nav=False,eventmap
Silicon Creations,H5729,,,,,,,633|634,,,https://expo.semi.org/india2026/Public/eBooth.aspx?IndexInList=449&FromPage=Exhibitors.aspx&ParentBoothID=&ListByBooth=true&BoothID=693750&Nav=False,eventmap
SIMCO Global Technology & Systems Ltd.,1476,,,,,,,633|634,,,https://expo.semi.org/india2026/Public/eBooth.aspx?IndexInList=450&FromPage=Exhibitors.aspx&ParentBoothID=&ListByBooth=true&BoothID=665585&Nav=False,eventmap
Singapore Precision Engineering and Technology Association (SPETA),1023,,,,,,,633|634,,,https://expo.semi.org/india2026/Public/eBooth.aspx?IndexInList=451&FromPage=Exhibitors.aspx&ParentBoothID=&ListByBooth=true&BoothID=698119&Nav=False,eventmap
SMC Corporation (India) Pvt. Ltd.,246,,,,,,,633|634,,,https://expo.semi.org/india2026/Public/eBooth.aspx?IndexInList=452&FromPage=Exhibitors.aspx&ParentBoothID=&ListByBooth=true&BoothID=695980&Nav=False,eventmap
"Smiths Interconnect, a Molex company",H3323,,,,,,,633|634,,,https://expo.semi.org/india2026/Public/eBooth.aspx?IndexInList=453&FromPage=Exhibitors.aspx&ParentBoothID=&ListByBooth=true&BoothID=694530&Nav=False,eventmap
Society for Information Display,H5605,,,,,,,633|634,,,https://expo.semi.org/india2026/Public/eBooth.aspx?IndexInList=454&FromPage=Exhibitors.aspx&ParentBoothID=&ListByBooth=true&BoothID=696551&Nav=False,eventmap
Sojitz Corporation,H4021,,,,,,,633|634,,,https://expo.semi.org/india2026/Public/eBooth.aspx?IndexInList=455&FromPage=Exhibitors.aspx&ParentBoothID=&ListByBooth=true&BoothID=697475&Nav=False,eventmap
Specmax Technologies Pte Ltd,1034,,,,,,,633|634,,,https://expo.semi.org/india2026/Public/eBooth.aspx?IndexInList=456&FromPage=Exhibitors.aspx&ParentBoothID=&ListByBooth=true&BoothID=698096&Nav=False,eventmap
Spray Engineering Devices Limited,H7031,,,,,,,633|634,,,https://expo.semi.org/india2026/Public/eBooth.aspx?IndexInList=457&FromPage=Exhibitors.aspx&ParentBoothID=&ListByBooth=true&BoothID=694079&Nav=False,eventmap
Startup Mitra,718,,,,,,,633|634,,,https://expo.semi.org/india2026/Public/eBooth.aspx?IndexInList=458&FromPage=Exhibitors.aspx&ParentBoothID=&ListByBooth=true&BoothID=703497&Nav=False,eventmap
Startup Pavilion,H4511,,,,,,,633|634,,,https://expo.semi.org/india2026/Public/eBooth.aspx?IndexInList=459&FromPage=Exhibitors.aspx&ParentBoothID=&ListByBooth=true&BoothID=695050&Nav=False,eventmap
STEMROBO TECHNOLOGIES LIMITED,H7636,,,,,,,633|634,,,https://expo.semi.org/india2026/Public/eBooth.aspx?IndexInList=460&FromPage=Exhibitors.aspx&ParentBoothID=&ListByBooth=true&BoothID=697701&Nav=False,eventmap
Steri Professional Workwear Pvt Ltd,H3617,,,,,,,633|634,,,https://expo.semi.org/india2026/Public/eBooth.aspx?IndexInList=461&FromPage=Exhibitors.aspx&ParentBoothID=&ListByBooth=true&BoothID=694656&Nav=False,eventmap
STERIMED KOCHI PRIVATE LIMITED,H5633,,,,,,,633|634,,,https://expo.semi.org/india2026/Public/eBooth.aspx?IndexInList=462&FromPage=Exhibitors.aspx&ParentBoothID=&ListByBooth=true&BoothID=696776&Nav=False,eventmap
StraitsMicro Pte. Ltd.,1037,,,,,,,633|634,,,https://expo.semi.org/india2026/Public/eBooth.aspx?IndexInList=463&FromPage=Exhibitors.aspx&ParentBoothID=&ListByBooth=true&BoothID=698082&Nav=False,eventmap
Struent Semiconductors Private Limited,H4511,,,,,,,633|634,,,https://expo.semi.org/india2026/Public/eBooth.aspx?IndexInList=464&FromPage=Exhibitors.aspx&ParentBoothID=&ListByBooth=true&BoothID=698685&Nav=False,eventmap
SUCHI SEMICON PRIVATE LIMITED,915,,,,,,,633|634,,,https://expo.semi.org/india2026/Public/eBooth.aspx?IndexInList=465&FromPage=Exhibitors.aspx&ParentBoothID=&ListByBooth=true&BoothID=664446&Nav=False,eventmap
Sumitomo Bakelite Singapore Pte. Ltd.,H6519,,,,,,,633|634,,,https://expo.semi.org/india2026/Public/eBooth.aspx?IndexInList=466&FromPage=Exhibitors.aspx&ParentBoothID=&ListByBooth=true&BoothID=697053&Nav=False,eventmap
SUMITOMO CHEMICAL,876,,,,,,,633|634,,,https://expo.semi.org/india2026/Public/eBooth.aspx?IndexInList=467&FromPage=Exhibitors.aspx&ParentBoothID=&ListByBooth=true&BoothID=693557&Nav=False,eventmap
SUPER MOUNT PACK PVT. LTD.,H7336,,,,,,,633|634,,,https://expo.semi.org/india2026/Public/eBooth.aspx?IndexInList=468&FromPage=Exhibitors.aspx&ParentBoothID=&ListByBooth=true&BoothID=697699&Nav=False,eventmap
SurplusGLOBAL,1078,,,,,,,633|634,,,https://expo.semi.org/india2026/Public/eBooth.aspx?IndexInList=469&FromPage=Exhibitors.aspx&ParentBoothID=&ListByBooth=true&BoothID=665530&Nav=False,eventmap
SVAN ANALYTICAL INSTRUMENTS PVT LTD,380,,,,,,,633|634,,,https://expo.semi.org/india2026/Public/eBooth.aspx?IndexInList=470&FromPage=Exhibitors.aspx&ParentBoothID=&ListByBooth=true&BoothID=693516&Nav=False,eventmap
Swadeza Venture Private Limited,H4511,,,,,,,633|634,,,https://expo.semi.org/india2026/Public/eBooth.aspx?IndexInList=471&FromPage=Exhibitors.aspx&ParentBoothID=&ListByBooth=true&BoothID=698529&Nav=False,eventmap
Swagelok,245,,,,,,,633|634,,,https://expo.semi.org/india2026/Public/eBooth.aspx?IndexInList=472&FromPage=Exhibitors.aspx&ParentBoothID=&ListByBooth=true&BoothID=695974&Nav=False,eventmap
SYMPHONY ENGINEERING SDN BHD,1523,,,,,,,633|634,,,https://expo.semi.org/india2026/Public/eBooth.aspx?IndexInList=473&FromPage=Exhibitors.aspx&ParentBoothID=&ListByBooth=true&BoothID=698143&Nav=False,eventmap
Synchronous Drives & Inverters Private Limited,H4511,,,,,,,633|634,,,https://expo.semi.org/india2026/Public/eBooth.aspx?IndexInList=474&FromPage=Exhibitors.aspx&ParentBoothID=&ListByBooth=true&BoothID=703518&Nav=False,eventmap
Synergy Machine Tools,H6911,,,,,,,633|634,,,https://expo.semi.org/india2026/Public/eBooth.aspx?IndexInList=475&FromPage=Exhibitors.aspx&ParentBoothID=&ListByBooth=true&BoothID=696435&Nav=False,eventmap
SYNTEC AIRFLOW SYSTEMS,H5823,,,,,,,633|634,,,https://expo.semi.org/india2026/Public/eBooth.aspx?IndexInList=476&FromPage=Exhibitors.aspx&ParentBoothID=&ListByBooth=true&BoothID=693759&Nav=False,eventmap
Syrma SGS Technology Limited,1401,,,,,,,633|634,,,https://expo.semi.org/india2026/Public/eBooth.aspx?IndexInList=477&FromPage=Exhibitors.aspx&ParentBoothID=&ListByBooth=true&BoothID=698670&Nav=False,eventmap
TAAAYANAM,H3723,,,,,,,633|634,,,https://expo.semi.org/india2026/Public/eBooth.aspx?IndexInList=478&FromPage=Exhibitors.aspx&ParentBoothID=&ListByBooth=true&BoothID=694706&Nav=False,eventmap
Tahinium Technologies Private Limited,H4511,,,,,,,633|634,,,https://expo.semi.org/india2026/Public/eBooth.aspx?IndexInList=479&FromPage=Exhibitors.aspx&ParentBoothID=&ListByBooth=true&BoothID=698663&Nav=False,eventmap
Tanaka Kikinzoku (India) Private Limited,H4218,,,,,,,633|634,,,https://expo.semi.org/india2026/Public/eBooth.aspx?IndexInList=480&FromPage=Exhibitors.aspx&ParentBoothID=&ListByBooth=true&BoothID=694922&Nav=False,eventmap
Tata Electronics Pvt.Ltd,414,,,,,,,633|634,,,https://expo.semi.org/india2026/Public/eBooth.aspx?IndexInList=481&FromPage=Exhibitors.aspx&ParentBoothID=&ListByBooth=true&BoothID=664365&Nav=False,eventmap
"TAZMO Co., Ltd.",1462,,,,,,,633|634,,,https://expo.semi.org/india2026/Public/eBooth.aspx?IndexInList=482&FromPage=Exhibitors.aspx&ParentBoothID=&ListByBooth=true&BoothID=701037&Nav=False,eventmap
Tech Mahindra Ltd,H6431,,,,,,,633|634,,,https://expo.semi.org/india2026/Public/eBooth.aspx?IndexInList=483&FromPage=Exhibitors.aspx&ParentBoothID=&ListByBooth=true&BoothID=693887&Nav=False,eventmap
Techsol Engineers,H4705,,,,,,,633|634,,,https://expo.semi.org/india2026/Public/eBooth.aspx?IndexInList=484&FromPage=Exhibitors.aspx&ParentBoothID=&ListByBooth=true&BoothID=696078&Nav=False,eventmap
"Teradyne, Inc.",1333,,,,,,,633|634,,,https://expo.semi.org/india2026/Public/eBooth.aspx?IndexInList=485&FromPage=Exhibitors.aspx&ParentBoothID=&ListByBooth=true&BoothID=696051&Nav=False,eventmap
"TES Co., Ltd.",1324,,,,,,,633|634,,,https://expo.semi.org/india2026/Public/eBooth.aspx?IndexInList=486&FromPage=Exhibitors.aspx&ParentBoothID=&ListByBooth=true&BoothID=700923&Nav=False,eventmap
Tesscorn NanoScience Inc,H7011,,,,,,,633|634,,,https://expo.semi.org/india2026/Public/eBooth.aspx?IndexInList=487&FromPage=Exhibitors.aspx&ParentBoothID=&ListByBooth=true&BoothID=696437&Nav=False,eventmap
The Applicable,H4511,,,,,,,633|634,,,https://expo.semi.org/india2026/Public/eBooth.aspx?IndexInList=488&FromPage=Exhibitors.aspx&ParentBoothID=&ListByBooth=true&BoothID=704340&Nav=False,eventmap
Thermax Limited,H4211,,,,,,,633|634,,,https://expo.semi.org/india2026/Public/eBooth.aspx?IndexInList=489&FromPage=Exhibitors.aspx&ParentBoothID=&ListByBooth=true&BoothID=696274&Nav=False,eventmap
Thermo Electric Company INC,H4921,,,,,,,633|634,,,https://expo.semi.org/india2026/Public/eBooth.aspx?IndexInList=490&FromPage=Exhibitors.aspx&ParentBoothID=&ListByBooth=true&BoothID=695232&Nav=False,eventmap
Thermo Fisher Scientific India Pvt Ltd,1618,,,,,,,633|634,,,https://expo.semi.org/india2026/Public/eBooth.aspx?IndexInList=491&FromPage=Exhibitors.aspx&ParentBoothID=&ListByBooth=true&BoothID=696316&Nav=False,eventmap
Thinky Corporation,H7211,,,,,,,633|634,,,https://expo.semi.org/india2026/Public/eBooth.aspx?IndexInList=492&FromPage=Exhibitors.aspx&ParentBoothID=&ListByBooth=true&BoothID=697496&Nav=False,eventmap
ThirdAI Automation Inc,H4823,,,,,,,633|634,,,https://expo.semi.org/india2026/Public/eBooth.aspx?IndexInList=493&FromPage=Exhibitors.aspx&ParentBoothID=&ListByBooth=true&BoothID=695190&Nav=False,eventmap
THK India Private Limited,668,,,,,,,633|634,,,https://expo.semi.org/india2026/Public/eBooth.aspx?IndexInList=494&FromPage=Exhibitors.aspx&ParentBoothID=&ListByBooth=true&BoothID=695651&Nav=False,eventmap
TMEIC Industrial Systems India Private Limited,H3613,,,,,,,633|634,,,https://expo.semi.org/india2026/Public/eBooth.aspx?IndexInList=495&FromPage=Exhibitors.aspx&ParentBoothID=&ListByBooth=true&BoothID=697535&Nav=False,eventmap
Toho international Inc.,234,,,,,,,633|634,,,https://expo.semi.org/india2026/Public/eBooth.aspx?IndexInList=496&FromPage=Exhibitors.aspx&ParentBoothID=&ListByBooth=true&BoothID=664927&Nav=False,eventmap
"Toho Koki Seisakusho Co., Ltd.",1124,,,,,,,633|634,,,https://expo.semi.org/india2026/Public/eBooth.aspx?IndexInList=497&FromPage=Exhibitors.aspx&ParentBoothID=&ListByBooth=true&BoothID=701430&Nav=False,eventmap
Tokyo Electron Limited,202,,,,,,,633|634,,,https://expo.semi.org/india2026/Public/eBooth.aspx?IndexInList=498&FromPage=Exhibitors.aspx&ParentBoothID=&ListByBooth=true&BoothID=664324&Nav=False,eventmap
"TOKYO OHKA KOGYO CO., LTD.",145,,,,,,,633|634,,,https://expo.semi.org/india2026/Public/eBooth.aspx?IndexInList=499&FromPage=Exhibitors.aspx&ParentBoothID=&ListByBooth=true&BoothID=696348&Nav=False,eventmap
"TOKYO SEIMITSU CO., LTD.",1270,,,,,,,633|634,,,https://expo.semi.org/india2026/Public/eBooth.aspx?IndexInList=500&FromPage=Exhibitors.aspx&ParentBoothID=&ListByBooth=true&BoothID=665330&Nav=False,eventmap
Toray Industries Inc,476,,,,,,,633|634,,,https://expo.semi.org/india2026/Public/eBooth.aspx?IndexInList=501&FromPage=Exhibitors.aspx&ParentBoothID=&ListByBooth=true&BoothID=693540&Nav=False,eventmap
Towa Corporation,138,,,,,,,633|634,,,https://expo.semi.org/india2026/Public/eBooth.aspx?IndexInList=502&FromPage=Exhibitors.aspx&ParentBoothID=&ListByBooth=true&BoothID=664899&Nav=False,eventmap
TOYOTA TSUSHO INDIA PVT.LTD,H4016,,,,,,,633|634,,,https://expo.semi.org/india2026/Public/eBooth.aspx?IndexInList=503&FromPage=Exhibitors.aspx&ParentBoothID=&ListByBooth=true&BoothID=696661&Nav=False,eventmap
TPST Services Private Limited,H3318,,,,,,,633|634,,,https://expo.semi.org/india2026/Public/eBooth.aspx?IndexInList=504&FromPage=Exhibitors.aspx&ParentBoothID=&ListByBooth=true&BoothID=696474&Nav=False,eventmap
Transport Corporation Of India Limited,H4208,,,,,,,633|634,,,https://expo.semi.org/india2026/Public/eBooth.aspx?IndexInList=505&FromPage=Exhibitors.aspx&ParentBoothID=&ListByBooth=true&BoothID=696431&Nav=False,eventmap
TriQuanta Labs,H4511,,,,,,,633|634,,,https://expo.semi.org/india2026/Public/eBooth.aspx?IndexInList=506&FromPage=Exhibitors.aspx&ParentBoothID=&ListByBooth=true&BoothID=701622&Nav=False,eventmap
Trojan Technologies,H6213,,,,,,,633|634,,,https://expo.semi.org/india2026/Public/eBooth.aspx?IndexInList=507&FromPage=Exhibitors.aspx&ParentBoothID=&ListByBooth=true&BoothID=696616&Nav=False,eventmap
Trokut Solutions Pvt Ltd,H6423,,,,,,,633|634,,,https://expo.semi.org/india2026/Public/eBooth.aspx?IndexInList=508&FromPage=Exhibitors.aspx&ParentBoothID=&ListByBooth=true&BoothID=693879&Nav=False,eventmap
Truechip Solutions Private Limited India App ID: SE26-Q18YR,H7611,,,,,,,633|634,,,https://expo.semi.org/india2026/Public/eBooth.aspx?IndexInList=509&FromPage=Exhibitors.aspx&ParentBoothID=&ListByBooth=true&BoothID=697310&Nav=False,eventmap
Truesilicon Technology Private Limited,H4511,,,,,,,633|634,,,https://expo.semi.org/india2026/Public/eBooth.aspx?IndexInList=510&FromPage=Exhibitors.aspx&ParentBoothID=&ListByBooth=true&BoothID=698530&Nav=False,eventmap
TRUMPF (India) Pvt. Ltd.,H7507,,,,,,,633|634,,,https://expo.semi.org/india2026/Public/eBooth.aspx?IndexInList=511&FromPage=Exhibitors.aspx&ParentBoothID=&ListByBooth=true&BoothID=697389&Nav=False,eventmap
TUBACEX SERVICE SOLUTIONS INDIA PVT LTD,H7233,,,,,,,633|634,,,https://expo.semi.org/india2026/Public/eBooth.aspx?IndexInList=512&FromPage=Exhibitors.aspx&ParentBoothID=&ListByBooth=true&BoothID=694144&Nav=False,eventmap
UHP Technologies Pvt Ltd,634,,,,,,,633|634,,,https://expo.semi.org/india2026/Public/eBooth.aspx?IndexInList=513&FromPage=Exhibitors.aspx&ParentBoothID=&ListByBooth=true&BoothID=665049&Nav=False,eventmap
ULVAC Singapore Pte Ltd India Branch,975,,,,,,,633|634,,,https://expo.semi.org/india2026/Public/eBooth.aspx?IndexInList=514&FromPage=Exhibitors.aspx&ParentBoothID=&ListByBooth=true&BoothID=665638&Nav=False,eventmap
UNICORN ENTERPRISE,H6935,,,,,,,633|634,,,https://expo.semi.org/india2026/Public/eBooth.aspx?IndexInList=515&FromPage=Exhibitors.aspx&ParentBoothID=&ListByBooth=true&BoothID=697720&Nav=False,eventmap
UNIMARK HI-TECH SOLUTIONS LLP,H6321,,,,,,,633|634,,,https://expo.semi.org/india2026/Public/eBooth.aspx?IndexInList=516&FromPage=Exhibitors.aspx&ParentBoothID=&ListByBooth=true&BoothID=697480&Nav=False,eventmap
Unites Systems a.s.,H4808,,,,,,,633|634,,,https://expo.semi.org/india2026/Public/eBooth.aspx?IndexInList=517&FromPage=Exhibitors.aspx&ParentBoothID=&ListByBooth=true&BoothID=696429&Nav=False,eventmap
UST,1633,,,,,,,633|634,,,https://expo.semi.org/india2026/Public/eBooth.aspx?IndexInList=518&FromPage=Exhibitors.aspx&ParentBoothID=&ListByBooth=true&BoothID=696234&Nav=False,eventmap
Uttar Pradesh Electronics Corporation Limited,H4805,,,,,,,633|634,,,https://expo.semi.org/india2026/Public/eBooth.aspx?IndexInList=519&FromPage=Exhibitors.aspx&ParentBoothID=&ListByBooth=true&BoothID=695176&Nav=False,eventmap
VADILAL CHEMICALS LIMITED,H7026,,,,,,,633|634,,,https://expo.semi.org/india2026/Public/eBooth.aspx?IndexInList=520&FromPage=Exhibitors.aspx&ParentBoothID=&ListByBooth=true&BoothID=694074&Nav=False,eventmap
Vaisala India Private Limited,678,,,,,,,633|634,,,https://expo.semi.org/india2026/Public/eBooth.aspx?IndexInList=521&FromPage=Exhibitors.aspx&ParentBoothID=&ListByBooth=true&BoothID=693549&Nav=False,eventmap
"Valex Semiconductor Materials (zhejiang) Co.,Ltd",H7214,,,,,,,633|634,,,https://expo.semi.org/india2026/Public/eBooth.aspx?IndexInList=522&FromPage=Exhibitors.aspx&ParentBoothID=&ListByBooth=true&BoothID=696255&Nav=False,eventmap
VAT Singapore Pte Ltd,H5405,,,,,,,633|634,,,https://expo.semi.org/india2026/Public/eBooth.aspx?IndexInList=523&FromPage=Exhibitors.aspx&ParentBoothID=&ListByBooth=true&BoothID=697152&Nav=False,eventmap
Vayusodh Applied Systems and Technologies LLP,1061,,,,,,,633|634,,,https://expo.semi.org/india2026/Public/eBooth.aspx?IndexInList=524&FromPage=Exhibitors.aspx&ParentBoothID=&ListByBooth=true&BoothID=665281&Nav=False,eventmap
VEECO Asia PTE LTD.,1556,,,,,,,633|634,,,https://expo.semi.org/india2026/Public/eBooth.aspx?IndexInList=525&FromPage=Exhibitors.aspx&ParentBoothID=&ListByBooth=true&BoothID=696061&Nav=False,eventmap
Veolia,H7502,,,,,,,633|634,,,https://expo.semi.org/india2026/Public/eBooth.aspx?IndexInList=526&FromPage=Exhibitors.aspx&ParentBoothID=&ListByBooth=true&BoothID=696196&Nav=False,eventmap
VerifAIX,H4511,,,,,,,633|634,,,https://expo.semi.org/india2026/Public/eBooth.aspx?IndexInList=527&FromPage=Exhibitors.aspx&ParentBoothID=&ListByBooth=true&BoothID=703502&Nav=False,eventmap
Vervesemi Microelectronics Pvt Ltd,813,,,,,,,633|634,,,https://expo.semi.org/india2026/Public/eBooth.aspx?IndexInList=528&FromPage=Exhibitors.aspx&ParentBoothID=&ListByBooth=true&BoothID=703498&Nav=False,eventmap
Vesidam Technologies,H4511,,,,,,,633|634,,,https://expo.semi.org/india2026/Public/eBooth.aspx?IndexInList=529&FromPage=Exhibitors.aspx&ParentBoothID=&ListByBooth=true&BoothID=698667&Nav=False,eventmap
VIETNAM CULLINAN ELECTRIC LIMTD,H7628,,,,,,,633|634,,,https://expo.semi.org/india2026/Public/eBooth.aspx?IndexInList=530&FromPage=Exhibitors.aspx&ParentBoothID=&ListByBooth=true&BoothID=698123&Nav=False,eventmap
Vishwakarma Institute of Technology Pune,H5723,,,,,,,633|634,,,https://expo.semi.org/india2026/Public/eBooth.aspx?IndexInList=531&FromPage=Exhibitors.aspx&ParentBoothID=&ListByBooth=true&BoothID=693745&Nav=False,eventmap
Vivekananda Institute of Professional Studies-Technical Campus,H7016,,,,,,,633|634,,,https://expo.semi.org/india2026/Public/eBooth.aspx?IndexInList=532&FromPage=Exhibitors.aspx&ParentBoothID=&ListByBooth=true&BoothID=697494&Nav=False,eventmap
VMC SEMICON FRAME INDIA PRIVATE LIMITED,H4407,,,,,,,633|634,,,https://expo.semi.org/india2026/Public/eBooth.aspx?IndexInList=533&FromPage=Exhibitors.aspx&ParentBoothID=&ListByBooth=true&BoothID=697333&Nav=False,eventmap
VSORA,H6207,,,,,,,633|634,,,https://expo.semi.org/india2026/Public/eBooth.aspx?IndexInList=534&FromPage=Exhibitors.aspx&ParentBoothID=&ListByBooth=true&BoothID=701214&Nav=False,eventmap
VT VACUUM TECHNOLOGIES PVT LTD,H6233,,,,,,,633|634,,,https://expo.semi.org/india2026/Public/eBooth.aspx?IndexInList=535&FromPage=Exhibitors.aspx&ParentBoothID=&ListByBooth=true&BoothID=696780&Nav=False,eventmap
Waaree Clean Energy Services,1356,,,,,,,633|634,,,https://expo.semi.org/india2026/Public/eBooth.aspx?IndexInList=536&FromPage=Exhibitors.aspx&ParentBoothID=&ListByBooth=true&BoothID=665344&Nav=False,eventmap
WFD Pavilion,H4127,,,,,,,633|634,,,https://expo.semi.org/india2026/Public/eBooth.aspx?IndexInList=537&FromPage=Exhibitors.aspx&ParentBoothID=&ListByBooth=true&BoothID=698415&Nav=False,eventmap
Wisely Gobal Solutions Pte Ltd,1040,,,,,,,633|634,,,https://expo.semi.org/india2026/Public/eBooth.aspx?IndexInList=538&FromPage=Exhibitors.aspx&ParentBoothID=&ListByBooth=true&BoothID=698098&Nav=False,eventmap
WOG Technologies Limited,H3023,,,,,,,633|634,,,https://expo.semi.org/india2026/Public/eBooth.aspx?IndexInList=539&FromPage=Exhibitors.aspx&ParentBoothID=&ListByBooth=true&BoothID=694397&Nav=False,eventmap
"Yamaha Robotics Co., Ltd.",579,,,,,,,633|634,,,https://expo.semi.org/india2026/Public/eBooth.aspx?IndexInList=540&FromPage=Exhibitors.aspx&ParentBoothID=&ListByBooth=true&BoothID=693519&Nav=False,eventmap
Yield Engineering Systems India Pvt ltd,1568,,,,,,,633|634,,,https://expo.semi.org/india2026/Public/eBooth.aspx?IndexInList=541&FromPage=Exhibitors.aspx&ParentBoothID=&ListByBooth=true&BoothID=665384&Nav=False,eventmap
Zestron Surface Technology Solutions India Private Limited,H5829,,,,,,,633|634,,,https://expo.semi.org/india2026/Public/eBooth.aspx?IndexInList=542&FromPage=Exhibitors.aspx&ParentBoothID=&ListByBooth=true&BoothID=693764&Nav=False,eventmap
