Source,Company,,Company profile- https://expo.semi.org/taiwan2026/public/eBooth.aspx?IndexInList=1&FromPage=Exhibitors.aspx&ParentBoothID=&ListByBooth=true&BoothID=698033
Taiwan expo,(JPE) YEAN HERN CORP.,,
Taiwan expo,"3D Architech, Inc.",,
Taiwan expo,"3EGREEN TECHNOLOGY, INC.",,
Taiwan expo,3S LINE,,
Taiwan expo,"3S Silicon Tech., Inc.",,
Taiwan expo,"A SUN PHOTONICS CO., LTD.",,
Taiwan expo,ABB Ltd,,
Taiwan expo,"AblePrint Technology Co., Ltd.",,
Taiwan expo,ACCIO Hong Kong Catalonia Competitiveness Agency Limited,,
Taiwan expo,Accordance Systems Inc.,,
Taiwan expo,"Accretech Taiwan Co., Ltd.",,
Taiwan expo,Ace Dragon Corp.,,
Taiwan expo,ACE NANOCHEM,,
Taiwan expo,"ACE Solution Co., Ltd.",,
Taiwan expo,"Achilles Advanced Technology Co., Ltd.",,
Taiwan expo,ACM Research Inc.,,
Taiwan expo,Acro Chemical Corporation,,
Taiwan expo,ACS Motion Control,,
Taiwan expo,Adelis Associates Pte Ltd.,,
Taiwan expo,"Adirtek Co., Ltd.",,
Taiwan expo,AdNaNoTek Corporation,,
Taiwan expo,"ADTEC Plasma Technology Co., Ltd.",,
Taiwan expo,Advanced Dicing Technologies Ltd,,
Taiwan expo,Advanced Echem Materials Company Limited,,
Taiwan expo,"Advanced Energy Taiwan, Ltd.",,
Taiwan expo,ADVANCED GLOBAL ALLIANCE PTE LTD,,
Taiwan expo,"ADVANCED MATERIALS TECHNOLOGY & ENGINEERING, INC.",,
Taiwan expo,Advanced Packaging Interlink Holding Pte Ltd,,
Taiwan expo,Advanced Thermal Sciences Taiwan Corp.,,
Taiwan expo,"ADVANTAGE SCIENTIFIC, INC",,
Taiwan expo,"Advantec Co., Ltd.",,
Taiwan expo,"Advantech Co., Ltd.",,
Taiwan expo,Advantek Taiwan Inc.,,
Taiwan expo,"AEC Connectors co., Ltd.",,
Taiwan expo,AEGIQ LTD,,
Taiwan expo,Aehr Test Systems,,
Taiwan expo,AEM Singapore Pte. Ltd.,,
Taiwan expo,"AENEAS ELECTRONICS CO., LTD.",,
Taiwan expo,AEROTECH INC. TAIWAN BRANCH,,
Taiwan expo,AET Corporation,,
Taiwan expo,"AG MATERIALS TECHNOLOGY CO., LTD.",,
Taiwan expo,AGC Inc.,,
Taiwan expo,"AI Technology, Inc.",,
Taiwan expo,AIR CLEAN DEVISER TAIWAN CORP.,,
Taiwan expo,"AISHENGKE (JIANGSU) CHEMICAL TECHNOLOGY CO., LTD.",,
Taiwan expo,"ALASER Company, Ltd.",,
Taiwan expo,"AL-CHARM ENTERPRISE CO., LTD.",,
Taiwan expo,"Alinc Taiwan Co., Ltd.",,
Taiwan expo,AlixLabs,,
Taiwan expo,"All Ring Tech Co., Ltd.",,
Taiwan expo,"Alliance Material Co., Ltd.",,
Taiwan expo,Allied Supreme Corporation,,
Taiwan expo,"ALMATEC CO., LTD.",,
Taiwan expo,AlphaSense,,
Taiwan expo,AMAZING COOL TECHNOLOGY CORPORATION.,,
Taiwan expo,American Institute in Taiwan,,
Taiwan expo,American State Offices Association,,
Taiwan expo,"Ametek Taiwan Corp., Ltd.",,
Taiwan expo,"AMFLO Fluid System & Components Co., Ltd.",,
Taiwan expo,"AMIDA Technology,Inc.",,
Taiwan expo,"AMIES Technology Co., Ltd.",,
Taiwan expo,Analog Devices Taiwan Limited,,
Taiwan expo,Analogue Insight Ltd,,
Taiwan expo,ANCORP,,
Taiwan expo,ANDRITZ SINGAPORE PTE LTD,,
Taiwan expo,Aniah,,
Taiwan expo,Anupam Rasayan India Limited,,
Taiwan expo,AP Systems Semiconductor,,
Taiwan expo,AP Tech (Advanced Pressure Technology),,
Taiwan expo,"APEX UNION TECHNOLOGIES CO., LTD",,
Taiwan expo,"APM COMMUNICATION, INC.",,
Taiwan expo,"Apogee Optocom Co.,Ltd.",,
Taiwan expo,"Applied Nano Technology Science, Inc.",,
Taiwan expo,"Applied Seals Co., Ltd. (Taiwan)",,
Taiwan expo,Aquafine Corporation,,
Taiwan expo,"AQUSEN Technology Co., Ltd",,
Taiwan expo,ARCHIACT TECHNOLOGY CORPORATION,,
Taiwan expo,"ARCS Precision Technology Co, Ltd.",,
Taiwan expo,Argal srl,,
Taiwan expo,Arizona Commerce Authority,,
Taiwan expo,"ARKTEK CO., LTD.",,
Taiwan expo,AROX,,
Taiwan expo,"ARS CO.,LTD.",,
Taiwan expo,AS Strömungstechnik GmbH,,
Taiwan expo,ASCENTEX INDUSTRY Corp.,,
Taiwan expo,Asia Air Precision Technology Ltd.,,
Taiwan expo,"Asia Chiying Technology Co.,Ltd",,
Taiwan expo,"Asia IC Mic-Process, Inc.",,
Taiwan expo,"Asia Neo Tech Industrial Co.,Ltd.",,
Taiwan expo,Asiatic Fiber Corporation,,
Taiwan expo,ASKINDEX TAIWAN TECH CORP.,,
Taiwan expo,Asmith Manufacturing Company,,
Taiwan expo,ASMPT,,
Taiwan expo,Asterquanta Systems Inc,,
Taiwan expo,ASYS CORPORATION,,
Taiwan expo,ATA Engineering Corporation,,
Taiwan expo,"Atech Peripherals, Inc.",,
Taiwan expo,A-Tech Technology Corp.,,
Taiwan expo,"Atecom Technology Co., Ltd.",,
Taiwan expo,"Atkinsorb Co., Ltd",,
Taiwan expo,Atlas Copco Taiwan Ltd.,,
Taiwan expo,Atlas Technology Corporation,,
Taiwan expo,"ATOCK Co., Ltd.",,
Taiwan expo,Atotech Taiwan Ltd,,
Taiwan expo,ATP ELECTRONICS TAIWAN INC.,,
Taiwan expo,ATT Systems GmbH,,
Taiwan expo,"AUROS Technology, Inc.",,
Taiwan expo,Avex-SG Technology Inc.,,
Taiwan expo,AVVA R&D Corp.,,
Taiwan expo,AWESOMENICS INC.,,
Taiwan expo,"Awesome-Team Co., Ltd",,
Taiwan expo,Axelera AI,,
Taiwan expo,"Bailingtek Co., Ltd.",,
Taiwan expo,Ball Wave Inc,,
Taiwan expo,Bavaria,,
Taiwan expo,"Bay Union Abrasive Technology Co., Ltd.",,
Taiwan expo,"Beckhoff Automation Co., Ltd.",,
Taiwan expo,"Beijing Airport Beiguang Instruments Co., Ltd",,
Taiwan expo,BenQ Materials Corporation,,
Taiwan expo,"Berny CO.,LTD",,
Taiwan expo,Besi (BE Semiconductor Industries N.V.),,
Taiwan expo,"Best Integration Technology Co., Ltd.",,
Taiwan expo,"Bestac Advanced Material Co., Ltd",,
Taiwan expo,"Bethel Co.,Ltd.",,
Taiwan expo,Bison Advanced Technology,,
Taiwan expo,BIZLINK INTERNATIONAL CORPORATION,,
Taiwan expo,"BLIKSEN CO.,LTD.",,
Taiwan expo,BNSR,,
Taiwan expo,"Bo-Jiang Technology Co., Ltd.",,
Taiwan expo,Bondtronics Technology Incorporation,,
Taiwan expo,Bossmen Inc.,,
Taiwan expo,Braun & Quarld Quartz Glass Lianyungang Ltd.,,
Taiwan expo,"Brewer Science, Inc.",,
Taiwan expo,"Bright Sheland International Co., Ltd.",,
Taiwan expo,"Bronkhorst Taiwan Co., Ltd.",,
Taiwan expo,"Bruker Taiwan Co., Ltd",,
Taiwan expo,"BTU International, Inc.",,
Taiwan expo,"Bueno Technology Co., Ltd.",,
Taiwan expo,Bühler Leybold Optics,,
Taiwan expo,Burkert Taiwan Ltd.,,
Taiwan expo,C Sun Mfg Ltd.,,
Taiwan expo,"C.C.P. CONTACT PROBES CO., LTD.",,
Taiwan expo,Caelus Technologies Limited,,
Taiwan expo,California Pavilion,,
Taiwan expo,Camtek Inspection Technology Limited,,
Taiwan expo,Canadian Trade Office in Taipei,,
Taiwan expo,Canon,,
Taiwan expo,CANTOPS Co. Ltd.,,
Taiwan expo,"Capcon Limited Co., Ltd",,
Taiwan expo,"Carbo Tzujan Industrial Co., LTD.",,
Taiwan expo,"Carl Zeiss Co., Ltd.",,
Taiwan expo,Carpenter Technology,,
Taiwan expo,CASTEC INTERNATIONAL CORP.,,
Taiwan expo,"Casting Machining Engineering Co., Ltd.",,
Taiwan expo,CbI Program,,
Taiwan expo,"CBJ TECH Co., Ltd.",,
Taiwan expo,CDS Condition Monitoring Service Co.,,
Taiwan expo,CEA-LETI,,
Taiwan expo,CEIPIEMONTE s.c.p.a.,,
Taiwan expo,Centrum Technology Corporation,,
Taiwan expo,CENTURY TRADING CORPORATION,,
Taiwan expo,"CERMAX Co., Ltd",,
Taiwan expo,Certain Micro Application Technology Inc.,,
Taiwan expo,Chain Logic International Corp.,,
Taiwan expo,CHAIN SUN TECHNOLOGY LTD.,,
Taiwan expo,Challentech International Corporation,,
Taiwan expo,"CHANG SUNG ACE CO., LTD.",,
Taiwan expo,"Changzhou Mingseal Robot Technology Co., Ltd",,
Taiwan expo,Changzhou Tonghui Electronic Co. Ltd.,,
Taiwan expo,"CHAO-YOUNG APPLICATION TECHNOLOGY CO., LTD.",,
Taiwan expo,CHELPIS Quantum Corporation,,
Taiwan expo,"CHEMFISH TOKYO CO.,LTD",,
Taiwan expo,"Cheng Mei Instrument Technology Co., Ltd.",,
Taiwan expo,"Cheng Tay Heater & Instrument Co., Ltd",,
Taiwan expo,"Chengdu Catherine Technology Co.,Ltd.",,
Taiwan expo,"Chia Sheng Technology Co., Ltd.",,
Taiwan expo,"Chieftek Precision Co., Ltd.",,
Taiwan expo,Chihuahua State Government,,
Taiwan expo,CHIN KONG GRAPHIC CORP.,,
Taiwan expo,"Ching Hung Machinery & Electric Industrial Co., LTD.",,
Taiwan expo,"Chip Shine Electronics Technology Co.,Ltd",,
Taiwan expo,CHIYO ENTERPRISES LIMITED,,
Taiwan expo,Chroma ATE Inc.,,
Taiwan expo,"CHT Security Co., Ltd.",,
Taiwan expo,"Chuan Hung Technology Co., LTD.",,
Taiwan expo,Chuan Yao Machinery Co. Ltd,,
Taiwan expo,"CHUNG I SILVER SOLDER CO., LTD.",,
Taiwan expo,"Chung King Enterprise Co.,Ltd",,
Taiwan expo,"Chunghwa Precision Test Tech. Co., Ltd",,
Taiwan expo,CHUNMA HI-TECH,,
Taiwan expo,"CHYI DING Technologies Co., Ltd.",,
Taiwan expo,CI SEMI,,
Taiwan expo,"Cica-Huntek Chemical Technology Taiwan Co., Ltd.",,
Taiwan expo,"CIRCUIT FABOLOGY MICROELECTRONICS EQUIPMENT CO., LTD.",,
Taiwan expo,CIS Corporation,,
Taiwan expo,City of Sendai,,
Taiwan expo,Clas-SIC Wafer Fab,,
Taiwan expo,"CLEAN TECHNOLOGY CO., LTD. TAIWAN BRANCH (JAPAN)",,
Taiwan expo,"CMTX Co., Ltd.",,
Taiwan expo,"CN1 Co., Ltd",,
Taiwan expo,CNW – COURIER NETWORK,,
Taiwan expo,Coherent Corp.,,
Taiwan expo,"COHO Advanced Materials Tech. Co., Ltd.",,
Taiwan expo,"CohPros International Co., Ltd",,
Taiwan expo,Comet Solutions Taiwan Ltd.,,
Taiwan expo,"CONPROFE TECHNOLOGY GROUP CO., LTD.",,
Taiwan expo,"Contrel Technology Co., Ltd.",,
Taiwan expo,CoolLED Ltd,,
Taiwan expo,"CORE TECHNOLOGY CO., LTD.",,
Taiwan expo,"Coresemi Co., Ltd",,
Taiwan expo,CORNERSTONE,,
Taiwan expo,Corning Incorporated,,
Taiwan expo,Creative Technology Corporation,,
Taiwan expo,CSA Group Testing & Certification Inc.,,
Taiwan expo,"C-TECH Technology Co., Ltd.",,
Taiwan expo,CXsemi Company Limited,,
Taiwan expo,"CYCRAFT TECHNOLOGY CO., LTD.",,
Taiwan expo,Czech Pavilion,,
Taiwan expo,"D&X (Taiwan) Co., LTD.",,
Taiwan expo,"D.C.C.P. CO., LTD.",,
Taiwan expo,"DA CEI TRADE CO., LTD.",,
Taiwan expo,"Da-Chung Contact Probes Enterprises Co., Ltd.",,
Taiwan expo,"Dah Young Vacuum Equipment Co., Ltd.",,
Taiwan expo,Daicel Corporation,,
Taiwan expo,DAIHEN Corporation,,
Taiwan expo,"Daiichinekken Co., Ltd.",,
Taiwan expo,"Daikawakenn Technology Co., Ltd",,
Taiwan expo,Daike-VSR,,
Taiwan expo,"Dalian High Purity Chemical Co., LTD",,
Taiwan expo,DALTON CORPORATION,,
Taiwan expo,Danil Syschem,,
Taiwan expo,DAS Asia Ltd. Taiwan Branch,,
Taiwan expo,"Dasan Eng Co., Ltd",,
Taiwan expo,Daxin Materials Corp.,,
Taiwan expo,"Dean Tech Co., Ltd",,
Taiwan expo,"DEDIPROG TECHNOLOGY CO., LTD.",,
Taiwan expo,"DeepCtrls Technologies Co., Ltd.",,
Taiwan expo,DELO Industrial Adhesives,,
Taiwan expo,DELTA ELECTRONICS INC.,,
Taiwan expo,"DERIGHT PRECISION MACHINERY CO., LTD.",,
Taiwan expo,Desert Glass Works,,
Taiwan expo,Desiccant Technology Corporation,,
Taiwan expo,DETEKT Technology Inc.,,
Taiwan expo,"DEWTEK DRYING SYSTEMS CO., LTD.",,
Taiwan expo,"DH CROWN TECH CO.,LTD",,
Taiwan expo,DI Corporation,,
Taiwan expo,"DI KU DIAMOND ENTERPRISES CO., LTD.",,
Taiwan expo,"DigiHua Intelligent Systems CO., LTD.",,
Taiwan expo,"Dimond Shamrock Enterprise Co., Ltd.",,
Taiwan expo,"Ding Cheng International Co., Ltd",,
Taiwan expo,"DINKLE ENTERPRISE CO., LTD.",,
Taiwan expo,"Directly Technology Co., Ltd",,
Taiwan expo,"Disco HI-TEC Taiwan Co., Ltd.",,
Taiwan expo,DKK-TOA Corporation,,
Taiwan expo,"DMS CO., LTD",,
Taiwan expo,"DNJO Technologies Co., Ltd",,
Taiwan expo,"DOIT Technical Co., Limited",,
Taiwan expo,Dong Rong Electronics Co Ltd,,
Taiwan expo,"DONGIL TECHNOLGY CO.,LTD.",,
Taiwan expo,"Dongjin Semichem Co., Ltd.",,
Taiwan expo,DOOJIN Corporation,,
Taiwan expo,Dou Yee Enterprises (S) Pte Ltd,,
Taiwan expo,Dow Chemical Taiwan Ltd,,
Taiwan expo,DS Fibertech Corporation,,
Taiwan expo,"DSG CO., LTD.",,
Taiwan expo,Duksan Hi-Metal,,
Taiwan expo,Duksan Neolux,,
Taiwan expo,Dusemund Pte Ltd,,
Taiwan expo,"Dyfenco International Co., Ltd.",,
Taiwan expo,"DYNEX CO., LTD",,
Taiwan expo,"DYT Taiwan Pte.,Ltd.",,
Taiwan expo,E & R Engineering Corporation,,
Taiwan expo,"EASE PLUS CO., LTD",,
Taiwan expo,Easy Field Corporation,,
Taiwan expo,"Eaton Phoenixtec MMPL Co., Ltd.",,
Taiwan expo,"EAYUAN METAL INDUSTRIAL CO.,LTD.",,
Taiwan expo,Ebara Corporation,,
Taiwan expo,"ebm-papst Ventilator (Shanghai) Co., Ltd.",,
Taiwan expo,"EC ADVANCE PCB TECHNOLOGY CO., LTD",,
Taiwan expo,ECM Greentech,,
Taiwan expo,ECO ENERGEN Co. Ltd.,,
Taiwan expo,Eco World Project Management Sdn Bhd,,
Taiwan expo,Ecolab Limited,,
Taiwan expo,Economic Development Partnership of North Carolina,,
Taiwan expo,Ecosphere Clean Global Sdn Bhd,,
Taiwan expo,"EFAB International Technology Co., Ltd.",,
Taiwan expo,EFD Corporation,,
Taiwan expo,EKK Eagle Semicon Components,,
Taiwan expo,ElectraMet,,
Taiwan expo,"Elemental Scientific, Inc.",,
Taiwan expo,Elephantech Inc.,,
Taiwan expo,"ELS System Technology Co., Ltd.",,
Taiwan expo,EM-TECHNIK EAST ASIA LTD.,,
Taiwan expo,Emulsion Flow Technologies Ltd.,,
Taiwan expo,"EN HOU POLYMER CHEMICAL INDUSTRIAL CO., LTD",,
Taiwan expo,Enghouse Systems,,
Taiwan expo,"ENJET Co., Ltd.",,
Taiwan expo,"ENLI TECHNOLOGY CO., LTD.",,
Taiwan expo,"EN-LIANG ENTERPRISE CO.,LTD.",,
Taiwan expo,Ensinger Asia Holding PTE. LTD. Taiwan Branch,,
Taiwan expo,Entegris Asia Pte. Ltd. Taiwan Branch,,
Taiwan expo,Enviro-Innovate Tech.,,
Taiwan expo,"EO Technics Co., Ltd.",,
Taiwan expo,"ePAK International, Inc.",,
Taiwan expo,Episil-Precision Inc.,,
Taiwan expo,"EPORT CO.,LTD",,
Taiwan expo,EQ GLOBAL,,
Taiwan expo,eRaytroniks company limited,,
Taiwan expo,ERS Electronic GmbH,,
Taiwan expo,"E-satisfy semiconductor ( jiangSu) Co.,Ltd.",,
Taiwan expo,"Escort Seal Co., Ltd.",,
Taiwan expo,"esmo Taiwan Co.,Ltd",,
Taiwan expo,"ETERNAL MATERIALS CO., LTD.",,
Taiwan expo,"ETERNAL PRECISION MECHANICS CO., LTD.",,
Taiwan expo,"Eunodata Co., Ltd.",,
Taiwan expo,Evatec AG,,
Taiwan expo,Ever Island Corporation,,
Taiwan expo,"EVER PURE APPLIED MATERIALS CO., LTD.",,
Taiwan expo,Ever Team International Corp.,,
Taiwan expo,Everlight Chemical Industrial Corporation,,
Taiwan expo,"EverMore Technology, Inc.",,
Taiwan expo,EVERSUPP TECHNOLOGY CORP,,
Taiwan expo,EVG-JOINTECH,,
Taiwan expo,EVIDENT CORPORATION,,
Taiwan expo,"EXCEL CELL ELECTRONIC CO., LTD.",,
Taiwan expo,"EZBOND CHEMICAL CO., LTD.",,
Taiwan expo,EZO Corporation,,
Taiwan expo,F Plus Ceramic Applied Materials Limited,,
Taiwan expo,F&K Delvotec Bondtechnik Singapore Pte Ltd,,
Taiwan expo,FABREEKA INTERNATIONAL INC.TAIWAN BRANCH (U.S.A.),,
Taiwan expo,"FAGOR AUTOMATION TAIWAN CO., LTD.",,
Taiwan expo,"Fang Jie Co., Ltd.",,
Taiwan expo,FAVITE Inc.,,
Taiwan expo,"FedEx Express International B.V., Taiwan Branch",,
Taiwan expo,Femtoscience Inc.,,
Taiwan expo,"Ferrotec Taiwan Co., Ltd.",,
Taiwan expo,"Festo Co., Ltd.",,
Taiwan expo,ficonTEC,,
Taiwan expo,Fidertech Corporation,,
Taiwan expo,"FINE Co., Ltd.",,
Taiwan expo,Fine Silicon Manufacturing (Shanghai) Ltd.,,
Taiwan expo,"FINETEK CO., LTD.",,
Taiwan expo,"FISCHER INSTRUMENTATION (TAIWAN) CO., LTD.",,
Taiwan expo,FITOK GmbH,,
Taiwan expo,"Fittech Co., Ltd",,
Taiwan expo,Flagship International Ltd. 旗艦國際管理顧問有限公司,,
Taiwan expo,Flotrend Corporation,,
Taiwan expo,"FNS, Inc.",,
Taiwan expo,"Foresight Technology Company, Ltd.",,
Taiwan expo,Forge Nano,,
Taiwan expo,Forter Technology Corporation,,
Taiwan expo,"FOX Co.,Ltd.",,
Taiwan expo,"FPI Tech. Co., LTD.",,
Taiwan expo,"FRD CO., Ltd.",,
Taiwan expo,French Chamber Taiwan,,
Taiwan expo,"FRONTXIN ULTRASONIC TECHNOLOGY CO., LTD.",,
Taiwan expo,FST (Fine Semitech Corp.),,
Taiwan expo,"FST International H.C., Ltd.",,
Taiwan expo,"Fu-Hwa Machine Co., Ltd.",,
Taiwan expo,"FUJIFILM Electronic Materials Taiwan Co., Ltd.",,
Taiwan expo,Fujikin Taiwan Incorporated,,
Taiwan expo,FUKUOKA PREFECTURAL GOVERNMENT,,
Taiwan expo,Full Bright Industrial Supply Center,,
Taiwan expo,"Functional Coating System Technologies Co.,Ltd",,
Taiwan expo,"G.C MICRO TECHNOLOGY CO., LTD.",,
Taiwan expo,"GAIN-TEK SEMICONDUCTOR MATERIAL CO., LTD.",,
Taiwan expo,Galatek Technologies Malaysia Sdn. Bhd.,,
Taiwan expo,Galaxy Technology Development Company,,
Taiwan expo,"Gallant Micro. Machining Co., Ltd.",,
Taiwan expo,"Gallant Precision Machining Co., Ltd.",,
Taiwan expo,Garma Information & Communacation Inc.,,
Taiwan expo,"GASDNA CO., LTD.",,
Taiwan expo,"Gastron Co., Ltd.",,
Taiwan expo,Gauss Labs,,
Taiwan expo,"G-DOK IND. CO., LTD.",,
Taiwan expo,"GeChi Compound Semiconductor Co., Ltd.",,
Taiwan expo,Geckos Technology Corporation,,
Taiwan expo,GEMI TEK CORP.,,
Taiwan expo,"Gemmy-Tek Technology Co., Ltd.",,
Taiwan expo,GEMÜ Taiwan Ltd.,,
Taiwan expo,Genes Tech Group Holdings Co Ltd.,,
Taiwan expo,"GENII IDEAS Co., Ltd.",,
Taiwan expo,Gentec (Shanghai) Corporation,,
Taiwan expo,Germany Trade & Invest,,
Taiwan expo,"GET YANG INDUSTRIAL CO., LTD",,
Taiwan expo,GfG - Gesellschaft für Gerätebau mbH,,
Taiwan expo,"Giantlok Co., Ltd.",,
Taiwan expo,"GILLION APPLICATION TECHNOLOGY CO., LTD",,
Taiwan expo,Glint Materials Co. Ltd,,
Taiwan expo,GLIT,,
Taiwan expo,Global ETS,,
Taiwan expo,Global Precise Instrument Corporation,,
Taiwan expo,"Global TechSolutions TW Co., Ltd.",,
Taiwan expo,GLOBAL ZEUS,,
Taiwan expo,GMT GLOBAL INC.,,
Taiwan expo,Gold Stone Development Co. Ltd,,
Taiwan expo,"Golden Mountain Enterprise Co., Ltd",,
Taiwan expo,Government of Ontario,,
Taiwan expo,"GPAS OPTRONICS TECHNOLOGY CO., LTD.",,
Taiwan expo,"Grace Haozan Applied Material Co., Ltd",,
Taiwan expo,Gradiant,,
Taiwan expo,GRAND TECHNOLOGY INC.,,
Taiwan expo,"GrandiT Co., Ltd",,
Taiwan expo,Grandome Technology Inc.,,
Taiwan expo,"Great Combination Enterprise Co.,Ltd.",,
Taiwan expo,"Great Domain Enterprise Co., Ltd.",,
Taiwan expo,"GREAT KNIVES MANUFACTURE CO., LTD.",,
Taiwan expo,"GREAT PRECISION CO., LTD.",,
Taiwan expo,Greater Tokyo Initiative,,
Taiwan expo,Gredmann Taiwan Ltd.,,
Taiwan expo,"Green Optics Co., Ltd.",,
Taiwan expo,"Greene, Tweed & Co., Inc.",,
Taiwan expo,"GREENFILTEC Co., Ltd.",,
Taiwan expo,GreenTrans Corporation,,
Taiwan expo,"Grikin Advanced Materials Co., Ltd.",,
Taiwan expo,"Grintimate Precision Industry Co., Ltd.",,
Taiwan expo,"GROUP UP INDUSTRIAL CO., LTD.",,
Taiwan expo,GST Taiwan Ltd.,,
Taiwan expo,"GTA MATERIAL CO., LTD.",,
Taiwan expo,"GTEN BALL SCREW TECHNOLOGY CO., LTD.",,
Taiwan expo,"Guangdong iStar Technology Equipment Co., Ltd.",,
Taiwan expo,"Gudeng Precision Industrial Co., Ltd.",,
Taiwan expo,"GWOUEI METALS INDUSTRY CO., LTD",,
Taiwan expo,Gyrobot Systems Pte. Ltd,,
Taiwan expo,HABOR PRECISION INC.,,
Taiwan expo,HAITIMA CORPORATION,,
Taiwan expo,Hajime Corporation,,
Taiwan expo,Hakuto Taiwan Ltd.,,
Taiwan expo,"Hamamatsu Photonics Taiwan Co., Ltd.",,
Taiwan expo,"HAN XING LONG MACHINERY CO., LTD.",,
Taiwan expo,"Hanaki Rubber Co.,Ltd.",,
Taiwan expo,"HANBELL VACUUM TECHNOLOGY CO., LTD",,
Taiwan expo,"Handletek Co., Ltd.",,
Taiwan expo,"HangZhou Changchuan Technology Co.,Ltd",,
Taiwan expo,"Hangzhou Cobetter Filtration Equipment Co., Ltd.",,
Taiwan expo,"Hangzhou Deefine Filtration Technology Co., Ltd",,
Taiwan expo,HANMI Semiconductor,,
Taiwan expo,"HANSTECH ADVANCED MATERIALS CO., LTD.",,
Taiwan expo,Hantop Intelligence Tech.,,
Taiwan expo,Hanwha Semitech,,
Taiwan expo,"Haohua Gas Co.,Ltd.",,
Taiwan expo,Harbor Technology Solutions,,
Taiwan expo,HARTLEY ULTRAFAST LTD,,
Taiwan expo,Hauman Technologies Corp.,,
Taiwan expo,"HEART TECH ENTERPRISE CO., LTD.",,
Taiwan expo,"HEATACT SUPER CONDUCTIVE HEAT - TECH CO., LTD.",,
Taiwan expo,"Hefei ImagEx Electronics Technology Co., Ltd.",,
Taiwan expo,"Hefei SHAREWIN Semiconductor Material Co.,Ltd.",,
Taiwan expo,Heidelberg Instruments Mikrotechnik GmbH,,
Taiwan expo,"HEIDENHAIN CO., LTD (Taiwan)",,
Taiwan expo,"HELLER INDUSTRIES, INC",,
Taiwan expo,"HeNan Union precision Material.co.,ltd",,
Taiwan expo,"Henan Xinlianxin Shenleng Energy Co., Ltd.",,
Taiwan expo,Heraeus Materials Singapore Pte Ltd,,
Taiwan expo,Heraeus Printed Electronics GmbH,,
Taiwan expo,"Herald Aluminum Co., Ltd.",,
Taiwan expo,Hermes Testing Solutions Inc.,,
Taiwan expo,Hermes-Epitek Corp.,,
Taiwan expo,HERMOS RFID,,
Taiwan expo,HERONIC TECHNOLOGIES LIMITED,,
Taiwan expo,Hesse Asia Limited,,
Taiwan expo,"Hickwall Tech Caster Industrial Co., Ltd.",,
Taiwan expo,"HIGEE CO.,LTD",,
Taiwan expo,Hightec Systems Corporation,,
Taiwan expo,Highvac Corporation,,
Taiwan expo,Hi-Lo System Research Co. Ltd,,
Taiwan expo,"HIMEJI RIKA CO.,LTD.",,
Taiwan expo,"Hi-Nano Optoelectronics Co.,Ltd.",,
Taiwan expo,"HIROSE OPTO CO., LTD.",,
Taiwan expo,Hirose SER Inc.,,
Taiwan expo,"Hitachi Energy Taiwan Co ., Ltd.",,
Taiwan expo,Hitachi High-Tech Corporation,,
Taiwan expo,HIWIN MIKROSYSTEM CORP.,,
Taiwan expo,Hiwin Technologies Corporation,,
Taiwan expo,"Holding Electric Co., Ltd.",,
Taiwan expo,Holland High Tech,,
Taiwan expo,"Homwell Co., Ltd.",,
Taiwan expo,"HON. PRECISION, INC.",,
Taiwan expo,Honeywell Taiwan Limited,,
Taiwan expo,"HONG I INSTRUMENTS CO., LTD.",,
Taiwan expo,"Hong Kong Mabuchi Motor NPM Trading Co.,LTD. Taiwan Branch Office",,
Taiwan expo,"Hong Yang Laser Service Co., Ltd.",,
Taiwan expo,"HONG-KUANG HI-TECH, CORP.",,
Taiwan expo,"HONG-MING TECHNOLOGY CO., LTD.",,
Taiwan expo,Honlyco Inc.,,
Taiwan expo,"HonWay Materials Co., Ltd.",,
Taiwan expo,"HORIBA Taiwan, Inc.",,
Taiwan expo,"Horng Terng Automation Co., Ltd.",,
Taiwan expo,"HOYI TECH CO., LTD.",,
Taiwan expo,"HPRAY (Beijing) Semiconductor Materials Co., Ltd",,
Taiwan expo,"Hsiung Mu Enterprise Co., Ltd",,
Taiwan expo,HTC & SOLAR TECH SERVICE LIMITED,,
Taiwan expo,"Huang Liang Biomedical Technology Co., Ltd.",,
Taiwan expo,"Huangshan Juxin New Material Co., Ltd.",,
Taiwan expo,"Hundred Semiconductors, Inc.",,
Taiwan expo,"Hung Cheng International Technical Co., LTD",,
Taiwan expo,HUNG CHING DEVELOPMENT COMPANY LIMITED,,
Taiwan expo,"Hung Shin Technology Co., Ltd.",,
Taiwan expo,"Hwa Chih Technology Co., Ltd.",,
Taiwan expo,"HWASHU Enterprise Co., Ltd.",,
Taiwan expo,"HYE TECHNOLOGY CO.,LTD.",,
Taiwan expo,"Hypersonic, Inc.",,
Taiwan expo,"I JANG INDUSTRIAL CO.,LTD.",,
Taiwan expo,"IBARAKI GRINDING WHEEL Co.,Ltd.",,
Taiwan expo,Ibaraki Prefectural Government,,
Taiwan expo,i-Bot Technology Inc.,,
Taiwan expo,IBS - Ion Beam Services,,
Taiwan expo,IC STARTUP ZONE,,
Taiwan expo,IceMOS Technology Ltd,,
Taiwan expo,ICHEON CITY,,
Taiwan expo,iCometrue Company Ltd.,,
Taiwan expo,"ICP DAS CO., LTD.",,
Taiwan expo,"ICS Technology Co., Ltd.",,
Taiwan expo,ICSPI Corp,,
Taiwan expo,"I-DER-VON ENTERPRISE CO., LTD.",,
Taiwan expo,IDTechEx,,
Taiwan expo,ifm electronic ltd.,,
Taiwan expo,igus Taiwan Company Limited,,
Taiwan expo,"IHARA SCIENCE TAIWAN CO., LTD.",,
Taiwan expo,"IMT Co., Ltd",,
Taiwan expo,Indiana Economic Development Corporation,,
Taiwan expo,Indium Corporation,,
Taiwan expo,"Industrial Development Administration ,MOEA",,
Taiwan expo,Industrial Technology Research Institute,,
Taiwan expo,INFICON Company Limited,,
Taiwan expo,INFINIFLUX,,
Taiwan expo,Infinity Vision Technology Corp. Ltd,,
Taiwan expo,Ingentec Corporation,,
Taiwan expo,"INNOJET TECHNOLOGY CO., LTD.",,
Taiwan expo,Innolux Corporation,,
Taiwan expo,Inspiraz Technology Pte Ltd,,
Taiwan expo,Integrated Service Technology,,
Taiwan expo,Integrated Technology Corporation Taiwan Branch,,
Taiwan expo,"INTEKPLUS Co., Ltd.",,
Taiwan expo,"Intelume LASER SYSTEMS CO., LTD.",,
Taiwan expo,Intertec Taiwan Corp.,,
Taiwan expo,INTERTEK TESTING SERVICES TAIWAN LTD,,
Taiwan expo,inTEST EMS Corporation,,
Taiwan expo,"INTG-TECH CO., LTD.",,
Taiwan expo,"Intifar Global Co., Ltd",,
Taiwan expo,INVENTEC Performance Chemicals,,
Taiwan expo,Invest in Costa Rica,,
Taiwan expo,Investment NSW,,
Taiwan expo,"ION ELECTRONIC MATERIALS CO., LTD.",,
Taiwan expo,IOTek G.K.,,
Taiwan expo,IR Vision,,
Taiwan expo,"IRE SEMITEC CO., LTD",,
Taiwan expo,"ISC Co., Ltd.",,
Taiwan expo,ISIN INC.,,
Taiwan expo,Italian Trade Agency - Taipei Office,,
Taiwan expo,"IWAKI CO.,LTD.",,
Taiwan expo,Iwatani Corporation (Taiwan) Ltd.,,
Taiwan expo,"JAINNHER MACHINE CO., LTD.",,
Taiwan expo,"JAO JAI ENTERPRISE CO., LTD.",,
Taiwan expo,JC's Chunson Limited,,
Taiwan expo,JCU TAIWAN CORPORATION,,
Taiwan expo,"JDV CONTROL VALVES CO., LTD.",,
Taiwan expo,"JEL AUTOMATION CO., LTD.",,
Taiwan expo,JEM TAIWAN PROBE CORP.,,
Taiwan expo,JEOL Ltd.,,
Taiwan expo,"JET TECHNOLOGY CO., LTD.",,
Taiwan expo,"JHT Design Co., Ltd.",,
Taiwan expo,"Jiangsu Jinggong Semicon Equipment Co., Ltd",,
Taiwan expo,"Jiangsu Rongdaoshe Semiconductor Equipment Technology Co., Ltd.",,
Taiwan expo,"JIANGSU XINTIANYU TECHNOLOGY CO.,LTD.",,
Taiwan expo,"JIANN SHENG MACHINERY & ELECTRIC INDUSTRIAL CO., LTD.",,
Taiwan expo,"JiaXing Jiuzong Intelligent Technology Co., Ltd.",,
Taiwan expo,"Jim & Steve Industrial Co., Ltd.",,
Taiwan expo,"JIMMORE International Co., Ltd.",,
Taiwan expo,"JING CHENG MATERIAL CO., LTD.",,
Taiwan expo,"JING YUAN TECHNOLOGY CO., LTD.",,
Taiwan expo,"JINHONG GAS CO., LTD.",,
Taiwan expo,Jipal Corporation,,
Taiwan expo,JIPITI（GPT） CO.,,
Taiwan expo,"JJmr-Clean-Air Solution Tech. Services Co., Ltd",,
Taiwan expo,JobsOhio,,
Taiwan expo,"Joen Lih Machinery Co., Ltd.",,
Taiwan expo,Johnstech International Corporation,,
Taiwan expo,"JOIN STAR TRADING CO., LTD.",,
Taiwan expo,"Jong Shiann Enterprise Co., Ltd.",,
Taiwan expo,"JTEKT THERMO SYSTEMS TAIWAN CO .,LTD",,
Taiwan expo,"JUFAN INDUSTRIAL CO., LTD.",,
Taiwan expo,"JUMBO LASER CO.,LTD.",,
Taiwan expo,JUNG CHUNG TECHNOLOGY CORP.,,
Taiwan expo,"Jung Sung Tech Co.,Ltd.",,
Taiwan expo,"JustYa Technology Co., Ltd.",,
Taiwan expo,"JUSUNG ENGINEERING CO., LTD. TAIWAN BRANCH(SOUTH KOREA)",,
Taiwan expo,"JYE YEU ENTERPRISE Co., Ltd",,
Taiwan expo,"JYS OPTICAL INSTRUMENT CO.,Ltd",,
Taiwan expo,Kagoshima prefecture,,
Taiwan expo,"KA-JENG Co., Ltd",,
Taiwan expo,Kan I International Corp.,,
Taiwan expo,KANAUE APPLIED MATERIAL CORP.,,
Taiwan expo,Kaneka Corporation,,
Taiwan expo,Kanematsu Corporation,,
Taiwan expo,Kanematsu Taiwan Corp.,,
Taiwan expo,"Kashiyama Taiwan Co., Ltd.",,
Taiwan expo,"KAWASAKI HEAVY INDUSTRIES, LTD. TAIPEI BRANCH (JAPAN)",,
Taiwan expo,"KC CO., LTD.",,
Taiwan expo,KC industrial,,
Taiwan expo,KC INNOVATION,,
Taiwan expo,"KC Tech Co., Ltd.",,
Taiwan expo,KELVIN QUANTUM LTD,,
Taiwan expo,"Kenmec Mechanical Engineering Co., Ltd.",,
Taiwan expo,"Kenner Material & System Co., Ltd",,
Taiwan expo,"Kenturn Nano.Tec Co.,Ltd.",,
Taiwan expo,Ker Taur Company Ltd.,,
Taiwan expo,"KEYARROW (TAIWAN) CO., LTD",,
Taiwan expo,"Keyence Taiwan Co., LTD.",,
Taiwan expo,Keysight Technologies Taiwan Ltd.,,
Taiwan expo,Keystone Microtech Corporation,,
Taiwan expo,"KIMOTO Co.,LTD",,
Taiwan expo,Kinaxis Inc,,
Taiwan expo,Kinetic Systems Engineering & Services Inc.,,
Taiwan expo,"King Lai Hygienic Materials Co., Ltd.",,
Taiwan expo,"KING SUN INDUSTRY CO., LTD.",,
Taiwan expo,"KINGVAST TECHNOLOGY CO.,LTD.",,
Taiwan expo,"Kingyoup Enterprises Co., Ltd.",,
Taiwan expo,Kinik Company,,
Taiwan expo,KISCO (TAIWAN) LTD.,,
Taiwan expo,KITZ SCT Corporation,,
Taiwan expo,"KIYOKAWA PLATING INDUSTRY CO.,LTD",,
Taiwan expo,"KJT TECHNOLOGY CO., LTD.",,
Taiwan expo,KLA Corporation,,
Taiwan expo,"K-Max Technology Co., Ltd.",,
Taiwan expo,KN Holdings,,
Taiwan expo,Knight Auto Precision Engineering Pte Ltd,,
Taiwan expo,Koh Young Technology Inc.,,
Taiwan expo,"Kojem International Co.,Ltd.",,
Taiwan expo,Kokusai Electric Corp.,,
Taiwan expo,KOLINK INTERNATIONAL CORP.,,
Taiwan expo,KoMiCo Technology,,
Taiwan expo,"Konzern Laser Precision Co., LTD",,
Taiwan expo,Korea Industry Intelligentization Association,,
Taiwan expo,"Koscn Industrial Manufacturing（shenzhen）Co.,LTD",,
Taiwan expo,"Kostek Systems, Inc.",,
Taiwan expo,KOTRA (Korea Trade-Investment Promotion Agency),,
Taiwan expo,Kromax International Corporation,,
Taiwan expo,"K-Shine Quartz CO., Ltd.",,
Taiwan expo,"KTSEAL CO., LTD.",,
Taiwan expo,Kulicke & Soffa Pte Ltd,,
Taiwan expo,Kumamoto Prefectural Government,,
Taiwan expo,Kung Hai Enterprise Corp.,,
Taiwan expo,"KURARAY CO.,LTD",,
Taiwan expo,"KVCINS CO.,LTD.",,
Taiwan expo,Kyoto Prefecture,,
Taiwan expo,Kyushu Railway Company,,
Taiwan expo,KYZEN CORPORATION,,
Taiwan expo,LAB14,,
Taiwan expo,Lam Research Corporation,,
Taiwan expo,"Lasertec Taiwan, Inc.",,
Taiwan expo,"LASERTEK TAIWAN CO.,LTD",,
Taiwan expo,Latent Technologies Inc.,,
Taiwan expo,"LEADER VISION TECHNOLOGY CO., LTD.",,
Taiwan expo,"LeadinWay Co., Ltd.",,
Taiwan expo,Leafy Lab,,
Taiwan expo,"LEEDO TECHNOLOGY CO., LTD.",,
Taiwan expo,Levitronix GmbH Taiwan Branch,,
Taiwan expo,LG Chem,,
Taiwan expo,LIAKO TECH. CORP.,,
Taiwan expo,LIGHT TRACE PHOTONICS LTD,,
Taiwan expo,"Lim Chemical Co., Ltd.",,
Taiwan expo,Limitek Ltd.,,
Taiwan expo,"Linde LienHwa Industrial Gases Co., Ltd.",,
Taiwan expo,Linque GmbH,,
Taiwan expo,LINTEC Advanced Technologies (Taiwan) Inc.,,
Taiwan expo,"LINTEC Co., Ltd.",,
Taiwan expo,LiVe Optronics Company Limited,,
Taiwan expo,"LiveStrong Optoelectronics Co., Ltd.",,
Taiwan expo,"LNEYA Thermo Refrigeration Co.,Ltd.",,
Taiwan expo,"LON-GINE PRECISION INDUSTRY CO., LTD.",,
Taiwan expo,Lux Industries Ltd,,
Taiwan expo,"LV INTERNATIONAL CO., LTD.",,
Taiwan expo,Lync Semi LLC,,
Taiwan expo,MACDERMID PERFORMANCE SOLUTIONS TAIWAN LTD.,,
Taiwan expo,MACHVISION Inc.,,
Taiwan expo,"Macrotest Semiconductor Technology Co., Ltd.",,
Taiwan expo,MACTECH CORPORATION,,
Taiwan expo,"MACTRONIX SYSTEMS, LLC",,
Taiwan expo,MADDE Inc,,
Taiwan expo,Malvern Panalytical,,
Taiwan expo,"MANOCK INDUSTRY CO., LTD.",,
Taiwan expo,Manz,,
Taiwan expo,marco Systemanalyse und Entwicklung GmbH,,
Taiwan expo,Marketech International Corp.,,
Taiwan expo,Marposs Company,,
Taiwan expo,Maruyama Chiller Corporation,,
Taiwan expo,MASTech,,
Taiwan expo,"MASTERLOK (ZHEJIANG) INTERNATIONAL TRADING CO., LTD.",,
Taiwan expo,Max Luck Technology Inc,,
Taiwan expo,Maxell Taiwan Ltd,,
Taiwan expo,MAXWELL TECHNOLOGY PTE. LTD.,,
Taiwan expo,MB Automation GmbH & Co. KG,,
Taiwan expo,MCM EUROPE TRADING INC.,,
Taiwan expo,"MDI Taiwan Innovations Co., Ltd.",,
Taiwan expo,Meaglow Ltd,,
Taiwan expo,MEC TAIWAN COMPANY LTD.,,
Taiwan expo,"Mecatron Machinery Co., Ltd.",,
Taiwan expo,MEDC (Michigan Economic Development Corporation),,
Taiwan expo,MEDICAL INTUBATION TECHNOLOGY CORPORATION,,
Taiwan expo,"MELCON Co., Ltd.",,
Taiwan expo,MEMPro Corp.,,
Taiwan expo,Mesa Quantum,,
Taiwan expo,"MetaSOL Co., Ltd.",,
Taiwan expo,"MFC Sealing Technology Co., Ltd.",,
Taiwan expo,Mi Equipment (M) Sdn. Bhd.,,
Taiwan expo,"Micraft System Plus Co., Ltd.",,
Taiwan expo,Micro Control Company,,
Taiwan expo,"Microcosm Technology Co., LTD.",,
Taiwan expo,Micro-Epsilon Taiwan,,
Taiwan expo,Micro-Mechanics PTE. Ltd.,,
Taiwan expo,Micron Star Technology Limited,,
Taiwan expo,"MICRONICS JAPAN CO., LTD.",,
Taiwan expo,"Microprogram Information Co., Ltd",,
Taiwan expo,"Microsys Engineering Co., Ltd",,
Taiwan expo,"MINDMAN INDUSTRIAL CO., LTD.",,
Taiwan expo,Mindox Techno Pte. Ltd.,,
Taiwan expo,"Mingkun Technologies Co., Ltd.",,
Taiwan expo,"Mipotech Co., Ltd",,
Taiwan expo,Mirle Automation Corporation,,
Taiwan expo,"MITSUBISHI CHEMICAL TAIWAN CO., LTD.",,
Taiwan expo,"Mitsubishi Electric Automation(TAIWAN) Co.,Ltd.",,
Taiwan expo,"Mitsui Fudosan Co., Ltd.",,
Taiwan expo,"Mitutoyo Taiwan Co., Ltd.",,
Taiwan expo,mixxtech.io,,
Taiwan expo,Miyagi Prefectural Government,,
Taiwan expo,Miyazaki Prefecture,,
Taiwan expo,"MKP Co., Ltd.",,
Taiwan expo,MOL Solutions Inc.,,
Taiwan expo,"MOOHO TECHNOLOGY CO., LTD.",,
Taiwan expo,"Morich Trade Co., Ltd.",,
Taiwan expo,MPP FASTENER CORPORATION,,
Taiwan expo,MSP Corporation,,
Taiwan expo,"MSSCORPS CO., LTD.",,
Taiwan expo,"Mu-tech Precision Co., Ltd",,
Taiwan expo,MYCROPORE CORPORATION LTD.,,
Taiwan expo,"Myungsung Instrument Co., Ltd.",,
Taiwan expo,Nabu Optical Systems,,
Taiwan expo,"NAGASE (TAIWAN) CO., LTD.",,
Taiwan expo,"Nakajima Chemicals Co.,Ltd.",,
Taiwan expo,Namics Corporation,,
Taiwan expo,Nano Chemix Inc.,,
Taiwan expo,"Nano Electronics and Micro System Technologies, Inc.",,
Taiwan expo,Nano Precision Corporation Limited,,
Taiwan expo,Nanofilm Technologies International Limited,,
Taiwan expo,Nanosurf AG,,
Taiwan expo,"NANOSYS CO., LTD.",,
Taiwan expo,"NanoSystem Solutions, Inc.",,
Taiwan expo,"Nantong Wintime Semiconductor Technology Co., Ltd.",,
Taiwan expo,Napson Corporation,,
Taiwan expo,"National Center for Instrumentation Research, National Institutes Applied Research",,
Taiwan expo,National Chung-Shan Institute of Science & Technology,,
Taiwan expo,National Instruments Corporation,,
Taiwan expo,"NDS (TAIWAN) CO., LTD.",,
Taiwan expo,Neo Corporation,,
Taiwan expo,Netherlands Office Taipei,,
Taiwan expo,"NEW AMIGO CO.,LTD",,
Taiwan expo,"New Best Wire Industrial Co., Ltd.",,
Taiwan expo,"New Eiko Enterprise Co., Ltd.",,
Taiwan expo,"New Fast Technology Co., Ltd.",,
Taiwan expo,"New J.R. Electronic Co., Ltd.",,
Taiwan expo,"New Smart Technology Co., Ltd",,
Taiwan expo,New YF Precision Corporation,,
Taiwan expo,nexensor Inc,,
Taiwan expo,"NEXTIN, Inc.",,
Taiwan expo,"Nextool Technology Co.,Ltd",,
Taiwan expo,"NEXTZHEN CO.,LTD",,
Taiwan expo,NFORT TECHNOLOGY CORPORATION,,
Taiwan expo,"NHK Spring (Taiwan) Co., Ltd.",,
Taiwan expo,Nichias Corporation,,
Taiwan expo,Niching Industrial Corp.,,
Taiwan expo,"Nicslab Ops, Inc.",,
Taiwan expo,NIDEC ADVANCE TECHNOLOGY TAIWAN CORPORATION,,
Taiwan expo,"NIKEETECH CO., LTD",,
Taiwan expo,NIKON CORPORATION,,
Taiwan expo,"NINGBO HONGWU PIPE INDUSTRY CO., LTD.",,
Taiwan expo,"Nippon Electric Glass Co., Ltd.",,
Taiwan expo,"Nippon Sanso Taiwan, Inc.",,
Taiwan expo,"NIPPON SHOKUBAI Co., Ltd.",,
Taiwan expo,"NIPPON STEEL STAINLESS STEEL PIPE CO., LTD.",,
Taiwan expo,"NISHIMURA CHEMITECH CO.,LTD",,
Taiwan expo,NISSEI CORPORATION,,
Taiwan expo,"Nivek International Co., LTD.",,
Taiwan expo,"Nordson Advanced Technology LLC, Taiwan Branch",,
Taiwan expo,North Enging Corp.,,
Taiwan expo,Notion Systems GmbH,,
Taiwan expo,Nova Ltd.,,
Taiwan expo,NOVOMORPHIC LTD,,
Taiwan expo,"NS Technologies, Inc.",,
Taiwan expo,NSW Automation Sdn Bhd,,
Taiwan expo,"NTS Technology Co., Ltd.",,
Taiwan expo,NTT Advanced Technology Corporation,,
Taiwan expo,Oculi,,
Taiwan expo,ODA Technologies Co. Ltd.,,
Taiwan expo,Odyssey Technical Solutions,,
Taiwan expo,"OFUNA TECHNOLOGY Co.,Ltd.",,
Taiwan expo,Ohmplus Technology Inc.,,
Taiwan expo,Okayama Prefecture Industrial Promotion Foundation,,
Taiwan expo,OKins Electronics,,
Taiwan expo,Oklahoma Department of Commerce,,
Taiwan expo,"Okuno Taiwan Co.,Ltd.",,
Taiwan expo,OMEGA Scientific Taiwan Ltd.,,
Taiwan expo,OmniMeasure Technology Inc.,,
Taiwan expo,OMRON Corporation,,
Taiwan expo,ONANO INDUSTRIAL CORP.,,
Taiwan expo,Onn Wah Tech Pte Ltd.,,
Taiwan expo,Onto Innovation,,
Taiwan expo,"Optifab, Inc.",,
Taiwan expo,"Orbray Co., Ltd.",,
Taiwan expo,ORICUS SEMICON SOLUTIONS PTE. LTD.,,
Taiwan expo,Orient Service Corp.,,
Taiwan expo,ORIOLE NETWORKS LTD,,
Taiwan expo,Orlando Economic Partnership,,
Taiwan expo,ORO,,
Taiwan expo,"Osaka Vacuum, Ltd.",,
Taiwan expo,"OSS Technology Co., Ltd.",,
Taiwan expo,Oxford Instruments,,
Taiwan expo,Oxford Lasers Ltd,,
Taiwan expo,"Pall Singapore Taiwan Branch Holding Co., Pte. Ltd.-HsinChu Office",,
Taiwan expo,"Panasonic Connect Co., Ltd.",,
Taiwan expo,"Panther Technology(Shenzhen)Co.,Ltd",,
Taiwan expo,"PAO TAI PRECISION INDUSTRY CO., LTD.",,
Taiwan expo,"PARAGON TECHNOLOGIES CO., LTD.",,
Taiwan expo,Park Systems Corp.,,
Taiwan expo,Parker Hannifin Taiwan Co. Ltd.,,
Taiwan expo,"PARKSON WU INDUSTRIAL CO., LTD.",,
Taiwan expo,Particle Measuring Systems Inc.,,
Taiwan expo,Pasco Precision Corp,,
Taiwan expo,"PBA SYSTEMS (TAIWAN) CO., LTD",,
Taiwan expo,"PDF Solutions, Inc.",,
Taiwan expo,PEER Group Inc.,,
Taiwan expo,PEMTRON Corporation,,
Taiwan expo,Pentamaster,,
Taiwan expo,PENTAPRO MATERIALS INC.,,
Taiwan expo,"PERFECT MACHINE CO., LTD.",,
Taiwan expo,Pfeiffer Vacuum Taiwan Corporation,,
Taiwan expo,PHIDRIX Inc.,,
Taiwan expo,"PHOENIX CONTACT CO., LTD.",,
Taiwan expo,PHOTARIX,,
Taiwan expo,"PHOTON-TECH INSTRUMENTS CO., LTD.",,
Taiwan expo,Physik Instrumente (PI) Taiwan Ltd,,
Taiwan expo,Pibond Oy Taiwan Branch,,
Taiwan expo,PICKERING TEST LTD,,
Taiwan expo,"PIE Co., LTD",,
Taiwan expo,Pinnacle Vacuum Components Taiwan Branch,,
Taiwan expo,"PIONEER SEMICONDUCTOR MACHINE CO., LTD.",,
Taiwan expo,"Pitotech Co., LTD",,
Taiwan expo,PLANOPTIK AG,,
Taiwan expo,"PLASTICNET CO., LTD.",,
Taiwan expo,"PlayNitride Display Co., Ltd.",,
Taiwan expo,PMI,,
Taiwan expo,Poland Pavilion,,
Taiwan expo,"POMME TECHNOLOGIES CO., LTD",,
Taiwan expo,Poro Technologies Ltd,,
Taiwan expo,"POSA MACHINERY CO., LTD.",,
Taiwan expo,"PowerTech Co., Ltd.",,
Taiwan expo,Pragmatic Semiconductor Ltd,,
Taiwan expo,Precision Machinery Research & Development Center,,
Taiwan expo,Precitec Optronik GmbH,,
Taiwan expo,Premtek International Inc.,,
Taiwan expo,Prestige Technology (S) Pte Ltd,,
Taiwan expo,"Primarius Technologies Co.,Ltd.",,
Taiwan expo,"Primary Tech Enterprise Co., Ltd.",,
Taiwan expo,"ProbeLeader Co., Ltd",,
Taiwan expo,ProSpectral Ltd,,
Taiwan expo,"PROTEC CO., LTD.",,
Taiwan expo,PSK Asia Inc.,,
Taiwan expo,PTW ASIA PTE. LTD. TAIWAN BRANCH,,
Taiwan expo,PVA Taiwan Ltd.,,
Taiwan expo,Qnity Electronics,,
Taiwan expo,Qualified AM GmbH,,
Taiwan expo,Qualmax Taiwan Limited,,
Taiwan expo,Quantumtek Innovatives Corporation,,
Taiwan expo,Quatek International Limited Taiwan Branch,,
Taiwan expo,QUICK SEMICONDUCTOR,,
Taiwan expo,Quobly,,
Taiwan expo,"Radiation Technology Co., Ltd.",,
Taiwan expo,Rayvatek INC.,,
Taiwan expo,"Rayzher Industrial Co., Ltd.",,
Taiwan expo,"RECIF Technologies Taiwan Co., Ltd.",,
Taiwan expo,ReeR Taiwan Ltd.,,
Taiwan expo,REGO Electronics Inc.,,
Taiwan expo,Rehm Thermal Systems (Hong Kong) Limited,,
Taiwan expo,"REIWA MATERIAL CO.,LTD",,
Taiwan expo,Reliya Technology Ltd.,,
Taiwan expo,RENA Technologies GmbH,,
Taiwan expo,Renishaw (Taiwan) Inc.,,
Taiwan expo,"Resonac International(Taiwan) Co., Ltd",,
Taiwan expo,Rigaku Corporation,,
Taiwan expo,"Riken Keiki Taiwan Co., Ltd.",,
Taiwan expo,"RION CO., LTD.",,
Taiwan expo,"Riye Electric Co., Ltd.",,
Taiwan expo,RKC INSTRUMENT INC.,,
Taiwan expo,Road Ahead Technologies Consultant Corp.,,
Taiwan expo,RockCore Technology,,
Taiwan expo,Roechling Industrial (Singapore) Pte Ltd.,,
Taiwan expo,Rohde & Schwarz GmbH & Co. KG,,
Taiwan expo,"Rokko Electronics Co., Ltd.",,
Taiwan expo,ROKKO Systems Pte Ltd,,
Taiwan expo,"Rorze Technology, Inc.",,
Taiwan expo,Rotarex,,
Taiwan expo,"RPS CO., LTD.",,
Taiwan expo,"RS Components Limited, Taiwan Branch",,
Taiwan expo,"Ruter Elastomer Co., Ltd",,
Taiwan expo,"Ruth Cleaning Technology Co., Ltd.",,
Taiwan expo,"Sae Han Micro Tech Co., Ltd.",,
Taiwan expo,Safe World Engineering,,
Taiwan expo,Saga Prefecture,,
Taiwan expo,"Saint-Gobain Advanced Materials (Taiwan) Co., Ltd.",,
Taiwan expo,Samco Inc.,,
Taiwan expo,Sandvik Osprey Ltd.,,
Taiwan expo,santec,,
Taiwan expo,Sanwa Engineering Corp.,,
Taiwan expo,Sanying Precision Instruments Co. Ltd,,
Taiwan expo,"Sanyu Co.,Ltd",,
Taiwan expo,"SANYU REC CO.,LTD",,
Taiwan expo,"Saultech Technology Co., Ltd.",,
Taiwan expo,"SBT Ultrasonic Technology Co., Ltd.",,
Taiwan expo,"SCH Electronics Co., Ltd.",,
Taiwan expo,SCHMID Taiwan Ltd.,,
Taiwan expo,Schmidt Scientific Taiwan Ltd.,,
Taiwan expo,SCHOTT AG,,
Taiwan expo,Scientech Corporation,,
Taiwan expo,"Scientific Gear Service Co., Ltd.",,
Taiwan expo,"SDS TECH CO.,LTD",,
Taiwan expo,SE Technologies Corp.,,
Taiwan expo,Sealink Corp.,,
Taiwan expo,SEBA Inc.,,
Taiwan expo,"SEC CO., LTD.",,
Taiwan expo,"Security Platform as a Service, Administration for Digital Industries of moda",,
Taiwan expo,"SEIWA OPTICAL TAIWAN, INC.",,
Taiwan expo,"SEKISUI CHEMICAL CO., LTD",,
Taiwan expo,SelectFlorida,,
Taiwan expo,"Selling-Ware Co., Ltd.",,
Taiwan expo,"SEMES Co., Ltd.",,
Taiwan expo,Semics Inc.,,
Taiwan expo,Semilab Taiwan Co. Ltd.,,
Taiwan expo,Semtek Corporation,,
Taiwan expo,"Servomex, Inc.",,
Taiwan expo,SET CORPORATION SA,,
Taiwan expo,SGL CARBON GmbH,,
Taiwan expo,"Shandong Chief Fluoride New Materials Co.,Ltd",,
Taiwan expo,"Shandong Taihe Technologies Co., Ltd.",,
Taiwan expo,"Shanghai GND eTech Co.,Ltd",,
Taiwan expo,"SHANGHAI JIEHONG MECHANICAL EQUIPMENT CO., LTD",,
Taiwan expo,"Shanghai Lasensor Photoelectric Technology Co., Ltd.",,
Taiwan expo,"Shanghai Pullner Filtration Technology Co.,Ltd",,
Taiwan expo,"Shanghai YD Technology (Group) Co., LTD.",,
Taiwan expo,"SHE HONG INDUSTRIAL CO., LTD.",,
Taiwan expo,SHELLBACK Semiconductor Technology,,
Taiwan expo,"SHENG CHUAN Technology CO.,LTD",,
Taiwan expo,Shenmao Technology Inc.,,
Taiwan expo,"Shenyang Heyan Technology Co.,Ltd",,
Taiwan expo,"Shenzhen Hanchi Technology Co.,LTD",,
Taiwan expo,"Shenzhen KHJ Technology Co.,Ltd",,
Taiwan expo,"Shenzhen Merry Precise Electronic Co.,Ltd",,
Taiwan expo,"Shenzhen Naso Tech Co.,Ltd",,
Taiwan expo,"Shenzhen SinceVision Technology.co., Ltd.",,
Taiwan expo,"Shenzhen Tensun Precision Equipment Co., Ltd",,
Taiwan expo,"Shenzhen Xinyichang Technology Co., Ltd.",,
Taiwan expo,"Shenzhen Youibot Robotics Co., Ltd.",,
Taiwan expo,Shibaura Mechatronics Taiwan Corporation,,
Taiwan expo,Shimifrez Inc.,,
Taiwan expo,"SHIN HAU TECHNOLOGY CO., LTD.",,
Taiwan expo,"Shin Yuang Electric Co.,Ltd",,
Taiwan expo,"Shin Yueh Applied Materials Co., Ltd.",,
Taiwan expo,"SHINCRON.CO.,LTD.",,
Taiwan expo,"Shinwa Controls Taiwan Co., Ltd.",,
Taiwan expo,"Shiny Precision Co., Ltd",,
Taiwan expo,"Shuz Tung Machinery Industrial Co.,Ltd.",,
Taiwan expo,"SHYAN SHENG HITECH CO., LTD.",,
Taiwan expo,SHYAWEI OPTRONICS CORPORATION,,
Taiwan expo,"SIAMC Advanced Materials Co., Ltd.",,
Taiwan expo,Siemens Limited Taiwan,,
Taiwan expo,SIGMA Technology Corporation,,
Taiwan expo,Silicon SAXONY e.V.,,
Taiwan expo,"SiliconAuto Taiwan CO., LTD.",,
Taiwan expo,Sil-More Industrial Ltd.,,
Taiwan expo,"Silvaco Taiwan Co., Ltd.",,
Taiwan expo,SIMACO ELETTROMECCANICA S.R.L.,,
Taiwan expo,SineTest Technologies Pte Ltd,,
Taiwan expo,"SINFONIA TECHNOLOGY CO., LTD.",,
Taiwan expo,Singapore Precision Engineering and Technology Association (SPETA),,
Taiwan expo,"SINGWAY TECHNOLOGY CO.,LTD",,
Taiwan expo,SinMat Technology Corp.,,
Taiwan expo,Sinom Corporation,,
Taiwan expo,"SINTECH TECHNOLOGY CO., LTD.",,
Taiwan expo,Sipearl,,
Taiwan expo,"SISSCA Co., Ltd.",,
Taiwan expo,SIXSENSE PTE. LTD.,,
Taiwan expo,"SKL Tech Co., Ltd.",,
Taiwan expo,SmarAct GmbH,,
Taiwan expo,"SMC Automation Co., Ltd.",,
Taiwan expo,"SMFL MIRAI Partners Company, Limited",,
Taiwan expo,Smiths Interconnect,,
Taiwan expo,"Smytik (Kunshan) Precision Machinery Co.,Ltd",,
Taiwan expo,Solace Corporation,,
Taiwan expo,Solar Plus Company,,
Taiwan expo,Solinide Photonics AB,,
Taiwan expo,Solomon Technology Corp.,,
Taiwan expo,Solstice Advanced Materials,,
Taiwan expo,Sonix Inc,,
Taiwan expo,"Southern Taiwan Science Park Bureau, National Science and Technology Council",,
Taiwan expo,"SOW LONG INDUSTRIAL CO., LTD",,
Taiwan expo,SPD Tech Valley Sdn. Bhd.,,
Taiwan expo,SPECS Surface Nano Analysis GmbH,,
Taiwan expo,"Speedfam Co., Ltd.",,
Taiwan expo,SPT/SMALL PRECISION TOOLS,,
Taiwan expo,"SRT Co., Ltd.",,
Taiwan expo,"SSK Co., Ltd.",,
Taiwan expo,ST Co.,,
Taiwan expo,"Standard Robots Co., Ltd.",,
Taiwan expo,Standard Technology Corporation,,
Taiwan expo,Standex Electronics,,
Taiwan expo,"Star Trade CO., LTD.",,
Taiwan expo,State of Colorado,,
Taiwan expo,State of Idaho,,
Taiwan expo,"S-TEAM Lab, spol. s.r.o.",,
Taiwan expo,"Stella Technology Co., Ltd.",,
Taiwan expo,STMicroelectronics,,
Taiwan expo,"SUCCESSFUL HEART TECHNOLOGY CO., LTD.",,
Taiwan expo,"Sumika Chemical Analysis Service, Ltd.",,
Taiwan expo,"Sumitomo (SHI) Cryogenics Taiwan Co., Ltd",,
Taiwan expo,"Sumitomo Bakelite Co., Ltd.",,
Taiwan expo,"Sumitomo Heavy Industries Material Solutions Co., Ltd.",,
Taiwan expo,"Sumitronics Taiwan Co., Ltd",,
Taiwan expo,"SUN Corporation, Ltd.",,
Taiwan expo,Sun-Opto Technology Corp.,,
Taiwan expo,SUNSUN-TECH,,
Taiwan expo,"Super Air Compressor Technology Co., Ltd.",,
Taiwan expo,SUPERBIN COMPANY LTD.,,
Taiwan expo,SuperPlus TECH,,
Taiwan expo,"Surfx Technologies Taiwan Co., Ltd.",,
Taiwan expo,"SurplusGLOBAL, Inc.",,
Taiwan expo,"SUSS MicroTec (Taiwan) Co., Ltd.",,
Taiwan expo,"SUTING PRECISION INDUSTRIAL CO., LTD.",,
Taiwan expo,"SuZhou Dongmai New Material Technology CO.,Ltd.",,
Taiwan expo,"Suzhou Eoulu System Integration Co.,Ltd.",,
Taiwan expo,Suzhou Ginet new material technology Co.Ltd,,
Taiwan expo,"SuZhou Guangduo Micro, Nano Devices Co., Ltd",,
Taiwan expo,"Suzhou Jingtou Semiconductor Technology Co., Ltd.",,
Taiwan expo,"Suzhou Supermag Intelligent Technology Co.,Ltd.",,
Taiwan expo,Swagelok Taiwan,,
Taiwan expo,SWCC Corporation,,
Taiwan expo,SYENSQO,,
Taiwan expo,"Symtek Automation Asia Co., Ltd.",,
Taiwan expo,Synergie Cad GROUP,,
Taiwan expo,"SynPower Co., Ltd.",,
Taiwan expo,SYNUS Tech,,
Taiwan expo,"SYO Technology Co., LTD.",,
Taiwan expo,System General,,
Taiwan expo,Systems Engineering Inc.,,
Taiwan expo,"T&C Technical Co., Ltd.",,
Taiwan expo,"Ta Liang Advanced Smart Technology Co., Ltd.",,
Taiwan expo,"Tachia Yung Ho Machine Industry Co., Ltd",,
Taiwan expo,"Taichi Metal Material Technology Co., Ltd.",,
Taiwan expo,"TAIHO TOOL MFG. CO., LTD..",,
Taiwan expo,TAIPURE,,
Taiwan expo,"TAIWAN 3AXLE TECHNOLOGY CO., LTD.",,
Taiwan expo,"Taiwan Aerogel Technology Materials Co., Ltd.",,
Taiwan expo,Taiwan Air Water Mach Co. Ltd.,,
Taiwan expo,"TAIWAN ANJI MICROELECTRONICS TECHNOLOGY CO., LTD.",,
Taiwan expo,"Taiwan Asahi Diamond Industrial Co., Ltd.",,
Taiwan expo,TAIWAN ASSOCIATION OF MACHINERY INDUSTRY,,
Taiwan expo,"Taiwan Busway Co., Ltd.",,
Taiwan expo,"TAIWAN CANDEAR INDUSTRY CO., LTD.",,
Taiwan expo,"Taiwan Carrier Tape Enterprise Co., Ltd.",,
Taiwan expo,"TAIWAN CHELIC CO., LTD.",,
Taiwan expo,Taiwan CKD Corporation,,
Taiwan expo,"TAIWAN DAIKIN ADVANCED CHEMICALS, INC.",,
Taiwan expo,"Taiwan Fairfield Electronic Technology CO., LTD.",,
Taiwan expo,TAIWAN FANUC CORPORATION,,
Taiwan expo,Taiwan Fluid Power Association,,
Taiwan expo,"TAIWAN FYLIN INDUSTRIAL CO., LTD.",,
Taiwan expo,TAIWAN GRACE INTERNATIONAL CORPORATION,,
Taiwan expo,Taiwan High-Tech Facility Association,,
Taiwan expo,Taiwan Hirata Corporation,,
Taiwan expo,"Taiwan Kanken Techno Co., Ltd.",,
Taiwan expo,"Taiwan Kong King, Co., Ltd.",,
Taiwan expo,"Taiwan Maxwave Co., Ltd.",,
Taiwan expo,"Taiwan Mitsui Chemicals, Inc.",,
Taiwan expo,"TAIWAN NEW COSMOS ELECTRIC CO., LTD",,
Taiwan expo,"Taiwan Nitta Filter Co., Ltd.",,
Taiwan expo,"TAIWAN PETRO CONVEYOR TRANSMISSION MACHINERY PARTS CO., LTD.",,
Taiwan expo,Taiwan Puritic Corp.,,
Taiwan expo,"TAIWAN SERVO DYNAMICS Co,. LTD",,
Taiwan expo,"TAIWAN SHIIMA ELECTRONICS CO., LTD.",,
Taiwan expo,Taiwan Stock Exchange Corporation,,
Taiwan expo,"TAIWAN TRUEWIN TECHNOLOGY CO., LTD",,
Taiwan expo,"TAIWAN TSUBAKIMOTO TRADING CO.,LTD",,
Taiwan expo,Taiwan Uyemura Co Ltd,,
Taiwan expo,"TAIWAN YUAN TAIFENG OPTRONICS CO., LTD.",,
Taiwan expo,"Takai Precision Co., Ltd",,
Taiwan expo,"Takano Co., Ltd.",,
Taiwan expo,"Takumi Precision Co., Ltd.",,
Taiwan expo,"TANAKA PRECIOUS METAL GROUP CO., LTD.",,
Taiwan expo,TAZMO Apprecia Formosa Inc.,,
Taiwan expo,TDC Corporation,,
Taiwan expo,TDK Corporation,,
Taiwan expo,"TDMC CO., LTD.",,
Taiwan expo,"TECH PLUS PRECISION MACHINERY INDUSTRY CO., LTD.",,
Taiwan expo,"Techgo Industrial Co., Ltd.",,
Taiwan expo,TECHMAN ROBOT INC.,,
Taiwan expo,"Technic Taiwan Co., Ltd.",,
Taiwan expo,"Technic, Inc.",,
Taiwan expo,"Technical & Try Co., Ltd.",,
Taiwan expo,Technoprobe,,
Taiwan expo,"TECNISCO, LTD.",,
Taiwan expo,"TEEN-YU CO., LTD.",,
Taiwan expo,Teesing Taiwan LTD.,,
Taiwan expo,"Tek Crown Technology Co., Ltd.",,
Taiwan expo,"TEKSCAN, MEMS Technology",,
Taiwan expo,Teltec Semiconductor Pacific Limited,,
Taiwan expo,"Tendly Enterprises Co., Ltd.",,
Taiwan expo,Tenpro Advanced Technologies,,
Taiwan expo,Tenstorrent Inc.,,
Taiwan expo,"TeraSolar Energy Materials Corp., Ltd.",,
Taiwan expo,TES ELECTRICAL ELECTRONIC CORP.,,
Taiwan expo,TESCAN GROUP TAIWAN Co. Ltd,,
Taiwan expo,Tesec Corporation,,
Taiwan expo,"Test Research, Inc. (TRI)",,
Taiwan expo,Texwipe Asia,,
Taiwan expo,TFE Inc.,,
Taiwan expo,"T-GLOBAL TECHNOLOGY CO., LTD.",,
Taiwan expo,Thales System Corporation,,
Taiwan expo,"THE LEADER APPLIED MATERIALS CO., LTD.",,
Taiwan expo,"The Marianas, USA",,
Taiwan expo,The Swedish Trade & Invest Council,,
Taiwan expo,THERMAP SOLUTIONS LTD,,
Taiwan expo,"THINTECH MATERIALS TECHNOLOGY CO., LTD. LUKE BRANCH",,
Taiwan expo,"THIRD ENTERPRISE CO., LTD.",,
Taiwan expo,"THK Taiwan Co., Ltd",,
Taiwan expo,THOMASCABLE,,
Taiwan expo,Tinman Advanced System Technology Pte Ltd,,
Taiwan expo,"Titan Electro-Optics Co., Ltd",,
Taiwan expo,"Titan-Semi Co., Ltd.",,
Taiwan expo,TMBA SMART TEAM,,
Taiwan expo,"Tohoku-MicroTec Co., Ltd",,
Taiwan expo,"TOKYO AIRCRAFT INSTRUMENT CO.,LTD.",,
Taiwan expo,"Tokyo Diamond Tools Mfg. Co., Ltd.",,
Taiwan expo,Tokyo Electron Limited,,
Taiwan expo,"Tokyo Keiso Co., Ltd.",,
Taiwan expo,"Tomocube, Inc",,
Taiwan expo,TONG YI MACHINERY INC.,,
Taiwan expo,"Tongtai Machine & Tool Co., Ltd.",,
Taiwan expo,"TOP TECH MACHINES CO., LTD.",,
Taiwan expo,"Topco Scientific Co., Ltd.",,
Taiwan expo,TopoLogic Inc.,,
Taiwan expo,"Toray Engineering Co., Ltd.",,
Taiwan expo,"Toward Technologies, Inc.",,
Taiwan expo,"Toyo Adtec co., Ltd.",,
Taiwan expo,"TOYO AUTOMATION CO., LTD.",,
Taiwan expo,"T-PARUS TECHNOLOGY CO., LTD.",,
Taiwan expo,TQC PRECISION ENGINEERING PTE. LTD,,
Taiwan expo,Tracoworld Ltd.,,
Taiwan expo,"Transworld Steel Enterprise Co., Ltd.",,
Taiwan expo,Trebor International,,
Taiwan expo,Trelleborg Sealing Solutions Taiwan Co. Ltd,,
Taiwan expo,Tricorntech Corporation,,
Taiwan expo,"Trident Green Environmental Technology Co., Ltd.",,
Taiwan expo,"TrInity Analysis Tech Co., Ltd.",,
Taiwan expo,TRIPOD Technology Corporation,,
Taiwan expo,"Tronic Purity, Inc.",,
Taiwan expo,Tronstek International Inc.,,
Taiwan expo,"TRUMPF Taiwan Industries Co., Ltd.",,
Taiwan expo,"TRUST CLEAN TECHNOLOGY CO., LTD.",,
Taiwan expo,Trusval Technology Co. Ltd.,,
Taiwan expo,"TS RF Instruments Co., Ltd.",,
Taiwan expo,"TSE Co., Ltd.",,
Taiwan expo,TSI INCORPORATED,,
Taiwan expo,"Tuner Technology Co., Ltd.",,
Taiwan expo,TURBO FORTUNE TECHNOLOGY INC.,,
Taiwan expo,TurboNext.ai,,
Taiwan expo,Turnkey Solutions Technology LTD.,,
Taiwan expo,U.K. TECHNOLOGY CORP.,,
Taiwan expo,"Uangyih-Tech Industrial Co., Ltd.",,
Taiwan expo,"Ucome Tech Co., Ltd",,
Taiwan expo,Ueki Corporation,,
Taiwan expo,"Ueno Seiki Co., Ltd.",,
Taiwan expo,UK Pavilion,,
Taiwan expo,"Ultraband Technologies, Inc.",,
Taiwan expo,"ULTRA-PAK INDUSTRIES CO., LTD.",,
Taiwan expo,ULVAC Taiwan Inc.,,
Taiwan expo,Umicore Thin Film Products AG,,
Taiwan expo,"Underwriters Laboratories Taiwan Co., Ltd.",,
Taiwan expo,Unice E-O Services Inc.,,
Taiwan expo,"Uni-Crown Co., Ltd.",,
Taiwan expo,Union Square International Corp.,,
Taiwan expo,UNITECHNO INC.,,
Taiwan expo,"United C&N Co., Ltd.",,
Taiwan expo,"United Precision Technologies Co.,Ltd.",,
Taiwan expo,United Silicon Innovation Corp.,,
Taiwan expo,UniTest Taiwan,,
Taiwan expo,"Ushio Taiwan, Inc.",,
Taiwan expo,"USUN TECHNOLOGY CO., LTD",,
Taiwan expo,USYNC INC.,,
Taiwan expo,"Utechzone Co., Ltd.",,
Taiwan expo,"UTRUN-TECH CO., LTD.",,
Taiwan expo,"UVAT Technology Co., Ltd.",,
Taiwan expo,"Valex Semiconductor Materials (zhejiang) Co.,Ltd",,
Taiwan expo,VALUE IMPACT CORPORATION TAIWAN BRANCH,,
Taiwan expo,"VALUE VALVES CO., LTD.",,
Taiwan expo,"VASTI TECHNOLOGIES CO., LTD",,
Taiwan expo,"VAT Taiwan Co, Ltd.",,
Taiwan expo,"Vector Japan Co.,Ltd",,
Taiwan expo,VECTOR PHOTONICS LIMITED,,
Taiwan expo,Veego Corporation,,
Taiwan expo,Vellex Computing,,
Taiwan expo,VEOLIA,,
Taiwan expo,Vermes Microdispensing GmbH,,
Taiwan expo,Vero Veria Corporation,,
Taiwan expo,Vervesemi Microelectronics Pvt Ltd,,
Taiwan expo,Vieworks Co.，Ltd.,,
Taiwan expo,VIMIC Electronic Corp.,,
Taiwan expo,VISION IV Corporation,,
Taiwan expo,ViTrox Technologies Sdn. Bhd.,,
Taiwan expo,"V-Tech Precision Co., Ltd",,
Taiwan expo,VX Instruments GmbH,,
Taiwan expo,"WA NEW TECHNOLOGY CO., LTD.",,
Taiwan expo,"WACOM TAIWAN CO., LTD.",,
Taiwan expo,Wafer Works Corporation,,
Taiwan expo,Waftech Sdn. Bhd.,,
Taiwan expo,Wah Lee Industrial Corp.,,
Taiwan expo,Watty Corporation,,
Taiwan expo,WAVE PHOTONICS LTD,,
Taiwan expo,WEBB LTD.,,
Taiwan expo,"WEISUN INDUSTRIAL CO., LTD.",,
Taiwan expo,"WELL THIN TECHNOLOGY, LTD.",,
Taiwan expo,Weltall Technology Corporation,,
Taiwan expo,Werner Lieb GmbH,,
Taiwan expo,WESI Technology Limited,,
Taiwan expo,"WEXTEN PRECISE INDUSTRIES CO., LTD.",,
Taiwan expo,"White Knight Fluid Handling, Inc.",,
Taiwan expo,WIN Semiconductors Corp.,,
Taiwan expo,"Win Win Precision Technology Co., Ltd.",,
Taiwan expo,"Winchain Material Technology CO.,LTD.",,
Taiwan expo,Wings Global Technology Inc.,,
Taiwan expo,WINIFRED INTERNATIONAL TECHNOLOGY LIMITED TAIWAN BRANCH,,
Taiwan expo,"WINSON MACHINERY CO., LTD.",,
Taiwan expo,"WinWay Technology Co., Ltd.",,
Taiwan expo,"Wire Technology Co., Ltd.",,
Taiwan expo,Wisdom Power International Corporation LTD,,
Taiwan expo,"WITH SYSTEM CO.,LTD.",,
Taiwan expo,"Wonik Quartz Taiwan Co.,LTD",,
Taiwan expo,"World Diamond Materials Co.,Ltd.",,
Taiwan expo,"Xinxiang Shengda Filtration Technique Co.,Ltd",,
Taiwan expo,"xMEMS Labs,Inc.",,
Taiwan expo,Xtreme Testek Inc.,,
Taiwan expo,"YAHO System Technology Co., Ltd.",,
Taiwan expo,Yamaguchi Industrial Promotion Foundation,,
Taiwan expo,YASKAWA ELECTRIC TAIWAN CORPORATION,,
Taiwan expo,"Yeh Jeh Co., Ltd",,
Taiwan expo,Yen Ann Technology Company Limited,,
Taiwan expo,YeSiang Enterprise Co. Ltd,,
Taiwan expo,"Yeson Waterteatment Co., LTD.",,
Taiwan expo,Yield Engineering Systems,,
Taiwan expo,"YJ STAINLESS CO., LTD.",,
Taiwan expo,"YMT CO.,LTD TAIWAN BRANCH (KOREA)",,
Taiwan expo,YODN Lighting Corp.,,
Taiwan expo,"Yodogawa Taiwan Co., Ltd.",,
Taiwan expo,Yonata Electronics,,
Taiwan expo,YoungTek Electronics Corp.,,
Taiwan expo,"YU PENG TECHNOLOGY CO., LTD.",,
Taiwan expo,"Yu Shyan System Technology Materials Co., Ltd.",,
Taiwan expo,"YUAN JING PRECISION CO., LTD.",,
Taiwan expo,YU-CHEN SYSTEM TECHNOLOGY CORP.,,
Taiwan expo,"YUDEN-TECH CO., LTD.",,
Taiwan expo,Yuhon Enterprise Corporation,,
Taiwan expo,YUJAY Technology Inc.,,
Taiwan expo,"Yujeong System Co., Ltd.",,
Taiwan expo,ZEN VOCE CORPORATION,,
Taiwan expo,Zeon Corporation,,
Taiwan expo,Zero One Semiconductor Technology (Changzhou) Co. Ltd.,,
Taiwan expo,Zestron Taiwan Ltd.,,
Taiwan expo,"ZhangJiaGang AnChu Technology CO.,LTD.",,
Taiwan expo,"Zhejiang Futong Quartz New Material Co.,Ltd",,
Taiwan expo,"Zhejiang Hangke Instrument Co., Ltd.",,
Taiwan expo,"ZheJiang OPAL Quartz Tech Co.,Ltd",,
Taiwan expo,"Zhejiang Yuanxin Advanced Material Co.,Ltd",,
Taiwan expo,"ZHI HUI CO., LTD.",,
Taiwan expo,"Zhonghuan Advanced Semiconductor Technology Co.,Ltd.",,
Taiwan expo,"Zhongshan MEISU Technology Co.,Ltd.",,
Taiwan expo,"ZI YI ELECTRICAL ENGINEERING CO., LTD.",,
Taiwan expo,"Zillion Tek Co., Ltd",,
Taiwan expo,"Zimmerman Scientific Co., Ltd.",,
Taiwan expo,"Z-MAX SYSTEM CONTROL CO., LTD.",,
India expo,Zhivam Private Limited,,
India expo,Zestron Surface Technology Solutions India Private Limited,,
India expo,Yield Engineering Systems India Pvt ltd,,
India expo,"Yamaha Robotics Co., Ltd.",,
India expo,WOG Technologies Limited,,
India expo,Wisely Gobal Solutions Pte Ltd,,
India expo,WFD Pavilion,,
India expo,Waaree Clean Energy Services,,
India expo,VT VACUUM TECHNOLOGIES PVT LTD,,
India expo,VSORA,,
India expo,VMC SEMICON FRAME INDIA PRIVATE LIMITED,,
India expo,Vivekananda Institute of Professional Studies-Technical Campus,,
India expo,Vishwakarma Institute of Technology Pune,,
India expo,VIETNAM CULLINAN ELECTRIC LIMTD,,
India expo,Vesidam Technologies,,
India expo,Vervesemi Microelectronics Pvt Ltd,,
India expo,Veolia,,
India expo,VEECO Asia PTE LTD.,,
India expo,Vayusodh Applied Systems and Technologies LLP,,
India expo,VAT Singapore Pte Ltd,,
India expo,"Valex Semiconductor Materials (zhejiang) Co.,Ltd",,
India expo,Vaisala India Private Limited,,
India expo,VADILAL CHEMICALS LIMITED,,
India expo,Uttar Pradesh Electronics Corporation Limited,,
India expo,UST,,
India expo,Unites Systems a.s.,,
India expo,UNIMARK HI-TECH SOLUTIONS LLP,,
India expo,UNICORN ENTERPRISE,,
India expo,ULVAC Singapore Pte Ltd India Branch,,
India expo,UHP Technologies Pvt Ltd,,
India expo,TUBACEX SERVICE SOLUTIONS INDIA PVT LTD,,
India expo,TRUMPF (India) Pvt. Ltd.,,
India expo,Truesilicon Technology Private Limited,,
India expo,Truechip Solutions Private Limited India App ID: SE26-Q18YR,,
India expo,Trokut Solutions Pvt Ltd,,
India expo,Trojan Technologies,,
India expo,TriQuanta Labs,,
India expo,Transport Corporation Of India Limited,,
India expo,TPST Services Private Limited,,
India expo,TOYOTA TSUSHO INDIA PVT.LTD,,
India expo,Towa Corporation,,
India expo,Toray Industries Inc,,
India expo,"TOKYO SEIMITSU CO., LTD.",,
India expo,"TOKYO OHKA KOGYO CO., LTD.",,
India expo,Tokyo Electron Limited,,
India expo,"Toho Koki Seisakusho Co., Ltd.",,
India expo,Toho international Inc.,,
India expo,TMEIC Industrial Systems India Private Limited,,
India expo,THK India Private Limited,,
India expo,ThirdAI Automation Inc,,
India expo,Thinky Corporation,,
India expo,Thermo Fisher Scientific India Pvt Ltd,,
India expo,Thermo Electric Company INC,,
India expo,Thermax Limited,,
India expo,Tesscorn NanoScience Inc,,
India expo,"TES Co., Ltd.",,
India expo,"Teradyne, Inc.",,
India expo,Techsol Engineers,,
India expo,Tech Mahindra Ltd,,
India expo,"TAZMO Co., Ltd.",,
India expo,Tata Electronics Pvt.Ltd,,
India expo,Tanaka Kikinzoku (India) Private Limited,,
India expo,Tahinium Technologies Private Limited,,
India expo,TAAAYANAM,,
India expo,Syrma SGS Technology Limited,,
India expo,SYNTEC AIRFLOW SYSTEMS,,
India expo,Synergy Machine Tools,,
India expo,SYMPHONY ENGINEERING SDN BHD,,
India expo,Swagelok,,
India expo,Swadeza Venture Private Limited,,
India expo,SVAN ANALYTICAL INSTRUMENTS PVT LTD,,
India expo,SurplusGLOBAL,,
India expo,SUPER MOUNT PACK PVT. LTD.,,
India expo,SUMITOMO CHEMICAL,,
India expo,Sumitomo Bakelite Singapore Pte. Ltd.,,
India expo,SUCHI SEMICON PRIVATE LIMITED,,
India expo,Struent Semiconductors Private Limited,,
India expo,StraitsMicro Pte. Ltd.,,
India expo,STERIMED KOCHI PRIVATE LIMITED,,
India expo,Steri Professional Workwear Pvt Ltd,,
India expo,Startup Pavilion,,
India expo,Spray Engineering Devices Limited,,
India expo,Specmax Technologies Pte Ltd,,
India expo,Sojitz Corporation,,
India expo,Society for Information Display,,
India expo,"Smiths Interconnect, a Molex company",,
India expo,SMC Corporation (India) Pvt. Ltd.,,
India expo,Singapore Precision Engineering and Technology Association (SPETA),,
India expo,SIMCO Global Technology & Systems Ltd.,,
India expo,Silicon Creations,,
India expo,SignOff Semiconductors,,
India expo,SiCSem Private Limited,,
India expo,SHREE VISHWAKARMA,,
India expo,Shin-Etsu Polymer India pvt ltd,,
India expo,Shimizu Corporation India Pvt. ltd.,,
India expo,Shilpa Pharma Lifesciences Limited,,
India expo,SHAVO TECHNOLOGIES PVT LTD,,
India expo,SGS INDIA PRIVATE LIMITED,,
India expo,SFE GROUP (INDIA) PVT. LTD.,,
India expo,SET CORPORATION SA,,
India expo,SENSOFAR - TECH,,
India expo,Sensesemi Technologies Pvt Ltd,,
India expo,SEMITRONIX SOLUTIONS LLP,,
India expo,Semics Inc.,,
India expo,SEMICONMART TECHNOLOGY PRIVATE LIMITED,,
India expo,Semicon Speciality Gases Pvt Ltd,,
India expo,SEMICON FAB TECHNOLOGIES PRIVATE LIMITED,,
India expo,Semi-Conductor Laboratory,,
India expo,SEMI Booth,,
India expo,SEICO HI-PURITY TUBES PVT. LTD.,,
India expo,SEBA Inc.,,
India expo,SCREEN SPE Singapore Pte. Ltd.,,
India expo,Scientific Research Instruments Company Pvt Ltd,,
India expo,Schneeberger India Pvt. Ltd,,
India expo,SB TECH Corporation,,
India expo,Sawant Process Solutions Private Limited,,
India expo,SASTRA Deemed University,,
India expo,SARVTEK,,
India expo,Sartorius India Pvt. Ltd.,,
India expo,Sangir Plastics Private Limited,,
India expo,Sandisk India Device Design Centre Private Limited,,
India expo,Sams Advanced Climatic Technologies Pvt. Ltd,,
India expo,"Samil Tech Co., LTD.",,
India expo,Samco Inc.,,
India expo,SAM Technologies,,
India expo,SAM PRODUCTS PVT LTD,,
India expo,Sainor labs,,
India expo,Sahasra Semiconductor Private Limited,,
India expo,Sagar Speciality Chemicals Private Limited,,
India expo,Roxtec India Pvt. Ltd.,,
India expo,ROTAREX,,
India expo,"ROOTS CO., LTD",,
India expo,ROKKO Systems Pte Ltd,,
India expo,ROECHLING INDUSTRIAL INDIA PRIVATE LIMITED,,
India expo,RMM and ASSOCIATES,,
India expo,RIR Power Electronics Limited,,
India expo,"RIKEN KEIKI Co., Ltd.",,
India expo,Rieco Industries Ltd,,
India expo,Resonac Corporation,,
India expo,RCMPA POLISHING TECH PVT LTD,,
India expo,Rayvector Technologies Pvt Ltd,,
India expo,Raychemrpg,,
India expo,Rapid Global Business Solution (I) Pvt Ltd.,,
India expo,Ramaiah Academy Foundation,,
India expo,RAJASTHAN METAL SMELTING CO.,,
India expo,RAHUL FERROMET & ENGINEERING PVT. LTD.,,
India expo,Raana Semiconductors Pvt Ltd,,
India expo,QVI India Private Limited,,
India expo,Quantel Global Pte Ltd,,
India expo,QES MECHATRONIC SDN BHD,,
India expo,PVA TePla AG,,
India expo,PURITECH NOIDA PVT LTD,,
India expo,Ptw Semiconductor India Private Limited,,
India expo,Primionics Pvt. Ltd.,,
India expo,Prama Instruments Pvt Ltd,,
India expo,Praj HiPurity Systems Ltd,,
India expo,Power Cube Semi,,
India expo,Pophen Technology India Pvt Ltd,,
India expo,Plug and Play Kyoto / Kyoto City,,
India expo,PILLAR Corporation,,
India expo,Picotech Solutions Pte Ltd,,
India expo,Pfeiffer Vacuum (India) Private Limited,,
India expo,PEMTRON Corporation,,
India expo,Parker Hannifin India Pvt Ltd,,
India expo,Park Systems India Pvt Ltd,,
India expo,Pandit Deendayal Energy University Gandhinagar,,
India expo,Panam Engineers Limited,,
India expo,PADMINI INNOVATIVE MARKETING SOLUTIONS PVT.LTD,,
India expo,Oxford Instruments INDIA Pvt. Ltd.,,
India expo,ORISSA COMPUTER APPLICATION CENTRE,,
India expo,Oriental Motor (India) Private Limited India,,
India expo,Onyx Robotic and Automation Pvt Ltd,,
India expo,Onto Innovation,,
India expo,OneSystems Technologies Pte. Ltd.,,
India expo,Om Logistics Supply Chain Private Limited India,,
India expo,"Okins Electronics Co., Ltd",,
India expo,OKAYA & CO. INDIA PRIVATE LIMITED,,
India expo,OKAMOTO INDIA PRIVATE LIMITED,,
India expo,Ohara Optical (M) Sdn Bhd,,
India expo,NYXSES INDIA PRIVATE LIMITED,,
India expo,Numelo Technologies,,
India expo,NSW Automation Sdn Bhd,,
India expo,NMTronics India Pvt. Limited,,
India expo,NITTO KOHKI India Pvt Ltd,,
India expo,Nitto Denko India Pvt Ltd,,
India expo,Nitta Corporation India Pvt Ltd,,
India expo,NISSEI CORPORATION,,
India expo,"NIPPON THOMPSON CO., LTD.",,
India expo,NIPPON SANSO INDIA PRIVATE LIMITED,,
India expo,Nippon Fusso India Pvt. Ltd.,,
India expo,NIPPON EXPRESS （SOUTH ASIA & OCEANIA） PTE. LTD.,,
India expo,NIDEC ADVANCE TECHNOLOGY CORPORATION,,
India expo,Nicomac Taikisha Cleanrooms Pvt. Ltd,,
India expo,"NHK Spring Co., Ltd.",,
India expo,NEXGEN POWER,,
India expo,NEW AGE INSUTRUMENTS AND MATERIALS PRIVATE LIMITED,,
India expo,NETWEB TECHNOLOGIES INDIA LIMITED,,
India expo,Netrasemi Private Limited,,
India expo,Netherlands Pavilion,,
India expo,NeevSemi India Private limited,,
India expo,Navin Fluorine International Limited,,
India expo,National Institute of Technical Teachers Training and Research,,
India expo,Nasscom,,
India expo,"Nanoscale Research Facility, IIT Delhi",,
India expo,Nano Clean Technologies,,
India expo,Nagase India pvt ltd,,
India expo,MyCAE India Pvt Ltd,,
India expo,MumbaiSemi,,
India expo,Multi Nano Sense Technologies Private Limited,,
India expo,MTU India Private Limited,,
India expo,MOSCHIP,,
India expo,Morphing Machines Private Limited,,
India expo,Morimura Brothers Trading India Pvt Ltd,,
India expo,Modutek Corporation,,
India expo,Mitutoyo South Asia Private Limited,,
India expo,Mitsui Chemicals India Pvt. Ltd.,,
India expo,Misumi India Private Limited,,
India expo,Mirafra Software Technologies Pvt. Ltd.,,
India expo,Mindox Techno Pte. Ltd.,,
India expo,Mindgrove Technologies,,
India expo,Millice PTE LTD,,
India expo,Mihama India Pvt Ltd,,
India expo,Micron Technology Operations India LLP,,
India expo,Micro Epsilon India Private Limited,,
India expo,Micro Engineering Inc.,,
India expo,Mi Equipment Pte. Ltd.,,
India expo,Mettler-Toledo India Pvt. Ltd,,
India expo,Metkorp Equipments Pvt Ltd.,,
India expo,"Merck Performance Materials Co., Ltd.",,
India expo,Membrane Solutions Corp.,,
India expo,Membrane Group India Pvt Ltd,,
India expo,Mel Systems and Services Limited,,
India expo,MEINHARDT EPCM (INDIA) PRIVATE LIMITED,,
India expo,MediaMac Pte Ltd,,
India expo,Mechmaark filters india pvt Ltd,,
India expo,MBit Wireless Pvt. Ltd,,
India expo,MayAir Singapore Pte. Ltd.,,
India expo,MAXVY Technologies Pvt Ltd,,
India expo,MAXIM SMT TECHNOLOGIES PVT LTD,,
India expo,"Maxell Asia, Ltd",,
India expo,Maverick Engineering Company,,
India expo,MatterWave Technologies Private Limited,,
India expo,MASCOT SYSTEMS PRIVATE LIMITED,,
India expo,Maharashtra Industrial Development Corporation,,
India expo,Madhya Pradesh State Electronics Development Corporation (MPSEDC),,
India expo,Machine House (India) Pvt. Ltd.,,
India expo,MacDermid Alpha Electronics Solutions,,
India expo,Lucky Deep Cleanroom Pvt. Ltd.,,
India expo,LPS Bossard Pvt. Ltd.,,
India expo,"LINTEC Co., Ltd.",,
India expo,LINTEC ADVANCED TECHNOLOGIES (SINGAPORE ) PTE LTD,,
India expo,Lindstrom India,,
India expo,Linde India,,
India expo,LightSpeed Photonics,,
India expo,Leica Microsystems-A Division of DHR Holding India Pvt Ltd,,
India expo,LeadIC Design,,
India expo,"Lasertec U.S.A., Inc.",,
India expo,"LanceSoft, Inc.",,
India expo,Lam Research India Pvt Ltd,,
India expo,Labort Fine Chem Pvt Ltd,,
India expo,Labindia Instruments Pvt. Ltd.,,
India expo,L&T Semiconductor technologies,,
India expo,Kyoritsu Electric India Pvt. Ltd.,,
India expo,Kurin Tech Private Limited,,
India expo,Kulicke & Soffa Pte Ltd,,
India expo,Kuehne + Nagel India,,
India expo,KRISHNA INTERNATIONAL INSTRUMENTS,,
India expo,Krisemi Design Technologies Pvt Ltd,,
India expo,KPT Piping System Private Limited,,
India expo,Korea Trade-Investment Promotion Agency (KOTRA),,
India expo,KOKUSAI ELECTRIC,,
India expo,KOCOS,,
India expo,Kleenclad International Private Limited,,
India expo,KLA Corporation,,
India expo,KITZ SCT CORPORATION,,
India expo,KISCO LTD.,,
India expo,Kinesis Semiconductor Wire Solutions India Pvt Ltd,,
India expo,KIANSH INTERNATIONAL TECHNOLOGIES PVT LTD,,
India expo,Khurana & Khurana (K&K),,
India expo,KEYSIGHT TECHNOLOGIES INDIA PRIVATE LIMITED,,
India expo,Kaynes Semicon Private Limited,,
India expo,Kay International Pvt. Ltd.,,
India expo,"Karnataka Innovation and Technology Society, Government of Karnataka",,
India expo,"Kanken Techno Co., Ltd.",,
India expo,Kaijo Corporation,,
India expo,"Jung Sung Tech Co.,Ltd.",,
India expo,Jubilant Ingrevia Limited,,
India expo,JT Corp.,,
India expo,JSR Electronic Materials Singapore Pte Ltd,,
India expo,"JMJ Korea Co., Ltd",,
India expo,JITECH INDIA PRIVATE LIMITED,,
India expo,Jipal Hi-Tech,,
India expo,Jindal SAW Ltd.,,
India expo,"Jiangsu Jinggong Semicon Equipment Co., Ltd",,
India expo,JEOL INDIA PRIVATE LIMITED,,
India expo,Japan India Business Bureau (NPO),,
India expo,Janatics Global Solutions Pvt. Ltd.,,
India expo,izmo microsystems private limited,,
India expo,Iwate Industry Promotion Center,,
India expo,Ion Exchange (India) Ltd.,,
India expo,INVENTEC Performance Chemicals,,
India expo,Intics.ai INC,,
India expo,INTERTEC SQUARED INC,,
India expo,International Green Technology Japan,,
India expo,"INTERNATIONAL FACILITY ENGINEERING PTE. LTD.,",,
India expo,IntelliSense Software,,
India expo,"Integrated Cleanroom Technologies Pvt. Ltd.,",,
India expo,INOX Air Products Private Limited,,
India expo,INNOWELL ENGINEERING INTERNATIONAL PVT LTD,,
India expo,Ingersoll Rand India Ltd.,,
India expo,Infosys,,
India expo,Industrial Vision Technology (S) Pte Ltd.,,
India expo,Indnix Technology Limited,,
India expo,Indian Institute of Information Technology and Management Kerala,,
India expo,"Indian Design, Semiconductors, Packaging and Systems (IDSPS)",,
India expo,"INABATA&Co.,Ltd.",,
India expo,Ihara Science Corp.,,
India expo,IBM India Private Limited,,
India expo,I R Technology Services Pvt Ltd,,
India expo,HYSPEC CHEMICALS PRIVATE LIMITED,,
India expo,HYC Precision Engineering Private Limited,,
India expo,HVAX TECHNOLOGIES LIMITED,,
India expo,Humidity Technologies India,,
India expo,Huake Engineenring India pvt. ltd.,,
India expo,HTL COMPANY INDIA PRIVATE LIMITED,,
India expo,HP Valves & Fittings India Private Limited,,
India expo,HORIBA India,,
India expo,Honeywell International India PVT LTD,,
India expo,"Homwell Co., Ltd.",,
India expo,HMC Sales & Service Pte Ltd.,,
India expo,Hitech Tools & Instruments,,
India expo,Hitachi High-Tech,,
India expo,Hilti India Private Limtied,,
India expo,HIGHSTAR TECHNOLOOGY PRIVATE LIMITED,,
India expo,HIGGS BOSON SYSTEMS PRIVATE LIMITED,,
India expo,Heidelberg Instruments Mikrotechnik GmbH,,
India expo,Hegzaflon Global pvt ltd,,
India expo,HCP Technologies Private Limited,,
India expo,HCLTech,,
India expo,Hankyu Hanshin Express India Pvt. Ltd.,,
India expo,HANKOOM WATTTECH ENERGY INDIA PRIVATE LIMITED,,
India expo,Handotai India Pvt Ltd,,
India expo,HAMAMATSU PHOTONICS K.K.,,
India expo,"Hae Kwang Co., Ltd.",,
India expo,H2LooP AI pvt. ltd.,,
India expo,Gujarat State Electronics Mission,,
India expo,GUJARAT FLUOROCHEMICALS LTD,,
India expo,Guidance Tamil Nadu,,
India expo,"GST CO., LTD.",,
India expo,GRUNDFOS PUMPS INDIA PVT LTD,,
India expo,Grindwell Norton Ltd.,,
India expo,Greene Tweed & Co./Vin-Tec Engineers,,
India expo,Green PMU Semi Private Limited,,
India expo,Grauer and Weil (India) Limited,,
India expo,Gopalam Embedded Systems Pte Ltd,,
India expo,GMP Technical Solutions Pvt Ltd,,
India expo,GLOBETEK INDIA PRIVATE LIMITED,,
India expo,GLOBAL ZEUS,,
India expo,Global Now Pte. Ltd.,,
India expo,Global Marketing Services,,
India expo,GfG - Gesellschaft für Gerätebau mbH,,
India expo,GERB Vibration Control Systems Pvt Ltd,,
India expo,GenISys GmbH,,
India expo,Genisup,,
India expo,GENIC Co. Ltd.,,
India expo,GCE India Pvt. Ltd,,
India expo,Gastron Asia Pacific Pte. Ltd,,
India expo,GAMP SERVICES PVT LTD,,
India expo,"Fujikin, Incorporated",,
India expo,FUJIFILM India Pvt. Ltd,,
India expo,FS COMPRESSORS INDIA PVT LTD,,
India expo,Forbes Marshall Pvt Ltd,,
India expo,Fluro Engineering Pvt Ltd,,
India expo,Fluor,,
India expo,Flowell Corporation,,
India expo,FIXOTEC PIPE SUPPORTS PRIVATE LIMITED,,
India expo,FILMTEC WATER SOLUTIONS INDIA PRIVATE LIMITED,,
India expo,Festo India Private Limited,,
India expo,FELCON CLEAN ROOM TECHNOLOGY (INDIA) PRIVATE LIMITED,,
India expo,FEC India Private Limited,,
India expo,Fabtech Technologies Cleanrooms Pvt Ltd,,
India expo,Evident Scientific Private Limited,,
India expo,Evatec AG,,
India expo,EV Group,,
India expo,Esmo Asia Pte. Ltd.,,
India expo,Epowerx-Evolve,,
India expo,"EO Technics Singapore Pte, Ltd.",,
India expo,Eltech Engineers Pvt Ltd,,
India expo,Ellipsiz DSS Pte Ltd,,
India expo,Electronics Sector Skills Council of India,,
India expo,El Camino Technologies Pvt Ltd,,
India expo,Einnosys Technologies,,
India expo,EFY Enterprises Pvt Ltd,,
India expo,Edwards India Pvt Ltd,,
India expo,Edveon Technologies Private Limited,,
India expo,EDGETECH SCIENTIFIC PRIVATE LIMITED,,
India expo,Edgetech Air Systems Pvt. Ltd.,,
India expo,EdgeCortix India Research Center Pvt Ltd,,
India expo,Ecolab,,
India expo,Ebara Corporation,,
India expo,E3 TECH SYSTEMS AND SERVICES LLP,,
India expo,DYNA Filters Private Limited,,
India expo,Durga Mechatronics Pvt. Ltd.,,
India expo,DTECH PRODUCTS PVT LTD,,
India expo,Dou Yee Enterprises (S) Pte Ltd,,
India expo,Dockweiler India Pvt Ltd,,
India expo,Dixon Technologies (India) Limited,,
India expo,Disco Hi-Tec (Singapore) Pte Ltd.,,
India expo,Dhruv Compusoft consultancy pvt ltd,,
India expo,DHL Supply Chain India,,
India expo,"Department of Industries, Govt. of Bihar",,
India expo,Delta Electronics India Pvt Ltd,,
India expo,Deerns Spectrum Private Limited,,
India expo,DeepLase Technologies,,
India expo,DDE ULTRA HIGH PURITY PRIVATE LIMITED,,
India expo,DCAS Technologies,,
India expo,Dassault Systèmes,,
India expo,Danfoss Industries Pvt. Ltd.,,
India expo,Daksh Instruments Pvt Ltd,,
India expo,DAIKIN CHEMICAL INDIA PRIVATED LTD.,,
India expo,DAIICHI JITSUGYO INDIA PVT. LTD.,,
India expo,"DAIFUKU CO, LTD.",,
India expo,Cyient Semiconductors Pvt Ltd,,
India expo,Cubetor India Private Limited.,,
India expo,Crystal Matrix Limited,,
India expo,Cryogenic Specialty Manufacturing Sdn. Bhd.,,
India expo,CraftifAI,,
India expo,COVERIFY SYSTEMS TECHNOLOGY LLP,,
India expo,"CoreTech System (Moldex3D) Co., Ltd.",,
India expo,Cohizon Life Sciences,,
India expo,CNW- Courier Network,,
India expo,CN Water Systems Private Limited,,
India expo,CleanTech Services India Pvt Ltd,,
India expo,Clariant,,
India expo,CKD Corporation,,
India expo,circuitEvolve,,
India expo,Cir-Q-Tech Tako Technologies Pvt. Ltd.,,
India expo,Chukoh Chemical Industries Limited,,
India expo,Chipspirit Technologies Pvt Ltd,,
India expo,ChipIN Centre,,
India expo,CHIPEX TECHNOLOGIES PRIVATE LIMITED,,
India expo,Chasen (India) Hi-Tech Logistics Services Private Limited,,
India expo,CG SEMI PRIVATE LIMITED,,
India expo,CeramTec GmbH,,
India expo,Centre for Semiconductor Technologies (SemiX) IIT Bombay,,
India expo,Centre for Nano Science & Engineering (IISc),,
India expo,Centre for Development of Advanced Computing,,
India expo,Center for Research Excellence in Semiconductor Technologies (BITS Pilani),,
India expo,CECO Environmental Solutions India Pvt. Ltd.,,
India expo,CDIL Semiconductors Private Limited,,
India expo,CCD Technical Solutions Pvt Limited,,
India expo,Carl Zeiss India (Bangalore) Pvt Ltd,,
India expo,Canon Singapore Pte Ltd,,
India expo,CALIBER INTERCONNECTS PRIVATE LTD,,
India expo,CADFEM India - Ansys Elite Partner,,
India expo,Cadence Design Systems,,
India expo,Business Sweden,,
India expo,Buhler (India) Pvt. Ltd.,,
India expo,Bry-Air (Asia) Pvt. Ltd.,,
India expo,Bruker India Scientific Pvt Ltd,,
India expo,Brain Domain Pte Ltd,,
India expo,"BMT Co., Ltd.",,
India expo,BIS INFOTECH,,
India expo,Bigprosolution PVT LTD,,
India expo,BHORUKA SPECIALTY GASES PRIVATE LIMITED,,
India expo,Bharatam Mechatronics Private Limited,,
India expo,Bharat Semitech Pvt LTd,,
India expo,Bharat Forge Limited,,
India expo,Besi Singapore Pte. Ltd.,,
India expo,Bergen Systems Pvt. Ltd.,,
India expo,"Bangalore Refinery Pvt Ltd.,",,
India expo,BABA FINE CHEMICALS,,
India expo,AZELIS (INDIA) PRIVATE LIMITED,,
India expo,Avcon Technics Pvt Ltd,,
India expo,AVANT GARDE CLEANROOM & ENGG. SOLUTIONS PVT LTD,,
India expo,Automated Tooling Systems India Pvt. Ltd,,
India expo,Atlas Copco India Private Limited,,
India expo,ATCO ATMOSHPERIC AND SPECILAITY GASES,,
India expo,Atantri Communications Pvt Ltd,,
India expo,Astro Plasma Private Limited,,
India expo,Asterion Semitech Private Limited,,
India expo,Astec Valves & Fittings Pvt. Ltd.,,
India expo,Assam Industrial Development Corporation Limited (Government of Assam),,
India expo,ASMPT Singapore,,
India expo,ASML Technology Taiwan Ltd,,
India expo,ASM Technologies LTD,,
India expo,ASM HHV ENGINEERING PRIVATE LIMITED,,
India expo,Ascentrade India Private Limited,,
India expo,ASAHI DIAMOND INDUSTRIAL INDIA PVT. LTD.,,
India expo,Arvind Envisol Limited,,
India expo,Aquatech Systems (Asia) Pvt. Ltd.,,
India expo,Applied Materials India Pvt. Ltd.,,
India expo,APP SYSTEMS SERVICES PTE LTD,,
India expo,APK AQUATECH PVT. LTD.,,
India expo,Ansell India Protective Products Pvt Ltd,,
India expo,Anora Instrumentation Private Limited,,
India expo,ANEMO PRIME,,
India expo,Andhra Pradesh Economic Development Board - Govt of Andhra Pradesh,,
India expo,ANANANT SYSTEMS PRIVATE LIMITED,,
India expo,Ample Semiconductors Private Limited,,
India expo,Amity University Uttar Pradesh Noida,,
India expo,Ami Polymer,,
India expo,AMD India Private Limited,,
India expo,ALLIED RESOURCING,,
India expo,ALIGNED TEST PTE LTD,,
India expo,Akros Trading India Pvt Ltd,,
India expo,Akribis Systems Pte Ltd,,
India expo,AIRTECH SYSTEMS INDIA PVT LTD,,
India expo,AirLife Gases Pvt. Ltd,,
India expo,Air Water India Pvt Ltd,,
India expo,Air Liquide India Holding Pvt Ltd,,
India expo,Aimil Ltd,,
India expo,AHEESA DIGITAL INNOVATIONS PRIVATE LIMITED,,
India expo,AGRU Plastic Technology Pvt Ltd,,
India expo,AGNIT Semiconductors Pvt Ltd,,
India expo,Agnisys Technology Pvt. Ltd,,
India expo,Agilent Technologies,,
India expo,AGEM Innovation Private Limited,,
India expo,AGC Asia Pacific (India) Pvt. Ltd.,,
India expo,Aether Semiconductors Private Ltd,,
India expo,Aeromech Equipments Private Limited,,
India expo,Aequs SEZ Private Limited,,
India expo,AECOM India Private Limited,,
India expo,Advantest (Singapore) Pte. Ltd.,,
India expo,Advantec Materials India Pvt Ltd,,
India expo,ADVANCED SYSTEM IN PACKAGE TECHNOLOGIES,,
India expo,ADVANCED SEMICONDUCTOR EQUIPMENT TECHNOLOGY SINGAPORE PTE. LTD,,
India expo,ADVANCED EXPERTISE TECHNOLOGY PVT. LTD.,,
India expo,Advance Panels & Switchgears P Ltd,,
India expo,Addverb Technologies,,
India expo,Adaptsys Limited,,
India expo,ACM Research Inc.,,
India expo,Accurex Solutions Pvt. Ltd,,
India expo,AC&C Technology Pte Ltd,,
India expo,ABV ENGINEERS AND CONSULTANTS PVT LTD,,
India expo,ABLROOTS INDUSTRIES PVT PTD,,
India expo,ABB India Limited,,
India expo,3M INDIA LIMITED,,
India expo,3D Glass Solutions,,
Europe expo,2Connect BV,,
Europe expo,"Banner Industries of NE, Inc.",,
Europe expo,Confovis GmbH,,
Europe expo,ESMO AG,,
Europe expo,"Guangdong Tianyu Semiconductor Co., Ltd.",,
Europe expo,isel Germany GmbH,,
Europe expo,"LNEYA Thermo Refrigeration Co.,Ltd.",,
Europe expo,Nikon Precision Europe GmbH,,
Europe expo,Precision Polymer Engineering Ltd.,,
Europe expo,Semilab Semiconductor Physics Laboratory Co. Ltd.,,
Europe expo,SMC Deutschland GmbH,,
Europe expo,TSI GmbH,,
Europe expo,"Zhejiang Changxin Electronic Technology Co., Ltd.",,
Europe expo,2D-Pilot Line,,
Europe expo,BASF InfraService & Solutions Lausitz GmbH,,
Europe expo,CoolLED Ltd,,
Europe expo,EUMETRYS SAS,,
Europe expo,"Guangdong Xinqifeng Technology Co., Ltd.",,
Europe expo,J. Schneider Elektrotechnik GmbH,,
Europe expo,LouwersHanique,,
Europe expo,"Ningbo Yongxin Optics Co., Ltd.",,
Europe expo,Precitec Optronik GmbH,,
Europe expo,"Semishare Co., Ltd",,
Europe expo,Solutions on Silicon BV,,
Europe expo,"TURBOWIN CO.,LTD.",,
Europe expo,"Zhejiang Hangke Instrument Co., Ltd.",,
Europe expo,40-30 SAS,,
Europe expo,BBC Cellpack Technology AG,,
Europe expo,Cosmic Group S.p.A.,,
Europe expo,Euris GmbH,,
Europe expo,"Guangzhou Guanggang Gases & Energy Co.,Ltd",,
Europe expo,Jacomex,,
Europe expo,M-O-T Mikro- und Oberflächentechnik GmbH,,
Europe expo,Ningbo Yunde Material Incorporation,,
Europe expo,PREVAC sp. z o.o.,,
Europe expo,Semitronix Corporation,,
Europe expo,Sono-Tek,,
Europe expo,TÜV SÜD Product Service GmbH,,
Europe expo,"Zhejiang Jingrui SuperSiC Electronic Materials Co., Ltd",,
Europe expo,ACCRETECH (Europe) GmbH,,
Europe expo,"Beijing CGB Technology Co., Ltd",,
Europe expo,Cosylab,,
Europe expo,european economics,,
Europe expo,Guarniflon Spa,,
Europe expo,Jenaer Antriebstechnik GmbH,,
Europe expo,MADDE Inc,,
Europe expo,Nippon Sanso Euro-Holding S.L.U.,,
Europe expo,Promicron AG,,
Europe expo,SEMPA Systems GmbH,,
Europe expo,SPECS Surface Nano Analysis GmbH,,
Europe expo,UJP PRAHA a.s.,,
Europe expo,"Zhejiang LiuFang Semiconductor Technology Co.,LTD",,
Europe expo,ACM Research Inc.,,
Europe expo,"Beijing UniEdge Technology Co., Ltd.",,
Europe expo,Courier Network Germany Gmbh,,
Europe expo,European Market Partner BV,,
Europe expo,"Gudeng Precision Industrial Co., Ltd.",,
Europe expo,JEOL (Germany) GmbH,,
Europe expo,Magnetic Innovations B.V.,,
Europe expo,Notion Systems GmbH,,
Europe expo,ProSys,,
Europe expo,Sensofar,,
Europe expo,Spectron Gas Control Systems GmbH,,
Europe expo,Ulvac GmbH,,
Europe expo,"ZheJiang OPAL Quartz Tech Co.,Ltd",,
Europe expo,Active Fiber Systems GmbH,,
Europe expo,Bestowin BV,,
Europe expo,CRC Clean Room Consulting GmbH,,
Europe expo,EV Group,,
Europe expo,GVB GmbH-Solutions in Glass,,
Europe expo,JF Microtechnology Sdn Bhd,,
Europe expo,Malvern Panalytical,,
Europe expo,Nouryon,,
Europe expo,PTS,,
Europe expo,SensoTech GmbH,,
Europe expo,SPM AG,,
Europe expo,Umicore Thin Film Products AG,,
Europe expo,"Zhonghuan Advanced Semiconductor Technology Co.,Ltd.",,
Europe expo,Adaptsys Group,,
Europe expo,BIBUS GmbH,,
Europe expo,CRC Engineering,,
Europe expo,Evatec Europe GmbH,,
Europe expo,Gyromatic Innovation Pte Ltd,,
Europe expo,"Jiangsu Jinggong Semicon Equipment Co., Ltd",,
Europe expo,MANN+HUMMEL Molecular GmbH,,
Europe expo,Nova Ltd.,,
Europe expo,PTW Europa GmbH,,
Europe expo,SENTECH Instruments GmbH,,
Europe expo,Spraying Systems Europe B.V.,,
Europe expo,UNIGASKET S.R.L,,
Europe expo,"Zillion Tek Co., Ltd",,
Europe expo,Adelhelm Kunststoffbeschichtungen GmbH,,
Europe expo,Bilfinger Life Science GmbH,,
Europe expo,exateq GmbH,,
Europe expo,Hamamatsu Photonics Deutschland GmbH,,
Europe expo,"Jiangsu Jingkun Technology Co., Ltd",,
Europe expo,Marubeni International (Europe) GmbH,,
Europe expo,Novanta Corporation,,
Europe expo,Puerstinger High Purity Systems GmbH,,
Europe expo,SET CORPORATION SA,,
Europe expo,SPS Group B.V.,,
Europe expo,UNILOK Corporation,,
Europe expo,znt Zentren für Neue Technologien GmbH,,
Europe expo,Adelis Associates Pte Ltd.,,
Europe expo,BKB Precision,,
Europe expo,Creative Technology Corporation,,
Europe expo,Exosens,,
Europe expo,"HANBELL VACUUM TECHNOLOGY CO., LTD",,
Europe expo,"JIANGSU TOTA INTELLIGENT TECHNOLOGY CO.,LTD.",,
Europe expo,Mattson International GmbH,,
Europe expo,Novel Technology Transfer GmbH,,
Europe expo,Pure Gas Engineering GmbH,,
Europe expo,SGS Institut Fresenius GmbH,,
Europe expo,UNIT4 GmbH & Co. KG,,
Europe expo,Adenso Industrial Services GmbH,,
Europe expo,"BMT Co., Ltd.",,
Europe expo,Critical Manufacturing,,
Europe expo,Exyte Management GmbH,,
Europe expo,"Hangzhou Cobetter Filtration Equipment Co., Ltd.",,
Europe expo,"Jiangsu ZBN Technology Development Co., Ltd",,
Europe expo,MCRT Micro CleanRoom Technology GmbH,,
Europe expo,NTS-Group,,
Europe expo,PVA TePla AG,,
Europe expo,"Shandong Liansheng Electronic Equipment Co.,Ltd.",,
Europe expo,Stoellinger GmbH,,
Europe expo,UniTemp GmbH,,
Europe expo,Advanced Dicing Technologies Ltd,,
Europe expo,"Boffotto Semiconductor Co., Ltd.",,
Europe expo,CS CLEAN SOLUTIONS GmbH,,
Europe expo,Eyelit Inc.,,
Europe expo,HEATWISE SDN BHD,,
Europe expo,Johnstech International Corporation,,
Europe expo,mechatronic systemtechnik Gmbh,,
Europe expo,NY CREATES,,
Europe expo,"Shanghai Boilpeak Seals Technology Co,.Ltd",,
Europe expo,Stratus Automation Sdn Bhd,,
Europe expo,Univertical Corporation,,
Europe expo,Advantest Europe GmbH,,
Europe expo,Bosch Rexroth AG,,
Europe expo,cyberTECHNOLOGIES GmbH,,
Europe expo,Faeth GmbH,,
Europe expo,Hebei Synlight Semiconductor Co.，Ltd.,,
Europe expo,JP Kummer Semiconductor Technology GmbH,,
Europe expo,Meliori Polymer Engineering d.o.o.,,
Europe expo,Obducat,,
Europe expo,Quasys AG,,
Europe expo,"Shanghai Lingheng Industrial Automation Co., Ltd",,
Europe expo,"STREICHER, spol. s r.o. Plzen",,
Europe expo,"Ushio, Inc.",,
Europe expo,Advantiv Technologies Europe GmbH,,
Europe expo,BPM Microsystems,,
Europe expo,Czech National Semiconductor Cluster,,
Europe expo,FAGOR AUTOMATION S.COOP.,,
Europe expo,Heidelberg Instruments Mikrotechnik GmbH,,
Europe expo,JSR Micro NV,,
Europe expo,"Membrane Solutions(Nantong) Co.,Ltd.",,
Europe expo,Odyssey Europe BV,,
Europe expo,R2D Automation,,
Europe expo,"Shanghai pusher flow control system Co., Ltd.",,
Europe expo,Sumitomo (SHI) Cryogenics of Europe GmbH,,
Europe expo,"V-TEK, Inc.",,
Europe expo,Aehr Test Systems,,
Europe expo,"Brewer Science, Inc.",,
Europe expo,"D&X Co., Ltd",,
Europe expo,Fastmicro BV,,
Europe expo,HEIDENHAIN,,
Europe expo,JST Manufacturing,,
Europe expo,"Merck KGaA, Darmstadt, Germany",,
Europe expo,OEG GmbH,,
Europe expo,Raith GmbH,,
Europe expo,"Shanghai Silicology Scientific & Trading Co., Ltd",,
Europe expo,"Sumitomo Heavy Industries Material Solutions Co., Ltd.",,
Europe expo,Valex,,
Europe expo,AES motomation GmbH,,
Europe expo,Brigo Technology Pte.Ltd.,,
Europe expo,"DAIFUKU CO, LTD.",,
Europe expo,Festo SE & Co. KG,,
Europe expo,Heliotis AG,,
Europe expo,JTA Equipment Technology,,
Europe expo,Merconics GmbH & Co. KG,,
Europe expo,Oerlikon Systems,,
Europe expo,Ramgraber Semiconductor,,
Europe expo,Shanghai Skychem Chemical Limited,,
Europe expo,"Sumitomo Precision Products Co., Ltd.",,
Europe expo,VALTRIA ENGINEERING S.A,,
Europe expo,Agencia Estatal Consejo Superior de Investigaciones Científicas,,
Europe expo,Brno University of Technology,,
Europe expo,Daikin Chemical Europe GmbH,,
Europe expo,HERMLE Maschinenbau GmbH,,
Europe expo,Junkosha.Inc,,
Europe expo,MFSG Pte Ltd,,
Europe expo,ON nano International GmbH,,
Europe expo,RECIF Technologies S.A.S,,
Europe expo,"Shanghai Vigour Technologies Co., Ltd.",,
Europe expo,SURAGUS GmbH,,
Europe expo,Vanguard Automation GmbH,,
Europe expo,Agileo Automation,,
Europe expo,Bronkhorst High-Tech BV,,
Europe expo,Dainichi Shoji K.K.,,
Europe expo,Finetech Germany GmbH & Co. KG,,
Europe expo,HERMOS AG,,
Europe expo,KAESER KOMPRESSOREN SE,,
Europe expo,mi2-factory GmbH,,
Europe expo,ON Semiconductor Czech Republic,,
Europe expo,RENA Technologies GmbH,,
Europe expo,SHELLBACK Semiconductor Technology,,
Europe expo,Surfx Technologies LLC,,
Europe expo,Varisco&C. SRL,,
Europe expo,AICELLO-HARKE GmbH,,
Europe expo,"Brooks Automation US, LLC",,
Europe expo,DAS Environmental Expert GmbH,,
Europe expo,FISCHER Compressor AG,,
Europe expo,High Tech NL,,
Europe expo,"KAIKAI Quartz Co., LTD",,
Europe expo,MICRO IMAGE,,
Europe expo,Onto Innovation,,
Europe expo,Reser Europe,,
Europe expo,"ShenYang Academy of Instrumentation Science Co., Ltd",,
Europe expo,"SurplusGLOBAL, Inc.",,
Europe expo,VAT Deutschland GmbH,,
Europe expo,"Airspace Technologies, Inc.",,
Europe expo,Brooks Instrument GmbH,,
Europe expo,Dasemitek,,
Europe expo,FITOK GmbH,,
Europe expo,Hitachi High-Tech Europe GmbH,,
Europe expo,Kanematsu Corporation,,
Europe expo,"Micro System Integration Center, Tohoku University",,
Europe expo,ONTOS Equipment Systems,,
Europe expo,RHP-Technology GmbH,,
Europe expo,"Shenzhen Enterprise Services Group Co., Ltd.",,
Europe expo,SUSS MicroTec,,
Europe expo,Veeco GmbH,,
Europe expo,Akoneer,,
Europe expo,Bruker Nano Surfaces & Metrology,,
Europe expo,Dassault Systemes Deutschland GmbH,,
Europe expo,Flanders Investment & Trade,,
Europe expo,"Hitachi Power Solutions Co.,Ltd.",,
Europe expo,"Kanken Techno Co., Ltd.",,
Europe expo,MICRO-EPSILON Messtechnik GmbH & Co. KG,,
Europe expo,Openchip,,
Europe expo,Rigaku Corporation,,
Europe expo,"Shenzhen JiTaiXin Electronics Co., Ltd",,
Europe expo,"Suzhou Delphi Laser Co., Ltd.",,
Europe expo,Veonis Technologies GmbH,,
Europe expo,AKTANTIS,,
Europe expo,Buhler Alzenau GmbH,,
Europe expo,"Directly Technology Co., Ltd",,
Europe expo,Flexible Integrated Circuits SL,,
Europe expo,HORIBA Europe GmbH,,
Europe expo,Kashiyama Europe GmbH,,
Europe expo,MicroChemicals GmbH,,
Europe expo,OpTecBB e.V,,
Europe expo,RIKEN KEIKI GmbH,,
Europe expo,"Shenzhen KHJ Technology Co.,Ltd",,
Europe expo,"Suzhou UIGreen Micro&Nano Technologies Co.,Ltd",,
Europe expo,Verges Electronics HK Co. Ltd.,,
Europe expo,Allresist GmbH,,
Europe expo,Bumax AB,,
Europe expo,DISCO HI-TEC EUROPE GmbH,,
Europe expo,Fluorten,,
Europe expo,"HPRAY (Beijing) Semiconductor Materials Co., Ltd",,
Europe expo,KEHUA SINGAPORE PTE. LTD.,,
Europe expo,Microcontrol Electronic SRL,,
Europe expo,Optics Balzers AG,,
Europe expo,RIKUTEC Germany GmbH & Co. KG,,
Europe expo,"Shenzhen Xin Da Xing Electric Technology Co., Ltd.",,
Europe expo,"Suzhou Wuai Yida Internet of Things Co., Ltd.",,
Europe expo,Vision in Automation GmbH,,
Europe expo,Amcoss Components,,
Europe expo,C Sun Mfg Ltd.,,
Europe expo,DJK Europe GmbH,,
Europe expo,FOCUSSIA,,
Europe expo,HPROBE,,
Europe expo,Kelington Engineering (Germany) GmbH,,
Europe expo,MICROELECTRONICS,,
Europe expo,Optim Wafer Services,,
Europe expo,RIMATEK SRL,,
Europe expo,"Shenzhen Youibot Robotics Co., Ltd.",,
Europe expo,SVCS s.r.o.,,
Europe expo,Vistec Electron Beam GmbH,,
Europe expo,"AMFLO Fluid Systems & Components Co., Ltd.",,
Europe expo,C+S Chlorgas GmbH,,
Europe expo,DMG MORI Ultrasonic Lasertec GmbH,,
Europe expo,Forge Nano,,
Europe expo,HTM Quartz,,
Europe expo,KISCO (Deutschland) GmbH,,
Europe expo,Microtest,,
Europe expo,Oxford Instruments GmbH,,
Europe expo,Roechling Industrial SE & Co. KG,,
Europe expo,"Shenzhen Zhicheng Semiconductor Materials Co.,Ltd.",,
Europe expo,"Vital Chemicals USA, LLC",,
Europe expo,Anadolu Ileri Uretim Teknolojileri A.S.,,
Europe expo,C.C.P Kontakt GmbH,,
Europe expo,Dockweiler AG,,
Europe expo,Fraunhofer ENAS- Institute for Electronic Nano Systems,,
Europe expo,HTT High Tech Trade GmbH,,
Europe expo,KITEC microelectronic technologie GmbH,,
Europe expo,"Microtronic, Inc.",,
Europe expo,PACE-Tec GmbH,,
Europe expo,Rorze Engineering GmbH,,
Europe expo,"Shenzhen Zoomway Electronics Co., Ltd.",,
Europe expo,Syft Technologies,,
Europe expo,ViTrox Technologies Sdn. Bhd.,,
Europe expo,AP&S International GmbH,,
Europe expo,C4C GmbH,,
Europe expo,"DOD Technologies, Inc.",,
Europe expo,Fraunhofer Institute for Physical Measurement Techniques IPM,,
Europe expo,KITZ SCT CORPORATION,,
Europe expo,Minimax Fire Solutions International GmbH,,
Europe expo,PacTech-Packaging Technologies GmbH,,
Europe expo,Rotarex s.a.,,
Europe expo,Shilpa Pharma Lifesciences Limited,,
Europe expo,"TAIWAN FYLIN INDUSTRIAL CO., LTD.",,
Europe expo,VON ARDENNE GmbH,,
Europe expo,Apeiron Intelligence S.L,,
Europe expo,Caelus Technologies Limited,,
Europe expo,"Dongguan E-CO Clean Material Technology Co., Ltd.",,
Europe expo,Fraunhofer IPMS - Institute for Photonic Microsystems,,
Europe expo,"Hubei Sinophorus Electronic Materials Co.,Ltd.",,
Europe expo,KLA,,
Europe expo,MINISTRY OF INDUSTRY AND TRADE OF THE CZECH REPUBLIC,,
Europe expo,Park Systems Europe GmbH,,
Europe expo,Rudolf Gutbrod GmbH,,
Europe expo,"Shin-Etsu MicroSi, Inc.",,
Europe expo,TECHMA GPM srl,,
Europe expo,VSB-TUO,,
Europe expo,Apollo Seiko Europe B.V.,,
Europe expo,camLine GmbH,,
Europe expo,"DONGGUAN XY NEW MATERIAL CO.,LTD",,
Europe expo,Fraunhofer IZM ASSID,,
Europe expo,Hummink,,
Europe expo,Koh Young Europe GmbH,,
Europe expo,Mitsubishi Chemical Europe GmbH,,
Europe expo,Particle Measuring Systems Germany GmbH,,
Europe expo,"Rui Yin (HK) Co., Limited",,
Europe expo,Shinephi SL,,
Europe expo,Technic France,,
Europe expo,"W.L. Gore & Associates, GmbH",,
Europe expo,aprotec GmbH,,
Europe expo,Camtek Germany GmbH,,
Europe expo,DR YIELD Software & Solutions GmbH,,
Europe expo,Freudenberg FST GmbH,,
Europe expo,Hürner Luft- und Umwelttechnik GmbH,,
Europe expo,Kokusai Semiconductor Europe GmbH,,
Europe expo,Mitutoyo Europe GmbH,,
Europe expo,"PDF Solutions, Inc.",,
Europe expo,S3 Alliance GmbH,,
Europe expo,SHiNKO Europe AG,,
Europe expo,TechWorks,,
Europe expo,WAFTECH SDN BHD,,
Europe expo,ARCADIS,,
Europe expo,Canon Europa NV,,
Europe expo,Drees & Sommer SE,,
Europe expo,"Fujian ZINGIN New Material Technology Co., Ltd.",,
Europe expo,"Hynhe Technology(Guangzhou)Co.,Ltd",,
Europe expo,KoMiCo Technology Taiwan,,
Europe expo,Miyagi Prefectural Government,,
Europe expo,PEER Group Inc.,,
Europe expo,Samco Inc.,,
Europe expo,Si-Mat,,
Europe expo,Teesing,,
Europe expo,Watlow,,
Europe expo,Argal srl,,
Europe expo,"CanTops Co., Ltd.",,
Europe expo,DSV - Global Transport and Logistics,,
Europe expo,FUJIFILM Electronic Materials (Europe) N.V.,,
Europe expo,IAQ Solutions Sdn Bhd,,
Europe expo,Kontron AIS GmbH,,
Europe expo,MK Versuchsanlagen GmbH & Co. KG,,
Europe expo,Pentamaster Instrumentation Sdn Bhd.,,
Europe expo,Sanfu Chemical Co.,,
Europe expo,"SIAMC Advanced Materials Co., Ltd.",,
Europe expo,Tekscend Photomask Germany GmbH,,
Europe expo,Watty Corporation,,
Europe expo,Arias GmbH,,
Europe expo,Carl Zeiss Digital Innovation GmbH,,
Europe expo,E+H Metrology GmbH,,
Europe expo,FUJIFILM Europe GmbH,,
Europe expo,IBS - Ion Beam Services,,
Europe expo,Kosmek Europe GmbH,,
Europe expo,MPS Micro Precision Systems AG,,
Europe expo,Permag,,
Europe expo,"SANSO ELECTRIC CO., LTD.",,
Europe expo,"SICC CO.,LTD",,
Europe expo,Teledyne,,
Europe expo,WEISHENG INDUSTRIAL CO.,,
Europe expo,Asahi Diamond Industrial GmbH,,
Europe expo,Carl Zeiss Microscopy Deutschland Gmbh,,
Europe expo,Ebara Precision Machinery Europe GmbH,,
Europe expo,Fujikin (Deutschland) GmbH,,
Europe expo,ICFO,,
Europe expo,"Kunshan Kinglai Hygienic Materials Co., Ltd.",,
Europe expo,"MSP, a Division of TSI",,
Europe expo,Peter HUBER Kältemaschinenbau SE,,
Europe expo,Sanwa Engineering Corp.,,
Europe expo,SICO Technology GmbH,,
Europe expo,Teltec International GmbH,,
Europe expo,"WEISUN INDUSTRIAL CO., LTD.",,
Europe expo,Asian Valve Co.，Ltd.,,
Europe expo,Carten Controls Ltd.,,
Europe expo,ECM Group,,
Europe expo,Fundació Innofab,,
Europe expo,ICT Group,,
Europe expo,Kurt J Lesker Company GmbH,,
Europe expo,MSTECH EMEA SL,,
Europe expo,Pfeiffer Vacuum GmbH,,
Europe expo,SANWOOD TECHNOLOGY PTE. LTD.,,
Europe expo,Siconnex customized solutions GmbH,,
Europe expo,Werner Lieb GmbH,,
Europe expo,ASML Netherlands BV,,
Europe expo,Catalonia Trade & Investment,,
Europe expo,ECO ENERGEN Co. Ltd.,,
Europe expo,GAS Insights GmbH,,
Europe expo,IDTechEx,,
Europe expo,KYOCERA Fineceramics Europe GmbH,,
Europe expo,MUEGGE GmbH,,
Europe expo,piezosystem jena GmbH,,
Europe expo,SAW COMPONENTS Dresden GmbH,,
Europe expo,SIEGERT WAFER GmbH,,
Europe expo,Tempress,,
Europe expo,Winkler AG,,
Europe expo,ASMPT AMICRA GmbH,,
Europe expo,CE-MAT GmbH,,
Europe expo,Edwards Vacuum,,
Europe expo,GBS metrology GmbH,,
Europe expo,ifm electronic gmbh,,
Europe expo,LAB Motion Systems,,
Europe expo,MueTec GmbH,,
Europe expo,PILLAR Europe GmbH,,
Europe expo,Saxony Trade & Invest Corp.,,
Europe expo,SIGA - Systeme für industrielle Gasanwendungen GmbH,,
Europe expo,Wirtschaftsförderung Land Brandenburg GmbH (WFBB),,
Europe expo,Astrodyne TDI,,
Europe expo,Ceramdis GmbH,,
Europe expo,EIDA Solutions,,
Europe expo,"GEMU, Gebr. Muller Apparatebau GmbH & Co. KG",,
Europe expo,Industrialise,,
Europe expo,LAB14,,
Europe expo,"MURATA MACHINERY, LTD.",,
Europe expo,PLANOPTIK AG,,
Europe expo,Schunk Xycarb Technology BV,,
Europe expo,Sigasi,,
Europe expo,Thermo Electric Company BV,,
Europe expo,WITTENSTEIN SE,,
Europe expo,"ATECOM TECHNOLOGY CO., LTD",,
Europe expo,CeramTec GmbH,,
Europe expo,EKK Eagle Semicon Components,,
Europe expo,GenISys GmbH,,
Europe expo,Industry Consulting Strobl GmbH & Co. KG,,
Europe expo,Lam Research Corporation,,
Europe expo,Nagase Chemtex America LLC.,,
Europe expo,Plansee SE,,
Europe expo,scia Systems GmbH,,
Europe expo,SilcoTek GmbH,,
Europe expo,Thinky Corporation,,
Europe expo,"WONST Co., Ltd.",,
Europe expo,Atotech Deutschland GmbH & Co. KG,,
Europe expo,Ceratec Technical Ceramics,,
Europe expo,Elect High-Tech Electronics BV,,
Europe expo,"Genstar Technologies Co., Inc",,
Europe expo,INFICON GmbH,,
Europe expo,LAUDA DR. R. WOBSER GMBH & CO. KG,,
Europe expo,NanoFocus GmbH,,
Europe expo,Plasma-Therm LLC,,
Europe expo,"Science Probe Co.,Ltd",,
Europe expo,Silicon Saxony e.V.,,
Europe expo,Thyracont Vacuum Instruments GmbH,,
Europe expo,"Wooam Co., Ltd.",,
Europe expo,ATT Systems GmbH,,
Europe expo,"Chengdu Precision Rong Creation Technology Co., Ltd.",,
Europe expo,Electron Mec Srl,,
Europe expo,Georg Fischer GmbH,,
Europe expo,Infraserv Vakuumservice GmbH,,
Europe expo,Lazpiur E-Mobility S.L.,,
Europe expo,Nanoscribe GmbH & Co. KG,,
Europe expo,Plasmatreat GmbH,,
Europe expo,Scientech GmbH,,
Europe expo,"Tohoku-MicroTec Co., Ltd",,
Europe expo,Wooptix,,
Europe expo,attocube systems GmbH,,
Europe expo,Chips Joint Undertaking,,
Europe expo,ELEMENT 3-5 GmbH,,
Europe expo,GfG - Gesellschaft für Gerätebau mbH,,
Europe expo,INGENIQS BV,,
Europe expo,Leeno Industrial Inc.,,
Europe expo,Nanosurf AG,,
Europe expo,PM B.V.,,
Europe expo,SCIL-Nanoimprint BV,,
Europe expo,SIMACO ELETTROMECCANICA S.R.L.,,
Europe expo,Tokyo Electron Limited,,
Europe expo,"Wuuxi Evergrand Electronic Scientific Technology Co.,Ltd",,
Europe expo,ATV Systems GmbH,,
Europe expo,Chroma ATE Europe,,
Europe expo,"Elemental Scientific, Inc.",,
Europe expo,"Glint Materials Co., Ltd.",,
Europe expo,Innodys Sarl,,
Europe expo,LEG Thüringen,,
Europe expo,"Nanotronics Inspection Systems, Inc",,
Europe expo,POG Präzisionsoptik Gera GmbH,,
Europe expo,SCREEN SPE Germany GmbH,,
Europe expo,Simek GmbH,,
Europe expo,"TOKYO OHKA KOGYO CO., LTD. / micro resist technology GmbH",,
Europe expo,Xceat Solutions GmbH,,
Europe expo,Avant Studio Proyectos S.L.,,
Europe expo,CiS Forschungsinstitut für Mikrosensorik und Photovoltaik GmbH,,
Europe expo,EM-Technik GmbH,,
Europe expo,"GreaTech Substrates Co.,Ltd",,
Europe expo,Lesico Process Piping Ltd.,,
Europe expo,New Cosmos - BIE,,
Europe expo,Polyfluor Plastics BV,,
Europe expo,SEALCORE S.r.l.,,
Europe expo,SIMONA AG,,
Europe expo,Tomoegawa Europe BV,,
Europe expo,"Xinxiang Shengda Filtration Technique Co.,Ltd",,
Europe expo,Aveiro2World,,
Europe expo,CKD Europe B.V,,
Europe expo,Ensinger GmbH,,
Europe expo,Green Excel Poland Sp. Zo.o,,
Europe expo,Inseto Europe,,
Europe expo,Levitronix GmbH,,
Europe expo,"New Energy Technology Co., Ltd",,
Europe expo,Polytec GmbH,,
Europe expo,secpho,,
Europe expo,Singulus Technologies AG,,
Europe expo,"Topco Scientific Co., Ltd.",,
Europe expo,XIVER,,
Europe expo,Averture s.r.o.,,
Europe expo,ClassOne Equipment,,
Europe expo,"EO Technics Co., Ltd.",,
Europe expo,"Greenstar Technology (Beijing) Co., Ltd.",,
Europe expo,Institut de Ciència de Materials de Barcelona (ICMAB-CSIC),,
Europe expo,LIDROTEC GmbH,,
Europe expo,NexGen Wafer System Gmbh,,
Europe expo,Polyteknik AS,,
Europe expo,SEIKI GLOBAL TECHNOLOGY PTE LTD,,
Europe expo,Sinto Advanced Ceramics Europe GmbH,,
Europe expo,"Toray Engineering Co., Ltd.",,
Europe expo,XTPL S.A.,,
Europe expo,Axelera AI,,
Europe expo,ClassOne Technology,,
Europe expo,"EP Rožnov, a.s.",,
Europe expo,"GRINM Semiconductor Materials Co.,Ltd.",,
Europe expo,Intego GmbH,,
Europe expo,Limitek Ltd.,,
Europe expo,NEXTIN Inc.,,
Europe expo,Porr Industriebau GmbH,,
Europe expo,"SEIWA OPTICAL CO,.LTD",,
Europe expo,SiSTEM Technology Ltd,,
Europe expo,Trace ID,,
Europe expo,Yaskawa Europe Technology,,
Europe expo,Azbil Europe NV,,
Europe expo,Cleanroom Technology Austria GmbH,,
Europe expo,ePAK International,,
Europe expo,"Grintimate Precision Industry Co., Ltd.",,
Europe expo,INTERA GROUP,,
Europe expo,Linde Electronics GmbH & Co. KG,,
Europe expo,Nexustest Pte. Ltd.,,
Europe expo,Porvair Filtration Group Ltd,,
Europe expo,"SEKISUI CHEMICAL CO., LTD",,
Europe expo,SmarAct GmbH,,
Europe expo,Trelleborg Sealing Solutions Germany GmbH,,
Europe expo,YOLE Group,,
Europe expo,B.E.S.T Fluidsysteme GmbH / Swagelok München,,
Europe expo,"Cognex Germany, Inc.",,
Europe expo,EQ GLOBAL,,
Europe expo,"GST CO., LTD.",,
Europe expo,Intertek,,
Europe expo,Linesight,,
Europe expo,Niching Industrial Corp.,,
Europe expo,POSAS GmbH,,
Europe expo,Semiconductor Equipment Solutions GmbH,,
Europe expo,SMART Manufacturing Pavilion,,
Europe expo,Tresky GmbH,,
Europe expo,YSystems Ltd.,,
Europe expo,Bach Resistor Ceramics GmbH,,
Europe expo,COLANDIS GmbH,,
Europe expo,Equans Process Solutions GmbH,,
Europe expo,"GTI Technologies, Inc.",,
Europe expo,INVENTEC Performance Chemicals,,
Europe expo,LINTEC Advanced Technologies (Europe) GmbH,,
Europe expo,Nidec Drive Technology Europe GmbH,,
Europe expo,Powatec GmbH,,
Europe expo,SEMICS Inc.,,
Europe expo,Smart Systems Hub GmbH,,
Europe expo,TRUMPF SE + Co. KG,,
Europe expo,"YuanHe Mechanical Technology Co., Ltd.",,
Europe expo,Ball Wave Inc,,
Europe expo,COMET AG,,
Europe expo,ERS Electronic GmbH,,
Europe expo,"Guangdong NNT Pneumatic Technology Co., Ltd.",,
Europe expo,Invest in Pomerania,,
Europe expo,"LINTEC Co., Ltd.",,
Europe expo,Nikon Metrology,,
Europe expo,Pozzetta,,
Europe expo,Semidynamics Technology Services SL,,
Europe expo,Trymax Semiconductor Equipment B.V,,
Europe expo,Zeal Clean Supplies,,
Korea expo,3D-Micromac AG,,
Korea expo,3H CORPORATION LTD.,,
Korea expo,"3SLINE CO., LTD.",,
Korea expo,A&AT,,
Korea expo,ABSFIL,,
Korea expo,ACCESS,,
Korea expo,"ACCRETECH KOREA CO., LTD.",,
Korea expo,ACE NANOCHEM,,
Korea expo,"ACOULAB CO., LTD.",,
Korea expo,ACS Motion Control,,
Korea expo,ADEKA CORPORATION,,
Korea expo,"ADTEC PLASMA TECHNOLOGY KOREA CO., LTD.",,
Korea expo,"ADVANCE ELECTRIC KOREA CO., LTD.",,
Korea expo,ADVANCED ENERGY,,
Korea expo,ADVANCED TECHNOLOGY INC.,,
Korea expo,"ADVANTEC CO., LTD.",,
Korea expo,ADVANTECHKR,,
Korea expo,"ADVANTEST KOREA CO., LTD.",,
Korea expo,"AETS CO., LTD.",,
Korea expo,AFT Instrument,,
Korea expo,AGD CORPORATION,,
Korea expo,"AK TECH CO., LTD.",,
Korea expo,AKRIBIS SYSTEMS KOREA,,
Korea expo,AMC Semichem,,
Korea expo,ANI,,
Korea expo,ANIMOTION TECH LTD.,,
Korea expo,AP SYSTEMS CORPORATION,,
Korea expo,"APM ENGINEERING CO., LTD.",,
Korea expo,APPLIED SEALS,,
Korea expo,ARINTECH,,
Korea expo,"ASENDIA Co., Ltd.",,
Korea expo,"ASFLOW CO., LTD.",,
Korea expo,ASK,,
Korea expo,ASM,,
Korea expo,ASMPT,,
Korea expo,"AST ENGINEERING, INC.",,
Korea expo,"ATC CO., LTD.",,
Korea expo,"ATIK CO., LTD.",,
Korea expo,"AUROS TECHNOLOGY, INC.",,
Korea expo,AVACO,,
Korea expo,AXCELIS TECHNOLOGIES,,
Korea expo,"BCNC CO., LTD.",,
Korea expo,"BECKHOFF AUTOMATION CO., LTD.",,
Korea expo,BESI (BE SEMICONDUCTOR INDUSTRIES N.V.),,
Korea expo,BESTECH,,
Korea expo,BISTELLIGENCE,,
Korea expo,"BMI CO., LTD.",,
Korea expo,"BMT CO., LTD",,
Korea expo,BOBOO HITECH,,
Korea expo,BRONKHORST KOREA,,
Korea expo,"BRUKER KOREA CO., LTD.",,
Korea expo,BRUSH BANK,,
Korea expo,BrushTek,,
Korea expo,BUHLER GROUP,,
Korea expo,"C&G HI TECH CO., LTD.",,
Korea expo,C&I TECH.,,
Korea expo,"C.C.P. CONTACT PROBES CO., LTD.",,
Korea expo,CAMTEK HK LTD.,,
Korea expo,CANON SEMICONDUCTOR ENGINEERING KOREA,,
Korea expo,"CANTOPS CO., LTD.",,
Korea expo,"CEJN KOREA Co., Ltd.",,
Korea expo,"CEK CO., LTD.",,
Korea expo,CENTROTHERM INTERNATIONAL AG,,
Korea expo,CERATEC,,
Korea expo,"CHANGZHOU MINGSEAL ROBOT TECHNOLOGY CO., LTD.",,
Korea expo,CHEMI FLON,,
Korea expo,"CHEMTRONICS CO., LTD.",,
Korea expo,CIMETRIX BY PDF SOLUTIONS,,
Korea expo,"CINOS CO., LTD",,
Korea expo,"CINOS E&S CO., Ltd.",,
Korea expo,CIS CORPORATION,,
Korea expo,"CKD KOREA CO., LTD.",,
Korea expo,"CM TECH CO., LTD.",,
Korea expo,"CMTX CO., LTD.",,
Korea expo,COHERENT KOREA,,
Korea expo,COMET,,
Korea expo,CO-MS,,
Korea expo,"CRENVIS CO., LTD.",,
Korea expo,"CSE CO., LTD.",,
Korea expo,CSK,,
Korea expo,"CSY CO., LTD.",,
Korea expo,CVI (Creative Vision Incorporation),,
Korea expo,CYMECHS,,
Korea expo,DAE YANG HI-TECH,,
Korea expo,DAEKHON CORPORATION,,
Korea expo,DAESUNG ENGINEERING,,
Korea expo,DAIKIN KOREA,,
Korea expo,DAINCUBE,,
Korea expo,"DANDAN CO., LTD",,
Korea expo,DAS ENVIRONMENTAL EQUIPMENT KOREA LTD.,,
Korea expo,DASAN ENG,,
Korea expo,DAWON NEXVIEW,,
Korea expo,DAWON POWERTRON,,
Korea expo,"DCSENG CO., LTD.",,
Korea expo,DELO Industrial Adhesives,,
Korea expo,"Delta ES Co., Ltd.",,
Korea expo,DEUS,,
Korea expo,"DEVICE CO., LTD",,
Korea expo,DFTECH,,
Korea expo,DHK SOLUTION,,
Korea expo,DI CORPORATION,,
Korea expo,"DIOSEM, INC.",,
Korea expo,DISCO HI-TEC KOREA CORP.,,
Korea expo,DK-LOK CORPORATION,,
Korea expo,DONG IN C&T,,
Korea expo,"DONGGUAN STRONG LASER ADVANCED EQUIPMENT CO., LTD.",,
Korea expo,"DONGJIN SEMICHEM CO., LTD.",,
Korea expo,"DONGWON PARTS CO., LTD.",,
Korea expo,"DONGWOO FINE-CHEM CO., LTD.",,
Korea expo,"Dongyang-AFLAS Co.,Ltd.",,
Korea expo,DOOPLE INC.,,
Korea expo,"DOW VALVE CO., LTD.",,
Korea expo,"DRASTAR CO., LTD.",,
Korea expo,DS FIBERTECH CORPORATION,,
Korea expo,"DS LINETECH CO., LTD.",,
Korea expo,"DS TECHNO CO., LTD.",,
Korea expo,DSI TECHNOLOGY,,
Korea expo,"DUKSAN COTRAN CO., LTD.",,
Korea expo,DUKSAN TECHOPIA,,
Korea expo,DYT INC.,,
Korea expo,"EASTERN GLOBE CO., LTD.",,
Korea expo,Ebara Precision Machinery Korea Inc.,,
Korea expo,ECO ENERGEN,,
Korea expo,EDWARDS KOREA,,
Korea expo,"EHWA DIAMOND IND. CO., LTD.",,
Korea expo,"EKK EAGLE INDUSTRY Co., Ltd.",,
Korea expo,EMI,,
Korea expo,EM-TECHNIK EAST ASIA LTD.,,
Korea expo,ENF TECHNOLOGY,,
Korea expo,ENIB,,
Korea expo,"ENJET CO., LTD.",,
Korea expo,ENPLAS SEMICONDUCTOR PERIPHERAL CORPORATION,,
Korea expo,ENSINGER KOREA LTD.,,
Korea expo,ENSSEL,,
Korea expo,ENTEGRIS,,
Korea expo,"ENVISION CO., LTD",,
Korea expo,"EO TECHNICS CO., LTD.",,
Korea expo,EQ GLOBAL,,
Korea expo,ESOL,,
Korea expo,EUHAN FLOWTECH,,
Korea expo,EUHANFLONWARE,,
Korea expo,EV GROUP KOREA LTD.,,
Korea expo,EVATEC AG,,
Korea expo,"EVIDENT KOREA CO., LTD.",,
Korea expo,EXICON,,
Korea expo,FEMTOSCIENCE INC.,,
Korea expo,FERROTEC KOREA CORPORATION,,
Korea expo,FESTO KOREA,,
Korea expo,"FINE CO., LTD.",,
Korea expo,FLIR SYSTEMS KOREA,,
Korea expo,FLOWELL CORPORATION,,
Korea expo,"FLUORO TECH CO., LTD.",,
Korea expo,FMSTEC,,
Korea expo,"FMTK CO., LTD.",,
Korea expo,"FNS, Inc.",,
Korea expo,FORTREND,,
Korea expo,"FOURES CO., LTD.",,
Korea expo,"FRD CO., LTD.",,
Korea expo,Frontier Semiconductor,,
Korea expo,FST (FINE SEMITECH CORP.),,
Korea expo,"FUGEN CO., LTD.",,
Korea expo,"FUJIFILM ELECTRONIC MATERIALS KOREA CO., LTD.",,
Korea expo,"FUSSO KOREA CO., LTD.",,
Korea expo,"G&S INDUSTRIAL CO., LTD.",,
Korea expo,"GANA CO.,LTD.",,
Korea expo,"GASDNA CO., LTD.",,
Korea expo,"GASTRON CO., LTD.",,
Korea expo,Gauss Labs,,
Korea expo,"Ge Mao Rubber Industrial Korea Co., Ltd.",,
Korea expo,"GEMSCOMPANY., LTD.",,
Korea expo,"GEMU, GEBR. MULLER GMBH & CO. KG",,
Korea expo,GENESEM INC.,,
Korea expo,"GENIUS CO., LTD.",,
Korea expo,"GEO TECHNOLOGY CO., LTD.",,
Korea expo,GIGALANE,,
Korea expo,"GLINT MATERIALS CO., LTD.",,
Korea expo,"GLOBAL STANDARD TECHNOLOGY CO., LTD.",,
Korea expo,"GNBS ECO CO., LTD",,
Korea expo,"GST CO., LTD.",,
Korea expo,"HAEWON T&D CO., LTD.",,
Korea expo,"HAMAI KOREA Co., Ltd.",,
Korea expo,"HAMAMATSU PHOTONICS KOREA CO., LTD.",,
Korea expo,HANBELL,,
Korea expo,"HANDOK LEVEL CO., LTD.",,
Korea expo,"HANGZHOU COBETTER FILTRATION EQUIPMENT CO., LTD.",,
Korea expo,"HANIL HIGHTECH Co., Ltd.",,
Korea expo,HANMI SEMICONDUCTOR,,
Korea expo,Hans Corporation,,
Korea expo,HANSHIN LIMITED,,
Korea expo,HANSOL IONES,,
Korea expo,"HANSUN ENGINEERING CO., LTD.",,
Korea expo,"HANWHA SEMITECH CO., LTD.",,
Korea expo,"HANYANG ENG CO., LTD.",,
Korea expo,"HANYOUNG NUX Co., Ltd.",,
Korea expo,HEIDELBERG INSTRUMENTS KOREA,,
Korea expo,HEIDENHAIN KOREA,,
Korea expo,HERAEUS QUARZGLAS GMBH & CO. KG,,
Korea expo,Hermes-Epitek Corp.,,
Korea expo,HIPURITY CORPORATION,,
Korea expo,"HIROXKOREA CO., LTD.",,
Korea expo,HIT,,
Korea expo,"HITACHI HIGH-TECH KOREA CO., LTD.",,
Korea expo,HIWIN CORPORATION,,
Korea expo,"HJS ENG CO., LTD.",,
Korea expo,"HK TECH CO., LTD.",,
Korea expo,HORIBA KOREA LTD.,,
Korea expo,"HORIBA STEC KOREA, LTD.",,
Korea expo,"HOT&COOL, INC.",,
Korea expo,"HPRAY (CHANGZHOU) CLEAN SYSTEM TECHNOLOGY CO., LTD.",,
Korea expo,Hprobe,,
Korea expo,HS INC.,,
Korea expo,HumanTek,,
Korea expo,HYESUNG TECHNOLOGY,,
Korea expo,HY-LOK,,
Korea expo,IFM ELECTRONIC LTD.,,
Korea expo,IGUS KOREA,,
Korea expo,"IL WOONG PLATECH CO., LTD.",,
Korea expo,INA ORIENTAL MOTOR,,
Korea expo,"INAMCT CO., LTD.",,
Korea expo,INATECH&CORP INC.,,
Korea expo,"INEXMAT CO., LTD.",,
Korea expo,INFICON,,
Korea expo,INNODIS,,
Korea expo,InnoLas Semiconductor GmbH,,
Korea expo,"INNO-MAX CO., LTD.",,
Korea expo,"INNORES CO., LTD.",,
Korea expo,INSPIRAZ KOREA,,
Korea expo,"ISAC RESEARCH, INC.",,
Korea expo,"ISC CO., LTD.",,
Korea expo,"ISTE., CO.LTD",,
Korea expo,JAT,,
Korea expo,JEOL KOREA LTD.,,
Korea expo,"JESCO CO., LTD.",,
Korea expo,"JINHEUNG TECH CO., LTD.",,
Korea expo,JNJ TECH,,
Korea expo,J-SOLUTION,,
Korea expo,"JSP electronic Co., Ltd.",,
Korea expo,JSR CORPORATION,,
Korea expo,JT CORP.,,
Korea expo,JT CORPORATION,,
Korea expo,"JUNG SUNG TECH CO., LTD.",,
Korea expo,"JUSTEK, INC.",,
Korea expo,JUSTEM,,
Korea expo,"JUSUNG ENGINEERING CO., LTD.",,
Korea expo,"Kanken Techno Co., Ltd.",,
Korea expo,"KASHIYAMA K TECH CO., LTD.",,
Korea expo,"KC CO., LTD.",,
Korea expo,KCENC,,
Korea expo,KCINDUSTRIAL,,
Korea expo,KCINNOVATION,,
Korea expo,KCPartsTech,,
Korea expo,KCTECH,,
Korea expo,KE MATERIALS,,
Korea expo,"KEYENCE KOREA CO., LTD.",,
Korea expo,KEYSIGHT TECHNOLOGIES KOREA,,
Korea expo,KITZ SCT CORPORATION,,
Korea expo,"KIYEON CO., LTD.",,
Korea expo,KLA CORPORATION,,
Korea expo,KM CORP.,,
Korea expo,KOH YOUNG TECHNOLOGY INC.,,
Korea expo,KOINO,,
Korea expo,KOKUSAI ELECTRIC KOREA,,
Korea expo,KoMiCo,,
Korea expo,"K-ONE DIA CO., LTD.",,
Korea expo,KO-NICS,,
Korea expo,"Korea I.T.S. CO., LTD.",,
Korea expo,"KOREA INSTRUMENT CO., LTD.",,
Korea expo,"KOREA NAMICS CO., LTD.",,
Korea expo,"KOREA TECHNO CO., LTD.",,
Korea expo,KORNIC AUTOMATION,,
Korea expo,KOSTEK SYSTEMS,,
Korea expo,"KOVIS TECHNOLOGY CO., LTD",,
Korea expo,"KSM CO., LTD.",,
Korea expo,"KUMKANG QUARTZ CO., LTD.",,
Korea expo,KURT LESKER (SHANGHAI) TRADING COMPANY INC.,,
Korea expo,KUWANA METALS LTD.,,
Korea expo,KWT SOLUTION INC.,,
Korea expo,KYZEN,,
Korea expo,"L.S TEC CO., LTD.",,
Korea expo,"LABCO CO., LTD.",,
Korea expo,LASERTEC KOREA CORPORATION,,
Korea expo,"LEAD CO., LTD",,
Korea expo,LEENO INDUSTRIAL INC.,,
Korea expo,LIMOTION,,
Korea expo,"LINKGENESIS CO., LTD.",,
Korea expo,LINTEC KOREA,,
Korea expo,"LK ENGINEERING CO., LTD.",,
Korea expo,"LOT VACUUM CO., LTD.",,
Korea expo,LOTCES,,
Korea expo,"LSE CO., LTD.",,
Korea expo,LTCAM,,
Korea expo,"LUZTECH CO., LTD.",,
Korea expo,M2I CORPORATION,,
Korea expo,Maeil Industrial Corporation,,
Korea expo,"MAHANI ELECTRIC CO., LTD.",,
Korea expo,Malvern Panalytical,,
Korea expo,"MARPOSS CO., LTD.",,
Korea expo,"MAT PLUS CO., LTD.",,
Korea expo,"MECARO CO., LTD.",,
Korea expo,"MELCON., LTD.",,
Korea expo,MERCK PERFORMANCE MATERIALS LTD.,,
Korea expo,"METIS CO., LTD.",,
Korea expo,METROHM KOREA,,
Korea expo,MiCo Ceramics,,
Korea expo,"MICO CO., LTD.",,
Korea expo,MICRO CONTROL COMPANY,,
Korea expo,"MILAEBO CO., LTD.",,
Korea expo,MITSUBISHI CHEMICAL GROUP,,
Korea expo,MITUTOYO KOREA CORPORATION,,
Korea expo,"MK CHEM & TECH CO., LTD.",,
Korea expo,"MKP CO., LTD.",,
Korea expo,"MMP CO., LTD.",,
Korea expo,"MMT CO., LTD.",,
Korea expo,"MNE CO., LTD.",,
Korea expo,"MOTION HITECH CO., LTD.",,
Korea expo,Moxa Inc.,,
Korea expo,MPI Corporation,,
Korea expo,MSPC KOREA,,
Korea expo,MSTECH,,
Korea expo,"MTI CO., LTD.",,
Korea expo,"Myungsung Instrument Co., Ltd.",,
Korea expo,"NANO FINE TECH CO., LTD.",,
Korea expo,NANOTECH INC.,,
Korea expo,"NCK CO., LTD.",,
Korea expo,NEO Corporation,,
Korea expo,NEOL,,
Korea expo,NEOSEM INC.,,
Korea expo,"NET CO., LTD.",,
Korea expo,"NEW COSMOS ELECTRIC CO., LTD",,
Korea expo,"NEW POWER PLASMA CO., LTD.",,
Korea expo,NEXENSOR INC.,,
Korea expo,NEXTIN INC.,,
Korea expo,NFS COMPANY,,
Korea expo,NIDEC ADVANCE TECHNOLOGY CORPORATION,,
Korea expo,NIKON CORPORATION,,
Korea expo,"NIPPON SEISEN CO., LTD.",,
Korea expo,"NIPPON THOMPSON CO., LTD.",,
Korea expo,NNFC,,
Korea expo,NOVA LTD.,,
Korea expo,NOVASEN,,
Korea expo,"NPM KOREA CO., LTD.",,
Korea expo,"NTS CO., LTD.",,
Korea expo,OHLABS CO.,,
Korea expo,"OHNISHI NETSUGAKU Co., Ltd.",,
Korea expo,OKINS ELECTRONICS,,
Korea expo,OKMETIC,,
Korea expo,"ONDOKISUL SENTECH CO., LTD.",,
Korea expo,ONTO INNOVATION,,
Korea expo,"OSAKA VACUUM, LTD.",,
Korea expo,"OTSUKA ELECTRONICS KOREA CO., LTD.",,
Korea expo,OXFORD INSTRUMENTS,,
Korea expo,PAMTEK,,
Korea expo,PARK SYSTEMS CORP.,,
Korea expo,PARMI,,
Korea expo,PEER GROUP INC.,,
Korea expo,PEMTRON CORPORATION,,
Korea expo,PFEIFFER VACUUM,,
Korea expo,"PI Advanced Materials CO., LTD.",,
Korea expo,PI Korea,,
Korea expo,PILLAR CORPORATION,,
Korea expo,PIVOTAL SYSTEMS KOREA,,
Korea expo,PIVOTAL SYSTEMS KOREA (Co-exhibitor),,
Korea expo,"PKENG CO., LTD.",,
Korea expo,"PLASMATECH CO., LTD.",,
Korea expo,PLASMATREAT KOREA LTD.,,
Korea expo,"PLAYTG CO., LTD.",,
Korea expo,PLUSENG,,
Korea expo,PMS DIVISION OF SPECTRIS KOREA,,
Korea expo,"PPT CO., LTD.",,
Korea expo,PRECISION POLYMER ENGINEERING LTD.,,
Korea expo,PRECITEC KOREA,,
Korea expo,PRESTOSOLUTION,,
Korea expo,"PRESYS CO., LTD.",,
Korea expo,"PROTEC CO., LTD.",,
Korea expo,PSK INC.,,
Korea expo,PSMP,,
Korea expo,PSTEK,,
Korea expo,PTC,,
Korea expo,PURITECH,,
Korea expo,PVA TEPLA KOREA,,
Korea expo,QRT INC.,,
Korea expo,QUALMAX INC.,,
Korea expo,RAON ROBOTICS Inc.,,
Korea expo,RENA Technologies GmbH,,
Korea expo,"RFPT CO., LTD.",,
Korea expo,RIGAKU CORPORATION,,
Korea expo,RIKUTEC ASIA LLC.,,
Korea expo,"RION CO., LTD.",,
Korea expo,RKC INSTRUMENT INC.,,
Korea expo,"ROBOTS AND DESIGN CO., LTD.",,
Korea expo,"ROKKO ELECTRONICS CO., LTD.",,
Korea expo,ROTAREX,,
Korea expo,"RPS CO., LTD.",,
Korea expo,"RS CO., LTD",,
Korea expo,"RTCK CO., LTD.",,
Korea expo,"SAESOL DIAMOND CO., LTD.",,
Korea expo,SAINT-GOBAIN PERFORMANCE,,
Korea expo,"SAMICKTHK CO., LTD.",,
Korea expo,"SAMYOUNG PURE CHEMICALS CO., LTD.",,
Korea expo,"SANYO DENKI KOREA CO., LTD.",,
Korea expo,SAS,,
Korea expo,SB TECH CORPORATION,,
Korea expo,scia Systems GmbH,,
Korea expo,SCIENCE PROBE,,
Korea expo,"SCREEN SEMICONDUCTOR SOLUTIONS CO., LTD.",,
Korea expo,SEALINK CORP.,,
Korea expo,SEBA INC.,,
Korea expo,SEBO MEC Corporation,,
Korea expo,"SEC CO., LTD.",,
Korea expo,"SEIWA OPTICAL CO., LTD.",,
Korea expo,"SELVID CO., LTD.",,
Korea expo,SEMCNS,,
Korea expo,"SEMES CO., LTD.",,
Korea expo,SEMICS INC.,,
Korea expo,"SEMI-ENCE CO., LTD.",,
Korea expo,Semilab,,
Korea expo,"SENSOR SYSTEM TECHNOLOGY CO., LTD.",,
Korea expo,"SEOIL E&M CO., LTD.",,
Korea expo,"SEOJIN ELECTRON CO., LTD.",,
Korea expo,Seose Ltd.,,
Korea expo,SERVOMEX,,
Korea expo,SET CORPORATION,,
Korea expo,SEWOO INCORPORATION,,
Korea expo,"SHI-ATEX Co., Ltd.",,
Korea expo,SHIBAURA MECHATRONICS CORPORATION,,
Korea expo,"SHINHAN DIAMOND INDUSTRIAL CO., LTD.",,
Korea expo,"SHINSUNG E&G CO., LTD.",,
Korea expo,"SICREAT SHUZHOU SEMITECH CO., LTD.",,
Korea expo,"SINFONIA TECHNOLOGY CO., LTD.",,
Korea expo,"SMC KOREA CO., LTD.",,
Korea expo,"SMI CO., LTD.",,
Korea expo,SMT CORPORATION,,
Korea expo,"SOLID CO., LTD.",,
Korea expo,"Songdo Industry Co.,Ltd",,
Korea expo,SONIX KOREA,,
Korea expo,"SPACE SOLUTIONS CO., LTD.",,
Korea expo,SPO INC.,,
Korea expo,"SRT CO., LTD.",,
Korea expo,"SSK CO., LTD.",,
Korea expo,ST CORPORATION,,
Korea expo,"STASYS KOREA CO., LTD.",,
Korea expo,STAUBLI KOREA,,
Korea expo,"STI CO., LTD.",,
Korea expo,"SUMITOMO (SHI) CRYOGENICS KOREA CO., LTD.",,
Korea expo,SUMITOMO CHEMICAL,,
Korea expo,"Sumitomo Heavy Industries Material Solutions Co., Ltd.",,
Korea expo,"Sumitomo Heavy Industries Material Solutions Co., Ltd. (Korea)",,
Korea expo,SUN RISING CORPORATION,,
Korea expo,Sungdo Eng,,
Korea expo,"SUNGHWA FUTURE & TECHNOLOGY CO., LTD.",,
Korea expo,"Sungji Co., Ltd.",,
Korea expo,SUNJE,,
Korea expo,"SUNWOO ENG. CO., LTD.",,
Korea expo,SURPASS INDUSTRY CO LTD,,
Korea expo,"SURPLUSGLOBAL, INC.",,
Korea expo,SUSS MICROTEC SE,,
Korea expo,SVCS,,
Korea expo,SWAGELOK KOREA,,
Korea expo,SYFT TECHNOLOGIES KOREA,,
Korea expo,SYNOPEX INC.,,
Korea expo,"TAKIGENKOREA MFG. CO., LTD.",,
Korea expo,TAVT,,
Korea expo,TCK,,
Korea expo,"TECHEST CO., LTD.",,
Korea expo,TECHNIC KOREA,,
Korea expo,Tektronix Korea,,
Korea expo,TEL,,
Korea expo,TEMNEST.INC,,
Korea expo,"TEMTEC Co., Ltd.",,
Korea expo,TeraView LTD,,
Korea expo,"TES CO., LTD.",,
Korea expo,TESCAN KOREA LTD.,,
Korea expo,TFE INC.,,
Korea expo,The Netherlands Pavilion,,
Korea expo,THERMO FISHER SCIENTIFIC,,
Korea expo,"THESEL CO., LTD.",,
Korea expo,"TKC CO., LTD.",,
Korea expo,TK-FUJIKIN CORPORATION,,
Korea expo,TOFLO CORPORATION,,
Korea expo,"TOKYO KEISO CO., LTD.",,
Korea expo,"TOKYO OHKA KOGYO CO., LTD.",,
Korea expo,TRACOWORLD LTD.,,
Korea expo,Trelleborg Sealing Solutions Ltd,,
Korea expo,TREM TRADING CO.,,
Korea expo,"TRUE TECH CO., LTD.",,
Korea expo,TRUMPF KOREA,,
Korea expo,TSC INC.,,
Korea expo,"TSE CO., LTD.",,
Korea expo,TSI Incorporated,,
Korea expo,TTS,,
Korea expo,TWOINTECH,,
Korea expo,UC COMPONENTS INC,,
Korea expo,"UCT KOREA CO., LTD.",,
Korea expo,"ULVAC KOREA, LTD.",,
Korea expo,UNILOK CORPORATION,,
Korea expo,UNISEM,,
Korea expo,UNITEST INC.,,
Korea expo,"UP CHEMICAL CO., LTD.",,
Korea expo,"UST CO., LTD.",,
Korea expo,UTRACS INC.,,
Korea expo,UYEMURA KOREA,,
Korea expo,"VALEXKOREA CO., LTD.",,
Korea expo,VALUE ENGINEERING,,
Korea expo,VAT KOREA LTD.,,
Korea expo,"VDM METALS KOREA CO., LTD.",,
Korea expo,"V-TEX KOREA CO., LTD.",,
Korea expo,WATLOW,,
Korea expo,WEIDMULLER KOREA,,
Korea expo,"WELD WELL CO., LTD.",,
Korea expo,WEZON,,
Korea expo,"WITHSYSTEM CO., LTD.",,
Korea expo,WITHTECH INC.,,
Korea expo,WITZENMANN,,
Korea expo,WONIK CORPORATION,,
Korea expo,"WONIK HOLDINGS CO., LTD.",,
Korea expo,"WONIK IPS CO., LTD.",,
Korea expo,"WONIK MATERIALS CO., LTD.",,
Korea expo,WONIK QNC,,
Korea expo,"WONST CO., LTD.",,
Korea expo,WOOAM,,
Korea expo,"WOOIL FLUCON CO., LTD.",,
Korea expo,WOOSUNG E&D,,
Korea expo,"WOOWON TECHNOLOGY CO., LTD.",,
Korea expo,WOOYANG ADVANCED MATERIAL CO.,,
Korea expo,"XAVIS CO., LTD.",,
Korea expo,YC,,
Korea expo,"YCCHEM CO., LTD.",,
Korea expo,YEST,,
Korea expo,"YIELD ENGINEERING SYSTEMS KOREA, INC.",,
Korea expo,"YODOGAWA HU-TECH CO., LTD.",,
Korea expo,"YOUNGJININD CO., LTD.",,
Korea expo,ZEISS KOREA (CARL ZEISS KOREA),,
Korea expo,ZEUS,,
Japan expo,Nagatsu LEVEX,,
Japan expo,3M Japan,,
Japan expo,Accenture Japan,,
Japan expo,ACE,,
Japan expo,Achilles,,
Japan expo,ADTEC Engineering,,
Japan expo,ADTEC Plasma Technology,,
Japan expo,ADVANCE ELECTRIC,,
Japan expo,Advanced Research Infrastructure for Materials and Nanotechnology in Japan,,
Japan expo,Advanced Semiconductor Equipment Technology Singapore,,
Japan expo,Advanced SoC Research for Automotive,,
Japan expo,ADVANTEC,,
Japan expo,Advantech,,
Japan expo,Advantest,,
Japan expo,Aehr Test Systems,,
Japan expo,Aemulus,,
Japan expo,AGC,,
Japan expo,AGD,,
Japan expo,Agilent Technologies Japan,,
Japan expo,AHIKO FINETEC,,
Japan expo,AIO PRECISION,,
Japan expo,AIR WATER INC.,,
Japan expo,AIRTECH JAPAN,,
Japan expo,Aixtal,,
Japan expo,AKITA CHEMICAL INDUSTRIES,,
Japan expo,AKITA Industrial Technology Center,,
Japan expo,AKONEER,,
Japan expo,AlixLabs,,
Japan expo,Alone,,
Japan expo,ALPHA DESIGN,,
Japan expo,ALPS ALPINE,,
Japan expo,ALU,,
Japan expo,Amaya,,
Japan expo,Amazon Web Services Japan,,
Japan expo,AMFLO Fluid Systems & Components,,
Japan expo,ANRITSU METER,,
Japan expo,Ansys Japan,,
Japan expo,Anupam Rasayan India Limited,,
Japan expo,AOI Electronics,,
Japan expo,Aomori Prefectural Government,,
Japan expo,AOS,,
Japan expo,"Aoyama Gakuin University, Haruyama Laboratory",,
Japan expo,"Aoyama Gakuin University, Koh Laboratory",,
Japan expo,"Aoyama Gakuin University, Yokoshiki Laboratory",,
Japan expo,APOLLO,,
Japan expo,APP,,
Japan expo,Appentra Solutions,,
Japan expo,Applied Materials Japan,,
Japan expo,APT,,
Japan expo,Arizona Commerce Authority,,
Japan expo,ARKTECH,,
Japan expo,ARROWS ENGINEERING,,
Japan expo,ARS,,
Japan expo,artience,,
Japan expo,Asahi Diamond Industrial,,
Japan expo,ASAHI FIBER INDUSTRY,,
Japan expo,Asahi Glassplant,,
Japan expo,Asahi Kiki,,
Japan expo,A-SAT Corporation,,
Japan expo,Asia Air Precision Technology,,
Japan expo,ASK INDEX,,
Japan expo,ASKSEMIX,,
Japan expo,ASM Japan,,
Japan expo,ASML Japan,,
Japan expo,ASMPT JAPAN,,
Japan expo,Assist-Navi,,
Japan expo,ASUZAC,,
Japan expo,ATE Service,,
Japan expo,ATECOM TECHNOLOGY,,
Japan expo,Atel,,
Japan expo,ATEN JAPAN,,
Japan expo,ATLANT 3D Nanosystems,,
Japan expo,Atmark Techno,,
Japan expo,ATOCK,,
Japan expo,ATT Systems,,
Japan expo,AUROS Technology,,
Japan expo,AVAL DATA,,
Japan expo,Axcelis Technologies,,
Japan expo,Axelera AI,,
Japan expo,Ayumi Industry,,
Japan expo,Azbil,,
Japan expo,Baikowski Japan,,
Japan expo,Ball Wave,,
Japan expo,BarnardSoft,,
Japan expo,Bayern International,,
Japan expo,BBS Kinmei,,
Japan expo,Beebolt,,
Japan expo,Berg semiconductor,,
Japan expo,BFAI Semiconductor Solutions,,
Japan expo,BLOOM LASERS,,
Japan expo,blueqat Inc.,,
Japan expo,bmbg consult,,
Japan expo,BMT,,
Japan expo,Boschman Technologies,,
Japan expo,Boston Dynamics,,
Japan expo,Brainport Industries Campus,,
Japan expo,Braun & Quarld Quartz Glass Lianyungang,,
Japan expo,Bronkhorst Japan,,
Japan expo,Brooks Japan,,
Japan expo,Bruco Integrated Circuits,,
Japan expo,Bruker Japan,,
Japan expo,Bueno Technology,,
Japan expo,C SUN MFG,,
Japan expo,C.Uyemura,,
Japan expo,Caddi,,
Japan expo,"Cadence Design Systems, Japan",,
Japan expo,California Governor’s Office of Business and Economic Development,,
Japan expo,Canon,,
Japan expo,Canon ANELVA,,
Japan expo,Canon Machinery,,
Japan expo,Canon Marketing Japan,,
Japan expo,CanTops,,
Japan expo,Carl Zeiss,,
Japan expo,CASTEC JAPAN,,
Japan expo,Catana Corporation,,
Japan expo,Cathay Pacific Airways,,
Japan expo,CEJN JAPAN,,
Japan expo,Ceratech Japan,,
Japan expo,CERMAX,,
Japan expo,CHEMFISH TOKYO,,
Japan expo,"Chiba Institute of Technology, Nanoelectronics Laboratory (Suga Laboratory)",,
Japan expo,"Chiba Institute of Technology, Power Electronics Laboratory（Hayashi Laboratory）",,
Japan expo,"Chiba University, Aoki Laboratory",,
Japan expo,"Chiba University, Computer System Laboratory",,
Japan expo,Chidaseimitsu,,
Japan expo,Chihuahua Global EDC,,
Japan expo,CHIMERA,,
Japan expo,Chipmetrics,,
Japan expo,Chiyoda Electric,,
Japan expo,Chiyoda Optical Instruments,,
Japan expo,CHIYODA SEIKI,,
Japan expo,Chiyoda Trading,,
Japan expo,CHOWA GIKEN,,
Japan expo,Chroma Japan,,
Japan expo,Chugai,,
Japan expo,Chugoku Denka Kogyo,,
Japan expo,Chung King Enterprise,,
Japan expo,CHUNMA HI-TECH,,
Japan expo,CHYI DING TECHNOLOGIES,,
Japan expo,Cimetrix Japan,,
Japan expo,CIS Corporation,,
Japan expo,City of Chitose,,
Japan expo,City of Sapporo,,
Japan expo,CKD,,
Japan expo,CKD NIKKI DENSO,,
Japan expo,CLEAN & SCIENCE,,
Japan expo,CLEAN ACT,,
Japan expo,Clean Technology,,
Japan expo,CMK,,
Japan expo,Comcraft,,
Japan expo,Comet Technologies Japan,,
Japan expo,Comptek Solutions,,
Japan expo,"Computer System Lab., Ehime University",,
Japan expo,CONNECTEC JAPAN,,
Japan expo,CONPROFE TECHNOLOGY GROUP,,
Japan expo,Continium Technologies,,
Japan expo,COSMOTEC,,
Japan expo,Courier Network Japan,,
Japan expo,Creative Technology,,
Japan expo,CRESSEM,,
Japan expo,CRESTEC,,
Japan expo,CRYSTAL OPTICS,,
Japan expo,CS CLEAN SOLUTIONS,,
Japan expo,Cybernet System,,
Japan expo,CyberTech,,
Japan expo,CyCraft Japan,,
Japan expo,Dai Nippon Printing,,
Japan expo,Daicel,,
Japan expo,DAICO MFG,,
Japan expo,DAIFUKU,,
Japan expo,DAIGO Electronic Industry,,
Japan expo,DAIHEN,,
Japan expo,DAIICHI JITSUGYO,,
Japan expo,DAIKIN INDUSTRIES,,
Japan expo,Daitec,,
Japan expo,DAITRON,,
Japan expo,DALTON,,
Japan expo,Dan-Takuma,,
Japan expo,DAS Environmental Expert,,
Japan expo,DASANENG,,
Japan expo,DATA TECNO,,
Japan expo,dataLobster,,
Japan expo,DEAXO,,
Japan expo,Demcon high tech systems,,
Japan expo,Denka,,
Japan expo,DENTSU SOKEN,,
Japan expo,DHL Global Forwarding Japan,,
Japan expo,DHL Supply Chain Japan,,
Japan expo,Diamond Semiconductor,,
Japan expo,DIC,,
Japan expo,DIP-view,,
Japan expo,Disassembly Zone (3rd edition),,
Japan expo,DISCO,,
Japan expo,DK-Lok,,
Japan expo,Dockweiler Japan,,
Japan expo,DongjooAP,,
Japan expo,Dou Yee Enterprises (S),,
Japan expo,D-process,,
Japan expo,DR YIELD Software & Solutions,,
Japan expo,DYDEN CORPORATION,,
Japan expo,Dynax,,
Japan expo,E&R ENGINEERING,,
Japan expo,e+h metrology,,
Japan expo,Eagle Industry,,
Japan expo,East Star Technology,,
Japan expo,EASY FIELD,,
Japan expo,EBA KOGYO,,
Japan expo,Ebara,,
Japan expo,EBARA FIELD TECH.,,
Japan expo,EBINAX,,
Japan expo,EdgeCortix,,
Japan expo,Edwards Japan,,
Japan expo,Ehime Prefectural Government,,
Japan expo,Eida Solutions,,
Japan expo,"EIKOH DESIGN&CREATION CO.,LTD",,
Japan expo,"Electronic and Optoelectronic System Research Laboratories, ITRI",,
Japan expo,Elematec,,
Japan expo,ELEMENT 3-5,,
Japan expo,Elephantech,,
Japan expo,ELIA,,
Japan expo,ELIONIX,,
Japan expo,Elmo Motion Control,,
Japan expo,Embassy of the Kingdom of the Netherlands,,
Japan expo,Embassy of the United States of America U.S.Commercial Service,,
Japan expo,EMI,,
Japan expo,Empire State Development,,
Japan expo,EM-TECHNIK EAST ASIA,,
Japan expo,enatec,,
Japan expo,ENGIS Japan,,
Japan expo,Enplas Semiconductor Peripheral,,
Japan expo,ENSEMBLE3,,
Japan expo,Ensinger Engineering Plastics,,
Japan expo,Entegris Japan,,
Japan expo,Enthought,,
Japan expo,Epicrew,,
Japan expo,EQ Global,,
Japan expo,Espec,,
Japan expo,Eulitha,,
Japan expo,European Commission,,
Japan expo,EV Group Japan,,
Japan expo,EVA Airways,,
Japan expo,Evatec,,
Japan expo,EVIDENT,,
Japan expo,Excillum,,
Japan expo,Fabmatics,,
Japan expo,FAITH,,
Japan expo,Fastgate,,
Japan expo,Fastmicro,,
Japan expo,fd hightech,,
Japan expo,Ferrotec,,
Japan expo,Festo,,
Japan expo,FICT,,
Japan expo,Fine Silicon Manufacturing (Shanghai),,
Japan expo,FITOK,,
Japan expo,FJ Composite Materials,,
Japan expo,Fluence Technology,,
Japan expo,FononTech,,
Japan expo,Formfactor,,
Japan expo,Found Four,,
Japan expo,Foundation for Promotion of Material Science&Technology of Japan,,
Japan expo,Fraunhofer Institute for Electronic Nano Systems ENAS,,
Japan expo,Fraunhofer IZM-ASSID,,
Japan expo,FreeSpirit (Shanghai) Precision Instruments,,
Japan expo,Frontier Semiconductor,,
Japan expo,FST (Fine Semitech),,
Japan expo,Fudow,,
Japan expo,FUJIBO Ehime,,
Japan expo,FUJIFILM,,
Japan expo,Fujikin,,
Japan expo,FUJIKURA COMPOSITES,,
Japan expo,Fujitsu,,
Japan expo,FUJIWARA CHEMICAL ENGINEERING,,
Japan expo,Fukuda Crystal Laboratory,,
Japan expo,Fukui Prefectural Government,,
Japan expo,"Fukuoka Industry, Science and Technology Foundation,Fukuoka Semiconductor Reskillin",,
Japan expo,"Fukuoka Industry, Science and Technology Foundation,Fukuoka Solution Center for Adv",,
Japan expo,"Fukuoka Industry, Science and Technology Foundation,Semiconductor Advisory Services",,
Japan expo,Fukuoka Prefectural semiconductor & Digital Industry Development Council,,
Japan expo,FURUKAWA ELECTRIC,,
Japan expo,FUTEC,,
Japan expo,GALLANT MICRO. MACHINING,,
Japan expo,GALLANT PRECISION MACHINING,,
Japan expo,Gastron,,
Japan expo,Gauss Labs,,
Japan expo,GEMU Japan,,
Japan expo,General Bussan,,
Japan expo,GenerativeX,,
Japan expo,GENES'INK,,
Japan expo,Georgia Department of Economic Development,,
Japan expo,German Machinery Trading,,
Japan expo,Gigaphoton,,
Japan expo,Glint Materials,,
Japan expo,Global Net,,
Japan expo,GMC HILLSTONE,,
Japan expo,GnBS eco,,
Japan expo,GOLDWIN,,
Japan expo,GRAPHEAL,,
Japan expo,GRIKIN Advanced Materials,,
Japan expo,"GROUP UP INDUSTRIAL CO., LTD.",,
Japan expo,GSI Creos,,
Japan expo,GST Japan,,
Japan expo,GTM,,
Japan expo,GUARDNER,,
Japan expo,Gudeng Equipment,,
Japan expo,Gudeng Precision Industrial,,
Japan expo,Gyromatic Innovation,,
Japan expo,HAGA Precision Industry,,
Japan expo,Hakuto,,
Japan expo,HAMAMATSU PHOTONICS,,
Japan expo,Hangzhou Cobetter Filtration Equipment,,
Japan expo,Hangzhou Vulcan New Material Technology,,
Japan expo,HARADA,,
Japan expo,Harmotec,,
Japan expo,HATSUTA SEISAKUSHO,,
Japan expo,hayashi stainless,,
Japan expo,Headspring,,
Japan expo,Hebei Synlight Semiconductor,,
Japan expo,Heidelberg Instruments,,
Japan expo,HeNan Union precision Material,,
Japan expo,Hermes-Epitek,,
Japan expo,HERMOS,,
Japan expo,Hibiki Seiki,,
Japan expo,Hightec Systems,,
Japan expo,HIJI HIGH-TECH,,
Japan expo,HIMEJI RIKA,,
Japan expo,HIPURITY,,
Japan expo,Hirai Seimitsu Kogyo,,
Japan expo,HIRASAWA PRECISION,,
Japan expo,Hirata,,
Japan expo,HIROKAWA,,
Japan expo,"Hirosaki University, Imai Laboratory",,
Japan expo,HIROSE ELECTRIC,,
Japan expo,Hiroshima Prefectural Government,,
Japan expo,Hiroshima University,,
Japan expo,Hiroshima University Semicomductor Engineering Laboratory,,
Japan expo,Hiroshima University Teramoto laboratory,,
Japan expo,"Hiroshima University, KUROKI Laboratory",,
Japan expo,Hiro-Tec,,
Japan expo,HiSOL,,
Japan expo,Hitachi High-Tech,,
Japan expo,Hitachi High-Tech Fielding,,
Japan expo,Hitec Power Protection,,
Japan expo,HIWIN,,
Japan expo,Hokkaido Government,,
Japan expo,"Hokkaido University, Laboratory for Integrated Nano Systems",,
Japan expo,"Hokkaido University, Novel Materials Hybrid Engineering Laboratory",,
Japan expo,Holoway,,
Japan expo,Honda Electronics,,
Japan expo,HORIBA,,
Japan expo,HORIBA Advanced Techno,,
Japan expo,HORIBA STEC,,
Japan expo,HORKOS,,
Japan expo,"Hosei University, Research Center of Ion Beam Technology",,
Japan expo,HOYA,,
Japan expo,HPRAY (Changzhou) Clean System Technology,,
Japan expo,HST Vision,,
Japan expo,HTL Co. Japan,,
Japan expo,Hua Yang Precision Machinery,,
Japan expo,HUG POWER,,
Japan expo,Hugle Electronics,,
Japan expo,HZDR Innovation,,
Japan expo,IAI,,
Japan expo,Ibaraki Prefectural Government,,
Japan expo,"Ibaraki University, Semiconductor Laboratory",,
Japan expo,"Ibaraki University, Yamauchi Laboratory",,
Japan expo,IBM Japan,,
Japan expo,Ideal Brain,,
Japan expo,ifm efector,,
Japan expo,IGLOBAL,,
Japan expo,igus,,
Japan expo,IKEDA METAL INDUSTRIAL,,
Japan expo,iL Technology,,
Japan expo,Illinois Department of Commerce and Economic Opportunity,,
Japan expo,Image Transforms Singapore,,
Japan expo,IMT,,
Japan expo,INDUSTRIA,,
Japan expo,INFICON,,
Japan expo,InnoLas Semiconductor,,
Japan expo,Innovation Science,,
Japan expo,Inspec,,
Japan expo,"Institute of Science Tokyo, Ohmi Lab",,
Japan expo,"Institute of Science Tokyo, Shigeki Saito Laboratory",,
Japan expo,Intertec Sales,,
Japan expo,INVENTEC Performance Chemicals SEA,,
Japan expo,IONSEMI,,
Japan expo,IQM Quantum Computers,,
Japan expo,IQS nano,,
Japan expo,IR System,,
Japan expo,IRIE KOKEN,,
Japan expo,ISAHAYA ELECTRONICS CORPORATION,,
Japan expo,ISC,,
Japan expo,Ishikawa Prefecture (Noto Area),,
Japan expo,ITOCHU Machine-Technos,,
Japan expo,IWAKI,,
Japan expo,IWASHITA INDUSTRIAL,,
Japan expo,IWATA TOOL,,
Japan expo,Iwate Industry Promotion Center,,
Japan expo,IWATSU ELECTRIC,,
Japan expo,J&L Tech,,
Japan expo,J.A. Woollam Japan,,
Japan expo,J.E.T.,,
Japan expo,Jade Design Automation,,
Japan expo,"Japan Advanced Institute of Science and Technology, Laboratory on Next-Generation S",,
Japan expo,Japan Advanced Semiconductor Manufacturing,,
Japan expo,japan coating center,,
Japan expo,JAPAN CREATE,,
Japan expo,JAPAN ELECTRONIC MATERIALS,,
Japan expo,Japan Electronics Packaging and Circuits Association,,
Japan expo,Japan External Trade Organization (JETRO),,
Japan expo,JAPAN FINE CERAMICS,,
Japan expo,Japan Fine materials,,
Japan expo,Japan Fine Steel,,
Japan expo,Japan Honeywell,,
Japan expo,Japan Laser,,
Japan expo,Japan Material,,
Japan expo,Japan Science Engineering,,
Japan expo,JAPAN SCIENTIFIC INSTRUMENT ASSOCIATION,,
Japan expo,Japan Vacuum Industry Association,,
Japan expo,Japan Yuwa Techno,,
Japan expo,JCM JAPAN,,
Japan expo,JCU,,
Japan expo,JDV CONTROL VALVES,,
Japan expo,JEL,,
Japan expo,JEOL,,
Japan expo,JFE Techno-Research,,
Japan expo,JGC Catalysts and Chemicals,,
Japan expo,JGC CORPORATION,,
Japan expo,JGC HOLDINGS,,
Japan expo,Jiangsu Leadchem Semiconductor Technology,,
Japan expo,Jiangsu OKFLON Precision Manufacturing,,
Japan expo,Jiangsu Pacific Quartz,,
Japan expo,Jiangyin Huilong Electric Heating Appliance,,
Japan expo,Jin Zhou East Quartz Material Science and Technology,,
Japan expo,JMT,,
Japan expo,Jobs Ohio,,
Japan expo,JOINT2,,
Japan expo,JSOL,,
Japan expo,JSR,,
Japan expo,JSW Aktina System,,
Japan expo,JTEC Corporation,,
Japan expo,JTEKT GRINDING TOOLS,,
Japan expo,JTEKT MACHINE SYSTEMS,,
Japan expo,JTEKT THERMO SYSTEMS,,
Japan expo,JUcan,,
Japan expo,Jung Sung Tech,,
Japan expo,Junkosha,,
Japan expo,JX Advanced Metals,,
Japan expo,JX Metals Trading,,
Japan expo,Kaijo,,
Japan expo,Kanagawa Institute of Industrial Science and Technology,,
Japan expo,KANAMEX,,
Japan expo,Kanematsu PWS,,
Japan expo,Kan-I International,,
Japan expo,Kanken Techno,,
Japan expo,KANOMAX JAPAN,,
Japan expo,Kato Light Metal Industry,,
Japan expo,KAWAGUCHI,,
Japan expo,KAWASAKI HEAVY INDUSTRIES,,
Japan expo,Kawaso Texcel,,
Japan expo,Kayou,,
Japan expo,Keisoku Engineering System,,
Japan expo,Keysight Technologies Japan,,
Japan expo,KH Neochem,,
Japan expo,"Kindai University, Functional Device Laboratory",,
Japan expo,KINRYO ELECTRIC,,
Japan expo,Kitagawa Gress Tech,,
Japan expo,KITAGAWA SEIKI,,
Japan expo,KITZ SCT,,
Japan expo,KIYOKAWA PLATING INDUSTRY,,
Japan expo,KLA,,
Japan expo,K-Max Technology,,
Japan expo,KMGIKEN,,
Japan expo,KNE,,
Japan expo,Kobayashi Manufacturing,,
Japan expo,Kobayashi-Special Glass,,
Japan expo,kobe sekkei room,,
Japan expo,Kobe Steel,,
Japan expo,Kobe University,,
Japan expo,Kobelco Research Institute,,
Japan expo,KOENN,,
Japan expo,KOFLOC,,
Japan expo,Koh Young Technology,,
Japan expo,KOHAN KOGYO,,
Japan expo,KOHOKU KOGYO,,
Japan expo,Kohzu Precision,,
Japan expo,KOIWAI,,
Japan expo,Koken,,
Japan expo,KOKUSAI ELECTRIC,,
Japan expo,Komatsu NTC,,
Japan expo,Korea Industry Intelligentization Association,,
Japan expo,Korea Trade-Investment Promotion Agency Tokyo Trade Center,,
Japan expo,Koushin Special Glass,,
Japan expo,Kouwa Tec,,
Japan expo,Koyo High Precision,,
Japan expo,Koyo Technos,,
Japan expo,KOZO KEIKAKU ENGINEERING,,
Japan expo,KSK,,
Japan expo,KSM,,
Japan expo,KUBOTA,,
Japan expo,KUBOTEK,,
Japan expo,Kulicke & Soffa,,
Japan expo,Kumabou Metal,,
Japan expo,Kumamoto Business Development Association,,
Japan expo,Kumamoto Prefectural Government,,
Japan expo,Kumamoto Semiconductor Green Innovation Association,,
Japan expo,KunShan GuoLi Electronic Technology,,
Japan expo,Kurabo Industries,,
Japan expo,KURASHIKI KAKO,,
Japan expo,KURIMOTO,,
Japan expo,Kurita Water Industries,,
Japan expo,KUROSAKA PLATING,,
Japan expo,Kusakawa Seiki,,
Japan expo,Kuwana Metals,,
Japan expo,KUZE BELLOWS KOGYOSHO,,
Japan expo,KVC,,
Japan expo,KYODO INTERNATIONAL,,
Japan expo,Kyoto Prefecture,,
Japan expo,"Kyoto University of Advanced Science, Nanomechatronics Laboratory (Namazu-Banerjee",,
Japan expo,"Kyoto Unversity, Nano/MicroSystem Engineering Laboratory",,
Japan expo,Kyowa,,
Japan expo,Kyushu F.C.C.,,
Japan expo,"Kyushu Institute of Technology, Center for Microelectronic Systems",,
Japan expo,Kyushu Semiconductor KAW,,
Japan expo,Kyushu University Kato Laboratory,,
Japan expo,"Kyushu University, Yabuta Laboratory",,
Japan expo,Ｌ.P.S. WORKS,,
Japan expo,LAB Motion Systems,,
Japan expo,Laiku (Suzhou) Vacuum Technology,,
Japan expo,Lam Research,,
Japan expo,Laser Systems & Solutions of Europe SASU (LASSE),,
Japan expo,Lasertec,,
Japan expo,Leading-edge Semiconductor Technology Center,,
Japan expo,Leadtech,,
Japan expo,Leeno Industrial,,
Japan expo,Levitronix Japan,,
Japan expo,LINK UPON ADVANCED MATERIAL,,
Japan expo,LINTEC,,
Japan expo,Litho Tech Japan,,
Japan expo,LNEYA Thermo Refrigeration,,
Japan expo,Logic and Design,,
Japan expo,M&S INSTRUMENTS,,
Japan expo,M.Watanabe,,
Japan expo,MABUCHI S&T,,
Japan expo,Macquarie Semiconductor & Technology,,
Japan expo,MAEDA SHELL SERVICE,,
Japan expo,Magnescale,,
Japan expo,MAKINO MILLING MACHINE,,
Japan expo,MantiSpectra,,
Japan expo,ManWinWin Software,,
Japan expo,Marposs,,
Japan expo,Marubeni Information Systems,,
Japan expo,Marubun,,
Japan expo,MARUICHI STAINLESS TUBE,,
Japan expo,maruwa-sk,,
Japan expo,MA-tek Japan,,
Japan expo,MathWorks Japan,,
Japan expo,Matlantis,,
Japan expo,MATSUO HANDA,,
Japan expo,Matsusada Precision,,
Japan expo,MATSUZAKISEISAKUSYO,,
Japan expo,MavissDesign,,
Japan expo,Maxmold Polymer,,
Japan expo,MEC,,
Japan expo,Mecal High-tech/Systems,,
Japan expo,Mechatronic Systemtechnik,,
Japan expo,MEIDENSHA,,
Japan expo,Meiko Electronics,,
Japan expo,Membrane Solutions,,
Japan expo,MEMPro,,
Japan expo,MFC Sealing Technology,,
Japan expo,MFOPTEX,,
Japan expo,Michigan Economic Development Corporation,,
Japan expo,Micro Control Company,,
Japan expo,Micro Module Technology,,
Japan expo,Micro Point Pro Ltd.,,
Japan expo,Micro Technology,,
Japan expo,Micro-Epsilon Japan,,
Japan expo,Micron Memory Japan,,
Japan expo,MICRONICS JAPAN,,
Japan expo,Microprogram Information,,
Japan expo,MICROTECH LABORATORY,,
Japan expo,Microtest,,
Japan expo,MIKADO TECHNOS,,
Japan expo,MIKI,,
Japan expo,MILAEBO JAPAN,,
Japan expo,Millice,,
Japan expo,Minds.ai,,
Japan expo,Mini-Lab,,
Japan expo,Ministry of the Environment,,
Japan expo,Mipox,,
Japan expo,MIRAPRO,,
Japan expo,MIRTEC,,
Japan expo,MISEC,,
Japan expo,Mitani Micronics,,
Japan expo,Mitsubishi Chemical Corporation,,
Japan expo,MITSUBISHI CHEMICAL ENGINEERING,,
Japan expo,Mitsubishi Gas Chemical,,
Japan expo,Mitsubishi HC Capital,,
Japan expo,MITSUBOSHI DIAMOND INDUSTRIAL,,
Japan expo,Mitsui Chemicals,,
Japan expo,Mitsui Fudosan,,
Japan expo,Mitsuya,,
Japan expo,Mitutoyo,,
Japan expo,Miyazaki Prefecture,,
Japan expo,MK Electron,,
Japan expo,Modihive,,
Japan expo,mott,,
Japan expo,MPI,,
Japan expo,MRM,,
Japan expo,MSP,,
Japan expo,MSSCORPS,,
Japan expo,MURATA MACHINERY,,
Japan expo,Murata Manufacturing,,
Japan expo,MUSASHI ENGINEERING,,
Japan expo,Mutsumikasei,,
Japan expo,muuv links,,
Japan expo,Mycronic Technologies,,
Japan expo,Nabeya Bi-tech Kaisha,,
Japan expo,NAGAMINE MANUFACTURING,,
Japan expo,NAGANO KEIKI,,
Japan expo,NAGASAKI UNIVERSITY,,
Japan expo,Nagase,,
Japan expo,Nagoya Chamber of Commerce & Industry,,
Japan expo,Nagoya University Hata Laboratory,,
Japan expo,Nagoya university Power Electronics Lab.,,
Japan expo,Naigai TEC Corporation,,
Japan expo,NAKAZONO INDUSTRY,,
Japan expo,Nano SOLTECH Japan,,
Japan expo,Nanomotion,,
Japan expo,Nanosurf,,
Japan expo,NANOTECH,,
Japan expo,Napson,,
Japan expo,"Nara Institute of Science and Technology, Solid-State Information Physics Laborator",,
Japan expo,Narasaki Sangyo,,
Japan expo,National Institute for Materials Science,,
Japan expo,National Institute of Advanced Industrial Science and Technology,,
Japan expo,National Institute of Advanced Industrial Science and Technology Department of Electronics and Manufacturing Sensing Technology Research Institute,,
Japan expo,"National Institute of Advanced Industrial Science and Technology , Exploratory Silicon Device Rese",,
Japan expo,"National Institute of Advanced Industrial Science and Technology, Nano-Processing Facility",,
Japan expo,"National Institute of Technology (KOSEN), Gunma College",,
Japan expo,"National Institute of Technology(Kosen),Ibaraki College",,
Japan expo,"National Institute of Technology(Kosen),Kagawa College",,
Japan expo,"National Institute of Technology(Kosen),Kure College",,
Japan expo,"National Institute of Technology(Kosen),Maizuru College",,
Japan expo,"National Institute of Technology(Kosen),Okinawa College",,
Japan expo,"National Institute of Technology, Kisarazu College",,
Japan expo,"National Instituto of Technology, Anan College",,
Japan expo,NDS (TAIWAN),,
Japan expo,Neo,,
Japan expo,NEW COSMOS ELECTRIC,,
Japan expo,Neways Electronics International,,
Japan expo,NexGen Wafer Systems,,
Japan expo,NEXTIN,,
Japan expo,NHK Spring,,
Japan expo,NICHIAS,,
Japan expo,NIDEC ADVANCE TECHNOLOGY,,
Japan expo,NIDEC MACHINE TOOL,,
Japan expo,NIDEC SV PROBE,,
Japan expo,Nihon Synopsys,,
Japan expo,"Nihon University, Kaneko Laboratory",,
Japan expo,"Nihon University, Ogawa Laboratory",,
Japan expo,"Nihon University, Saito Laboratory",,
Japan expo,NIHONKOSHUHA,,
Japan expo,"Niigata University, Abe/Sohgawa Laboratory",,
Japan expo,NIKKI-UNIVERSAL,,
Japan expo,NIKON,,
Japan expo,NIKON TEC,,
Japan expo,NIPPECO,,
Japan expo,Nippo Precision,,
Japan expo,NIPPON BEARING,,
Japan expo,Nippon Busch,,
Japan expo,NIPPON CHUZO,,
Japan expo,Nippon Electric Glass,,
Japan expo,Nippon Electronic Device Industry Association,,
Japan expo,NIPPON EXPRESS,,
Japan expo,NIPPON EXPRESS HOLDING,,
Japan expo,NIPPON FUSSO,,
Japan expo,Nippon Kayaku,,
Japan expo,Nippon Pulse Motor,,
Japan expo,Nippon Seisen,,
Japan expo,NIPPON SHOKUBAI,,
Japan expo,NIPPON STEEL STAINLESS STEEL PIPE,,
Japan expo,NIPPON THOMPSON,,
Japan expo,NISHIDA,,
Japan expo,Nishimura Advanced Ceramics,,
Japan expo,NISHIMURA CHEMITECH,,
Japan expo,NISSAN TANAKA,,
Japan expo,NISSEI,,
Japan expo,NISSEI ELECTRIC,,
Japan expo,Nissin Ion Equipment,,
Japan expo,Nitta,,
Japan expo,NITTO KOHKI,,
Japan expo,NITTO OPTICAL,,
Japan expo,NITTOKU,,
Japan expo,Nittsu NEC Logistics,,
Japan expo,Nobleo Technology,,
Japan expo,Noda RF Technologies,,
Japan expo,Nomura Micro Science,,
Japan expo,NordAmps,,
Japan expo,NORITAKE,,
Japan expo,NOVA FABRICA,,
Japan expo,Nova Measuring Instruments,,
Japan expo,NOVASEN,,
Japan expo,NPM High Technologies,,
Japan expo,NPS,,
Japan expo,NS Technologies,,
Japan expo,NSK,,
Japan expo,NSS,,
Japan expo,NSS Water Enhancement Technology,,
Japan expo,NTT DOCOMO BUSINESS,,
Japan expo,NTTCom Online Marketing Solutions,,
Japan expo,NuFlare Technology,,
Japan expo,NuriOneTech,,
Japan expo,NX SHOJI,,
Japan expo,NY CREATES,,
Japan expo,O.C.E. Technology,,
Japan expo,Obducat Europe,,
Japan expo,Oerlikon Japan,,
Japan expo,Ohishi Sangyo,,
Japan expo,OHMIYA Ind.,,
Japan expo,OILES,,
Japan expo,Oita Electron,,
Japan expo,Oita LSI Cluster Promotion Council,,
Japan expo,Oita Prefecture,,
Japan expo,OKAMOTO MACHINE TOOL WORKS,,
Japan expo,OKAYA,,
Japan expo,OKUNO CHEMICAL INDUSTRIES,,
Japan expo,Omron,,
Japan expo,Onto Innovation Japan,,
Japan expo,ONTOS Equipment Systems,,
Japan expo,OOKUMA DIAMOND DEVICE,,
Japan expo,OpenSUSI,,
Japan expo,Optitec,,
Japan expo,OPTO SYSTEM,,
Japan expo,Optorun,,
Japan expo,Orbray,,
Japan expo,ORC MANUFACTURING,,
Japan expo,Oregon Business Development Department,,
Japan expo,"Osaka University, Toyo Aluminium Research Laboratory of Semiconductors",,
Japan expo,Osaka Vacuum,,
Japan expo,O-TEC,,
Japan expo,Otsuka Electronics,,
Japan expo,Oxford Instruments,,
Japan expo,OXIDE,,
Japan expo,P.R.A,,
Japan expo,Panasonic Connect,,
Japan expo,Panasonic Industry,,
Japan expo,Park Systems Japan,,
Japan expo,Particle Measuring Systems,,
Japan expo,PDF Solutions,,
Japan expo,Pearl Kogyo,,
Japan expo,PEER Group,,
Japan expo,PEMTRON,,
Japan expo,Pentamaster Instrumentation,,
Japan expo,PerkinElmer Japan,,
Japan expo,PHENITEC SEMICONDUCTOR,,
Japan expo,Physix Technology,,
Japan expo,piezosystem jena,,
Japan expo,PILLAR,,
Japan expo,PLANOPTIK,,
Japan expo,Plasma-Therm-Japan,,
Japan expo,Plum Five,,
Japan expo,Polyplastics,,
Japan expo,Possible,,
Japan expo,Power Diamond Systems,,
Japan expo,Precision Sensors. Division of United Electric,,
Japan expo,PRECITEC JAPAN,,
Japan expo,Preferred Networks,,
Japan expo,Process Insights,,
Japan expo,Prodrive Technologies,,
Japan expo,PROSOL JAPAN,,
Japan expo,PROTEC,,
Japan expo,PTW Japan,,
Japan expo,PURERON JAPAN,,
Japan expo,PVA TePla,,
Japan expo,PwC Consulting,,
Japan expo,QNA Technology,,
Japan expo,QuantumDiamonds,,
Japan expo,Quark Technology,,
Japan expo,Rapidus,,
Japan expo,RAYAMA PACK,,
Japan expo,Raydent Industrial,,
Japan expo,Rayzher Technology,,
Japan expo,R-DEC,,
Japan expo,Realize,,
Japan expo,Reid-Ashman Manufacturing,,
Japan expo,RENA Technologies,,
Japan expo,Renesas Semiconductor Manufacturing,,
Japan expo,Reser Europe,,
Japan expo,Resonac,,
Japan expo,Rigaku,,
Japan expo,"Riken Heat Techno Co.,LTD.",,
Japan expo,RIKEN KEIKI,,
Japan expo,RION,,
Japan expo,RISE-A,,
Japan expo,Ritsumeikan University Kentaro Kaneko Laboratory,,
Japan expo,RIX,,
Japan expo,RKC INSTRUMENT,,
Japan expo,Rokko Electronics,,
Japan expo,RORZE,,
Japan expo,ROTAREX,,
Japan expo,ROWAVES,,
Japan expo,RPS,,
Japan expo,Ryokosha,,
Japan expo,"Ryukoku University, Kimura Laboratory",,
Japan expo,S.E.R.,,
Japan expo,Saga Prefecture,,
Japan expo,"Saga University, Diamond Semiconductor Research Center, Kasu Lab.",,
Japan expo,"Saitama University, Science of Production and Environment Laboratory",,
Japan expo,Saito Optical Science,,
Japan expo,SAKAGUCHI ELECTRIC HEATERS,,
Japan expo,SAKIGAKE-Semiconductor,,
Japan expo,SAKOTA-SEIKI,,
Japan expo,Samco,,
Japan expo,Sandisk,,
Japan expo,SANEI,,
Japan expo,SANKO KOGYO,,
Japan expo,Santec Japan,,
Japan expo,SANWA INDUSTRY,,
Japan expo,Sanwa Plating,,
Japan expo,SANYODENKI,,
Japan expo,Sanyu,,
Japan expo,SANYU REC,,
Japan expo,SASAKI Precision Industries,,
Japan expo,SATAKE Precision Technology,,
Japan expo,SATOSEN,,
Japan expo,SAW COMPONENTS Dresden,,
Japan expo,Saxony Trade & Invest,,
Japan expo,SB TECH,,
Japan expo,SCHOTT Japan,,
Japan expo,Schunk Xycarb Technology,,
Japan expo,scia Systems,,
Japan expo,SCIL Nanoimprint,,
Japan expo,SCREEN Creative Communications,,
Japan expo,SCREEN Holdings,,
Japan expo,SCREEN PE Solutions,,
Japan expo,SCREEN Semiconductor Solutions,,
Japan expo,SCREEN SPE Service,,
Japan expo,Scurid,,
Japan expo,Sealink,,
Japan expo,SEBONG,,
Japan expo,seibukikou,,
Japan expo,SEIREN Advanced Materials,,
Japan expo,SEIWA OPTICAL,,
Japan expo,SEKISUI CHEMICAL,,
Japan expo,SELVAC,,
Japan expo,SEMI Quantum Computer Council,,
Japan expo,SEMICON STADIUM,,
Japan expo,Semiconductor Equipment Association of Japan,,
Japan expo,Semiconductor Support Services,,
Japan expo,Semics,,
Japan expo,Semight Instruments,,
Japan expo,SemiGlory Electronics (Chongqing),,
Japan expo,Semilab Japan,,
Japan expo,Sensortherm,,
Japan expo,SENTECH Instruments,,
Japan expo,sentronics metrology,,
Japan expo,SERVOMEX GROUP,,
Japan expo,SET,,
Japan expo,SETO Electronics,,
Japan expo,Shandong HuaYuTongFang Electronic Materials,,
Japan expo,Shanghai Huasong Enterprise,,
Japan expo,Shanghai Jheat Technology,,
Japan expo,Shanghai Mirror Metal Surface Treatment Technology,,
Japan expo,Shanghai Shengjian Technology,,
Japan expo,Shanghai Sieg Technology,,
Japan expo,SHELLBACK Semiconductor Technology,,
Japan expo,Shenyang Fortune Precision Equipment,,
Japan expo,Shenzhen CAPCHEM Technology,,
Japan expo,SHENZHEN GREAT ENERGY TECHNOLOGY,,
Japan expo,Shenzhen Merry Precise Electronic,,
Japan expo,Shenzhen Youibot Robotics,,
Japan expo,SHI-ATEX,,
Japan expo,SHIBAURA ELETEC,,
Japan expo,Shibaura Mechatronics,,
Japan expo,Shibuya,,
Japan expo,SHIIMA ELECTRONICS,,
Japan expo,SHIKOKU KASEI HOLDINGS,,
Japan expo,Shimadzu Corporation,,
Japan expo,Shimadzu Industrial Systems,,
Japan expo,Shimadzu Techno-Research,,
Japan expo,"Shimane University, Fujita-Yoshida Lab.",,
Japan expo,SHIMOSATOSEISAKU,,
Japan expo,Shin Nippon Air Technologies,,
Japan expo,Shinagawa Kogaku optics,,
Japan expo,SHINCRON,,
Japan expo,Shin-Etsu Chemical,,
Japan expo,Shin-Etsu Polymer,,
Japan expo,shinko,,
Japan expo,"SHINKO CO.,LTD.",,
Japan expo,SHINKO ELECTRIC INDUSTRIES,,
Japan expo,Shinko Seiki,,
Japan expo,Shin-Ohtsuka,,
Japan expo,Shinsho Corporation,,
Japan expo,Shinwa Controls,,
Japan expo,Shinwa Vanes,,
Japan expo,SHINYEI TECHNOLOGY,,
Japan expo,SHOWA Manufacturing,,
Japan expo,SHUNKAWA,,
Japan expo,SiC Alliance,,
Japan expo,SICC,,
Japan expo,Sico Technology,,
Japan expo,Siconnex customized solutions,,
Japan expo,SICREAT (Suzhou) Semitech,,
Japan expo,SIEMENS,,
Japan expo,Siemens Electronic Design Automation Japan,,
Japan expo,SIGMA SYSTEM,,
Japan expo,Sigma-i,,
Japan expo,Sigurd Microelectronics,,
Japan expo,SilcoTek,,
Japan expo,SilTest Semiconductors,,
Japan expo,SINFONIA TECHNOLOGY,,
Japan expo,SINGWAY TECHNOLOGY,,
Japan expo,SION SYSTEM,,
Japan expo,SKL Tech,,
Japan expo,Sky technology Inc.,,
Japan expo,SmartRay,,
Japan expo,SMFL MIRAI Partners Company,,
Japan expo,"Sojo University, Kitada Laboratory (Precision Machining Laboratory)",,
Japan expo,Solar Plus,,
Japan expo,SOLOMON Technology,,
Japan expo,SOMAR,,
Japan expo,Sony Semiconductor Manufacturing,,
Japan expo,Sony Semiconductor Solutions,,
Japan expo,Speedfam,,
Japan expo,SPEKTRA,,
Japan expo,SPP Technologies,,
Japan expo,Staubli,,
Japan expo,Stec,,
Japan expo,STEL Equvo corporation,,
Japan expo,STK TECHNOLOGY,,
Japan expo,Stockmark Inc.,,
Japan expo,STRATEGIC,,
Japan expo,Sugino Machine,,
Japan expo,SUMCO,,
Japan expo,Sumika Chemical Analysis Service,,
Japan expo,Sumitomo Bakelite,,
Japan expo,Sumitomo Heavy Industries,,
Japan expo,Sumitomo Heavy Industries Ion Technology,,
Japan expo,Sumitomo Precision Products,,
Japan expo,Summit Super Abrasive,,
Japan expo,Suneast Intelligent Equipment Technology ( Shenzhen),,
Japan expo,SUN-EH ELECTRIC,,
Japan expo,SunFlare,,
Japan expo,SUNJUSHI,,
Japan expo,SUNPLASTIC,,
Japan expo,SUNSAY GENERIC,,
Japan expo,Sunshine Duqm,,
Japan expo,Surpass Industry,,
Japan expo,SurplusGLOBAL,,
Japan expo,SURUGA SEIKI,,
Japan expo,SUSS MicroTec,,
Japan expo,Suzhou Betpak New Material Technology,,
Japan expo,Suzhou Eoulu System Integration,,
Japan expo,Suzhou Supermag Intelligent Technology,,
Japan expo,Suzuden,,
Japan expo,SUZUKI,,
Japan expo,Suzuki High-Tech,,
Japan expo,Suzuki Shokan,,
Japan expo,SVCS Process Innovation,,
Japan expo,SYDEK,,
Japan expo,Symtek Automation Asia,,
Japan expo,SYSTEC INOUE,,
Japan expo,Systems Engineering,,
Japan expo,T.S.J,,
Japan expo,Tagawa Shikkui Labs,,
Japan expo,TAIKA INDUSTRY,,
Japan expo,TAIKISHA,,
Japan expo,TAISEI GIKEN,,
Japan expo,Taisei Seiko,,
Japan expo,TAIWAN FYLIN INDUSTRIAL,,
Japan expo,TAIYO HOLDINGS,,
Japan expo,TAIYO KOKO,,
Japan expo,TAIYO NIPPON SANSO,,
Japan expo,Takachiho Trading,,
Japan expo,Takada,,
Japan expo,Takahashi Industry,,
Japan expo,Takai Precision,,
Japan expo,TAKAMATSU TEISAN,,
Japan expo,Takano,,
Japan expo,TAKAOKA TOKO,,
Japan expo,Takatori,,
Japan expo,TAKAYAMA,,
Japan expo,TAKENAKA ELECTRONIC INDUSTRIAL,,
Japan expo,TAKIGEN Mfg,,
Japan expo,Takimoto Giken Industry,,
Japan expo,Tallinna Elektrotehnika Tehas «Estel» AS,,
Japan expo,TAMAGAWA ENGINEERING,,
Japan expo,TASMIT,,
Japan expo,Tata Electronics,,
Japan expo,TATSUTA Electric Wire and Cable,,
Japan expo,TAZMO,,
Japan expo,TDC,,
Japan expo,TDK,,
Japan expo,TEC ENGINEERING,,
Japan expo,Techmation,,
Japan expo,Technical & Try,,
Japan expo,Techno Quartz,,
Japan expo,Technohands,,
Japan expo,TECHNOWELL,,
Japan expo,TECNOS,,
Japan expo,tei Solutions,,
Japan expo,Teikoku Taping System,,
Japan expo,"Teikyo University, Tanamoto Laboratory",,
Japan expo,TEKHNE,,
Japan expo,Tekscend Photomask,,
Japan expo,Tektronix,,
Japan expo,Tempress,,
Japan expo,Tem-Tech Lab,,
Japan expo,Tenstorrent Japan,,
Japan expo,TESCOM,,
Japan expo,TESPRO,,
Japan expo,Texas Instruments Japan,,
Japan expo,The Foundation of Encourage Nagasaki Industry,,
Japan expo,The Japan Institute of Electronics Packaging,,
Japan expo,The Kosen,,
Japan expo,"The University of Electro-Communications, TSUKAMOTO Laboratory",,
Japan expo,"The University of Electro-Communications, Yamaguchi Miyashita Kaizu Laboratory",,
Japan expo,"The University of Osaka, Sano Laboratory",,
Japan expo,"The University of Osaka, Yamamura Laboratory",,
Japan expo,"The University of Tokyo, Koseki-Ohnishi Laboratory",,
Japan expo,"The University of Tokyo, Shimogaki Laboratory",,
Japan expo,Thermo Fisher Scientific K.K.,,
Japan expo,THK,,
Japan expo,TIME,,
Japan expo,TIPcomposite,,
Japan expo,TMH,,
Japan expo,TNO,,
Japan expo,"Toa Electronics System & Materials Co., Ltd.",,
Japan expo,TOCALO,,
Japan expo,Tochigi Prefecture Government,,
Japan expo,Toei,,
Japan expo,TOFLO,,
Japan expo,TOHO KINZOKU,,
Japan expo,Toho Koki Seisakusho,,
Japan expo,Toho Technology,,
Japan expo,"Tohoku Gakuin University, Semiconductor Laboratories",,
Japan expo,TOHOKU STEEL,,
Japan expo,Tohoku University New Industry Creation Hatchery Center,,
Japan expo,"Tohoku University, Center for Innovative Integrated Electronic Systems",,
Japan expo,Tohoku-MicroTec,,
Japan expo,"Tokai University, Hidekazu Tsuchiya Laboratory",,
Japan expo,Tokkyokiki,,
Japan expo,TOKUSAN Logistics,,
Japan expo,Tokushima University Yotsuyanagi Laboratory,,
Japan expo,"Tokyo City University, Integrated System Laboratory",,
Japan expo,"Tokyo City University, Research Center for Nanoelectronics",,
Japan expo,"Tokyo Denki University, Moriyama Laboratory (Advanced Materials and Devices Laborat",,
Japan expo,"Tokyo Denki University, Shinoda Laboratory",,
Japan expo,Tokyo Diamond Tools Mfg,,
Japan expo,Tokyo Dylec,,
Japan expo,Tokyo Electron,,
Japan expo,Tokyo Electron Device,,
Japan expo,Tokyo Instruments,,
Japan expo,TOKYO KEIKI,,
Japan expo,TOKYO KEISO,,
Japan expo,TOKYO OHKA KOGYO,,
Japan expo,TOKYO SEIMITSU,,
Japan expo,Tokyo Tan-ichi,,
Japan expo,Tokyo Technological Laboratory,,
Japan expo,"Tokyo University of Agriculture and Technology, Kanehashi Research Group",,
Japan expo,"Tokyo University of Agriculture and Technology, Ogino research group",,
Japan expo,"Tokyo University of Science, Ikuno Laboratory",,
Japan expo,"Tokyo University of Science, Kawahara Laboratory",,
Japan expo,"Tokyo University of Science, Sugiyama Laboratory",,
Japan expo,Tokyu Land,,
Japan expo,TOMCO MFG,,
Japan expo,Tomoe Shokai,,
Japan expo,TOMOEGAWA CORPORATION,,
Japan expo,TOP SEIKO,,
Japan expo,TOPPAN,,
Japan expo,Toray Engineering,,
Japan expo,Toray Industries,,
Japan expo,Toray Precision,,
Japan expo,Toray Research Center,,
Japan expo,Toshiba Digital Solutions,,
Japan expo,Toshiba Electronic Devices & Storage,,
Japan expo,Tottori University Microdevice Lab,,
Japan expo,Towa,,
Japan expo,Towa Industry,,
Japan expo,TOWA LASERFRONT CORPORATION,,
Japan expo,Toward Technologies,,
Japan expo,TOWATEC,,
Japan expo,"TOWATEC CO.,LTD.",,
Japan expo,Tower Partners Semiconductor,,
Japan expo,TOYO,,
Japan expo,TOYO EMC ENGINEERING,,
Japan expo,TOYO LINT FREE,,
Japan expo,TOYOBO,,
Japan expo,TOYOBO MC,,
Japan expo,"Toyohashi University of Technology, Integrated Biosensor and MEMS Group",,
Japan expo,Toyoko Kagaku,,
Japan expo,TOYONAKA HOT LABORATORY,,
Japan expo,"Toyota Technological Institute, Nanotechnology Center",,
Japan expo,TOYOX,,
Japan expo,TPfusion,,
Japan expo,Trafolo Engineering,,
Japan expo,TRIART,,
Japan expo,TRINITY,,
Japan expo,Trio,,
Japan expo,TRUMPF,,
Japan expo,TryAngle,,
Japan expo,Trymax Semiconductor Equipment,,
Japan expo,TSI,,
Japan expo,TST SEMICONDUCTOR,,
Japan expo,TSUBAKIMOTO CHAIN,,
Japan expo,Tsugawa,,
Japan expo,Tsukuba Power Electronics Constellations,,
Japan expo,TSUKUBASEIKO,,
Japan expo,TSUNODA RUBBER PROCESSING PLANT LIMITED COMPANY,,
Japan expo,Tsuzuki Sangyo,,
Japan expo,Tulip,,
Japan expo,TURBOWIN,,
Japan expo,TUV Rheinland Japan,,
Japan expo,TWO TEQ,,
Japan expo,TXOne Networks Japan,,
Japan expo,U.K. TECHNOLOGY,,
Japan expo,Ueki Corporation,,
Japan expo,Ueno Seiki,,
Japan expo,UENO SEIKI NAGANO,,
Japan expo,UKnow Industry,,
Japan expo,ULVAC,,
Japan expo,Unipulse,,
Japan expo,United Semiconductor Japan,,
Japan expo,UniTemp,,
Japan expo,Unites Systems,,
Japan expo,Unitree Robotics,,
Japan expo,"University of Hyogo, Toyoda & Takeuchi Lab.",,
Japan expo,"University of Toyama, Electron Device Engineering Laboratory",,
Japan expo,"University of Toyama, Organic Optical Device Enginering Laboratory",,
Japan expo,"University of Yamanashi, Muranaka Laboratory",,
Japan expo,"URANO CO.,LTD",,
Japan expo,Ushio,,
Japan expo,Ustron,,
Japan expo,Utsu Nagatomi Technologies,,
Japan expo,V TEX,,
Japan expo,Vaisala,,
Japan expo,Valex,,
Japan expo,Valueimpact,,
Japan expo,VAT Japan,,
Japan expo,Vector Japan,,
Japan expo,VERMES Microdispensing,,
Japan expo,Via Mechanics,,
Japan expo,ViewOhre Imaging,,
Japan expo,Virginia Economic Development Partnership,,
Japan expo,Vision in Automation,,
Japan expo,VISION IV,,
Japan expo,Vistec Electron Beam,,
Japan expo,VSPARTICLE,,
Japan expo,Vuzix Japan,,
Japan expo,VYTEK,,
Japan expo,W.L. Gore & Associates,,
Japan expo,Wacom Manufacturing,,
Japan expo,Wafer Works,,
Japan expo,watttron,,
Japan expo,Watty,,
Japan expo,WELCON,,
Japan expo,Welsh Government,,
Japan expo,WENZHOU QIMING STAINLESS,,
Japan expo,White Knight Fluid Handling,,
Japan expo,WINCESS,,
Japan expo,Wintest,,
Japan expo,WinWay Technology,,
Japan expo,Witzenmann Japan,,
Japan expo,WOOPTIX,,
Japan expo,WOOSUNG E&D,,
Japan expo,XEDION,,
Japan expo,Xenomax-Japan,,
Japan expo,Xiamen Baoshili Dustless Technology,,
Japan expo,Xiamen Maida Intelligence Technology,,
Japan expo,XTPL,,
Japan expo,Y.A.C. MECHATRONICS,,
Japan expo,YAHATA NEJI,,
Japan expo,YAKO SANGYO,,
Japan expo,Yamagata University,,
Japan expo,"Yamagata University, F-Hirose Lab",,
Japan expo,Yamaguchi Industrial Promotion Foundation,,
Japan expo,Yamaha Robotics,,
Japan expo,YAMAZEN,,
Japan expo,YASDA PRECISION TOOLS,,
Japan expo,Yashimasokki,,
Japan expo,Yaskawa Electric,,
Japan expo,Yasojima Proceed,,
Japan expo,Yeedex Electronic Corporation,,
Japan expo,YGK,,
Japan expo,yieldHUB,,
Japan expo,YJ STAINLESS,,
Japan expo,Yodogawa Hu-Tech,,
Japan expo,YOFC Quartz Technology (Wuhan),,
Japan expo,Yokogawa Bridge,,
Japan expo,Yokogawa Electric,,
Japan expo,Yokogawa Solution Service,,
Japan expo,"Yokohama National University, Ito Laboratory",,
Japan expo,"Yokohama National University, Oya Laboratory",,
Japan expo,YOKOWO,,
Japan expo,Yoshikawakogyo RF Semicon,,
Japan expo,YOSHINAGA SHOJI,,
Japan expo,Yoshioka Seiko,,
Japan expo,YUASA TRADING,,
Japan expo,YUTAKA,,
Japan expo,YUTAKA ENGINEERING,,
Japan expo,ZENBI,,
Japan expo,ZEUS,,
Japan expo,Zhejiang Jingsheng Mechanical & Electrical,,
Japan expo,ZheJiang OPAL Quartz Tech,,
Japan expo,Zhonghuan Advanced Semiconductor Technology,,
Japan expo,Z-MAX,,
Japan expo,Zuken,,
China expo,"Compound Semiconductor China/""Silicon Semiconductor China",,
China expo,"3D CHIPS (GUANGDONG) TECHNOLOGY CO.,LTD.",,
China expo,"A&T (Changzhou) Precision Machinery Co.,Ltd.",,
China expo,"AblePrint Technology Co., Ltd.",,
China expo,"ABM, Inc. Asia Pacific Limited",,
China expo,"ACCESS Semiconductor Co., Ltd",,
China expo,"AccoTEST BU. of Beijing Huafeng Test & Control Co.,Ltd.",,
China expo,"Accuracy Assembly Automation Co., Ltd",,
China expo,Achilles Corporation,,
China expo,"ACM Research (Shanghai), Inc.",,
China expo,"Acroview Technology Co.,Ltd.",,
China expo,ADTEC Plasma Technology China Ltd.,,
China expo,"Advance Process Technology, Inc.",,
China expo,Advanced Dicing Technologies Ltd,,
China expo,Advanced Global Alliance Limited,,
China expo,Advanced Material Engineering Sdn Bhd,,
China expo,"Advanced Materials Technology & Engineering Co., Ltd",,
China expo,Advanced Micro Optics Instruments Inc,,
China expo,"Advanced Micro Semiconductors Co., Ltd.",,
China expo,"Advanced Micro Technology Co., Ltd.",,
China expo,Advanced Micro-Fabrication Equipment Inc.,,
China expo,"Advanced NanoSurface Technologies (Shenzhen) Co.,Ltd.",,
China expo,"Advantest (China) Co.,Ltd.",,
China expo,"Agilent Technologies Co.,Ltd. (China)",,
China expo,"AGRU Pipeline Technology (Jiangsu) Co., Ltd.",,
China expo,AGVA Technologies Pte Ltd,,
China expo,"AI Technology, Inc.",,
China expo,"AIR LIQUIDE China Holding Co., Ltd.",,
China expo,Air Products and Chemicals (China),,
China expo,"AISHENGKE (JIANGSU) CHEMICAL TECHNOLOGY CO., LTD.",,
China expo,"AK Optics Co., Ltd.",,
China expo,"Akribis Systems (Shanghai) Co.,Ltd",,
China expo,"All Ring Tech Co., Ltd.",,
China expo,"Allied Fluor Technology Application (Liaoning) Co., Ltd",,
China expo,Allied Supreme (Jia Xing) Corp.,,
China expo,Alltech Electronic Technology Co.Ltd,,
China expo,Alltek Company,,
China expo,Allwin21 Corp.,,
China expo,Alpharmaca. Inc.,,
China expo,AM (zhengzhou) Interlligent Equlpment Co.. Ltd,,
China expo,"Amaya Co., Ltd.",,
China expo,"Amber Intelligence Semiconductor Equipment (Shanghai) Co.,LTD",,
China expo,American Tec Co. Ltd,,
China expo,"AMFLO Fluid Systems & Components Co., Ltd.",,
China expo,"AMIES Technology Co., Ltd.",,
China expo,"Anhui Argosun New Electronic Material Co., Ltd",,
China expo,"Anhui Bonhao semiconductor Technology Co., Ltd",,
China expo,"Anhui Botai Electronic Materials Co., Ltd",,
China expo,"Anhui Haitong Semiconductor Technology Co., LTD",,
China expo,"ANHUI HUACHU GLORY LIGHT CO.,LTD",,
China expo,"Anhui Jinyike Intelligent Equipment Co. , Ltd.",,
China expo,"Anhui Luxet Infrared Technology Co.,Ltd",,
China expo,"ANHUI ONE WEKLINPRECISION EQUIPMENT CO.,LTD",,
China expo,"Anhui SiLogic Semiconductor Technology Co., Ltd.",,
China expo,"Anhui Utest Electronics co.,Ltd",,
China expo,"Anhui Zhonghe Semiconductor Technology Co., Ltd.",,
China expo,"Anhui Zhongke Xinyuan Semiconductor Co., Ltd.",,
China expo,"Anji Microelectronics(Shanghai)Co.,Ltd.",,
China expo,"APK（Shanghai）Gas Co.,Ltd",,
China expo,Applied Microengineering Ltd. (AML),,
China expo,"APS Materials, Inc.",,
China expo,Arcadia Engineering Services Pte Ltd,,
China expo,"ARERBERTE (SUZHOU)TECHNOLOGY CO.,LTD",,
China expo,"Arkema (China) Investment Co., Ltd.",,
China expo,"Asahi Diamond Industrial Co., Ltd.",,
China expo,Asahi Organic Chemicals Trading (Shanghai) Ltd.,,
China expo,ASDEVICES(ASIA)LIMITED,,
China expo,"Asflow Semiconductor Technology (Suzhou) Co., Ltd",,
China expo,Asian Valve Co.，Ltd.,,
China expo,ASMADE (SHENZHEN) TECHNOLOGY LIMITED,,
China expo,ASML,,
China expo,ASMPT Technology Hong Kong Limited,,
China expo,"Aspiring Semiconductor（Beijing）Co.,Ltd.",,
China expo,"ATC Co., Ltd.",,
China expo,Atlas Technology Corporation,,
China expo,"Atoman(Xiamen) Optoelectronics Technology Co.,Ltd.",,
China expo,"Atomic Nano Materials and Equipment Co.,Ltd",,
China expo,"Attach Point Co.,LTD",,
China expo,"ATTL Advanced Materials Co., Ltd",,
China expo,"Atto Motion Instruments Technology Co., Ltd.",,
China expo,"AUROS Technology, Inc.",,
China expo,"Autowell Technology Co.,Ltd",,
China expo,"AVANT Semiconductor Equipment Co.,Ltd",,
China expo,"Bamac Electrical Equipment (Shanghai) Co.,Ltd",,
China expo,"Baoding North Special Gas Co., Ltd",,
China expo,"Baoji Hengye Non-ferrous Metal Technology Co., Ltd.",,
China expo,"Baud Technology Co., Ltd.",,
China expo,"Be First Technology Co., Ltd.",,
China expo,BE Semiconductor Industries N.V.,,
China expo,"Beijing Asherad Quartz Material Co., Ltd",,
China expo,"Beijing Asia Science & Technology Co., Ltd",,
China expo,BEIJING AURASKY ELECTRONICS CO.，LTD.,,
China expo,"BEIJING BEIYI WOOSUNG VACUUM TECHNOLOGY CO., LTD",,
China expo,"Beijing CEC-TECH Co., Ltd",,
China expo,"Beijing CGB Technology Co., Ltd",,
China expo,"Beijing Chn-top Optical-Elertronic Technology Co., Ltd.",,
China expo,"Beijing Cowin Technology CO.,LTD",,
China expo,"Beijing CR Technology Co., Ltd.",,
China expo,"Beijing Doublink Solders Co., Ltd.",,
China expo,"Beijing Electronics Inspection and Metrology Equipment Co., Ltd.",,
China expo,"Beijing E-Town International Investment & Development Co., Ltd",,
China expo,"BeiJing E-Town Semiconductor Technology Co., LTD",,
China expo,"Beijing Grish Hitech Co., Ltd.",,
China expo,"Beijing Gritek & IVT Technology Co., Ltd",,
China expo,Beijing Heqi Precision Technology Ltd,,
China expo,"Beijing HollySys Intelligent Technologies Co., Ltd.",,
China expo,"Beijing HuaChengQingDa Technology Co.,LTD",,
China expo,"Beijing Jingyi Automation Equipment Co., Ltd",,
China expo,Beijing Kaide Quartz Corporation,,
China expo,"Beijing Leice Technology Co.,Ltd.",,
China expo,"Beijing Longsun Technology Co., Ltd.",,
China expo,"Beijing NAURA Microelectronics Equipment Co.,Ltd.",,
China expo,"Beijing Opton Optical Technology Co., Ltd",,
China expo,"BeiJing REJE Automation Co., Ltd",,
China expo,"Beijing Sanpower Electronics Co., Ltd",,
China expo,"Beijing Sineva Technology Co.,Ltd",,
China expo,"Beijing Sinodynetest Science&Technology Co .,Ltd",,
China expo,BEIJING TORCH SMT INCORPORATED COMPANY,,
China expo,"Beijing TSD Semiconductor Co.,Ltd.",,
China expo,Beijing Vikaitech Ltd.,,
China expo,"Beijing WellinTech Co.,Ltd.",,
China expo,"Beijing WFR Semiconductor Technology Co.,Ltd.",,
China expo,Beijing Xiantec Technology Ltd.,,
China expo,"Beijing Zhongxiangying Technology Co., Ltd",,
China expo,"Best Compound Semiconductor Co.,Ltd.",,
China expo,"Bestac Advanced Material Co., Ltd",,
China expo,"Betone Technology Shanghai, Inc.",,
China expo,"BETTER PURO CO.,LTD",,
China expo,"BJCORE（SHENZHEN) SEMICONDUCTOR CO.,LTD",,
China expo,"BMT Co., Ltd.",,
China expo,BOBOO HITECH,,
China expo,"Boffotto Semiconductor Co., Ltd.",,
China expo,"Bona Semiconductor Equipment (Zhejiang) Co.,Ltd",,
China expo,"Bonotec Electronic Materials Co., Ltd.",,
China expo,"BOTH ENGINEERING TECHNOLOGY CO.,LTD.",,
China expo,"BOTONG PRECISION TECHNOLOGY（ZHEJIANG）CO.,LTD",,
China expo,Boyd (Shanghai) Technologies Ltd,,
China expo,Braun & Quarld Quartz Glass Lianyungang Ltd.,,
China expo,"Bright Stars Technologies Co.,Ltd",,
China expo,"Bronkhorst (Shanghai) Instrumentation Trading Co., ltd",,
China expo,"Brooks Automation US, LLC",,
China expo,"Bruker (Beijing) Scientific Technology Co., Ltd",,
China expo,"Burkert Fluid Control Systems (Shanghai) Co., Ltd.",,
China expo,Cameca SAS,,
China expo,CAMTEK KOREA LTD.,,
China expo,"CanTops Co., Ltd.",,
China expo,"Capcon Limited Co., Ltd",,
China expo,"Capital semicon technology suzhou Co.,Ltd",,
China expo,"Carl Zeiss (Shanghai) Co., Ltd",,
China expo,Centrotherm,,
China expo,"CETC Electronics Equipment Group Co., LTD",,
China expo,Challentech International Corporation,,
China expo,"CHANG ZHOU YUYU ELECTRIC LIGHT APPARATUS CO.,LTD",,
China expo,"Changchun Changguang Yuanchen Microelectronic Technology Co., Ltd.",,
China expo,"ChangChun GuangHua Micro-Electronics Equipment Engineering Center Co., Ltd.",,
China expo,"Changchun Institute of Optics, Fine Mechanics and Physics, CAS",,
China expo,"Changsha AnMuQuan Intelligent Technology Co.,Ltd",,
China expo,"CHANGZHOU FLUORO TECH CO.,LTD.",,
China expo,"Changzhou Junwei Semiconductor Technology Co.,Ltd.",,
China expo,"Changzhou Lemeng Pressure Vessel Co.,Ltd.",,
China expo,"Changzhou Mingseal Robot Technology Co., Ltd",,
China expo,"Changzhou Ruize Microelectronics Co., Ltd",,
China expo,"Changzhou S.C Exact Equipment Co.,Ltd",,
China expo,"CHANGZHOU TRONLY NEW ELECTRONIC MATERIALS CO., LTD.",,
China expo,"Chart Automation System Co., Ltd",,
China expo,"Cheng Tay Heater & Instrument Co., Ltd",,
China expo,"Chengdu ArTech Specialty Graphite Co., Ltd.",,
China expo,"Chengdu Carbon Material Co., Ltd.",,
China expo,"Chengdu ECHINT IC Co.,Ltd.",,
China expo,"Chengdu LasTop Tech Co., Ltd",,
China expo,"Chengdu Qihang Electrics Co., Ltd",,
China expo,"Chengdu Reborn Electronics Co., Ltd",,
China expo,"Chengdu Thinking Top Intelligent Equipment Co.,Ltd",,
China expo,"Chengdu Tytantest Technology Co., LTD.",,
China expo,"Chengdu Yeheng Electronic Co., Ltd",,
China expo,"Chenglian Kaida (Hebei) Technology Co., Ltd.",,
China expo,"China Automative Engineering Research Institute Co.,Ltd.",,
China expo,China Electronic Production Equipment Industry Association,,
China expo,China Electronics Chamber of Commerce,,
China expo,"CHINA ELECTRONICS ENGINEERING DESIGN INSTITUTE CO.,LTD",,
China expo,"China Electronics System Engineering No.2 Construction Co.,Ltd",,
China expo,China Integrated Circuit,,
China expo,China Semiconductor Industry Association,,
China expo,China Silicon Corporation Ltd.,,
China expo,China Silicone Contactor,,
China expo,"CHINAiSTI (SHANGHAI) TESTING TECHNOLOGY CO, LTD",,
China expo,"Chip Shine Electronics Technology Co.,Ltd",,
China expo,CHIPMORE Technology Corporation Limited,,
China expo,"CHONGQING GENORI TECHNOLOGY CO.,LTD.",,
China expo,"Chongqing Rishion Electronic Materials Co.,Ltd.",,
China expo,"CHONGQING XINHUI MATERIALS TECHNOLOGY CO., LTD.",,
China expo,Chongqing Xinlian Micro Electronics Corporation,,
China expo,Chroma ATE Inc.,,
China expo,"Chung King Enterprise Co.,Ltd",,
China expo,"Chuzhou Mei-Yang Vacuum Technology Co.,Ltd",,
China expo,"CHYI DING Technologies Co., Ltd.",,
China expo,CI SEMI,,
China expo,"Cica-Huntek Chemical Technology Taiwan Co., Ltd.",,
China expo,"CIQTEK Co., Ltd.",,
China expo,"CIRCUIT FABOLOGY MICROELECTRONICS EQUIPMENT CO., LTD.",,
China expo,"CIR-LOK Fluid Equipment Chengdu Co.,Ltd",,
China expo,CIS Corporation,,
China expo,CKD Corporation,,
China expo,"CMT Rare Metal Advanced Materials (Hunan) Co.,Ltd.",,
China expo,"COASTAL INSTRUMENTS CO.,LTD",,
China expo,Coherent,,
China expo,"CohPros International Co., Ltd",,
China expo,COMET Mechanical Equipment (Shanghai) Co. Ltd.,,
China expo,"Component Technology Pte., Ltd.",,
China expo,Conax Technologies,,
China expo,"CONPROFE TECHNOLOGY GROUP CO., LTD.",,
China expo,"Cowin Semiconductor Materials (Ningbo) Co., Ltd.",,
China expo,"CR GEMS Superabrasives Co., Ltd.",,
China expo,"Creative Technology (Shanghai) Co., Ltd",,
China expo,Crest Systems (M) Sdn Bhd,,
China expo,Cryogenic Specialty Manufacturing Sdn. Bhd.,,
China expo,"Crystal Clear Electronic Material Co., Ltd.",,
China expo,CS CLEAN SOLUTIONS GmbH,,
China expo,"CSK Motion Technology Co.,Ltd.",,
China expo,Cycad Century Science&Technology Ltd.,,
China expo,Cymer,,
China expo,DALIAN CLEAN GAS PURIFICATION TECHNOLOGY LTD.,,
China expo,"Dalian Fuji Plastics Products Co., Ltd.",,
China expo,"Dalian Gomore Materials Technology Co.,Ltd",,
China expo,"Dalian High Purity Chemical Co., LTD",,
China expo,"Dalian Jafeng Automation Co.,Ltd",,
China expo,"Dalian Kaiteli Catalytic Engineering Technology Co., Ltd",,
China expo,"Dalian Moss Technology Co., Ltd",,
China expo,"Dalian Shungji Technology Industry Co., Ltd",,
China expo,"Dalian Specialty Gases Co.,LTD",,
China expo,"Dalian Zhongding Chemicals Co., Ltd.",,
China expo,"Dandong Aolong Radiative Instrument Group Co.,Ltd",,
China expo,"Dandong Liaodong Radioactive Instrument Co., Ltd",,
China expo,"Dandong Xin Dongfang Crystal Instrument Co., Ltd.",,
China expo,DAS Environmental Expert GmbH,,
China expo,"Dassault Systemes (Shanghai) Information Technology Co., Ltd",,
China expo,"Deepinsemi Co.,Ltd",,
China expo,"DELO Industrial Adhesives (Shanghai) Co.,Ltd.",,
China expo,"Delta Electronics, Inc.",,
China expo,DF Tech,,
China expo,DI Corporation,,
China expo,"DISCO HI-TEC CHINA CO., LTD.",,
China expo,DKSH (Shanghai) Ltd.,,
China expo,"Do-FluoRIDE New Materials Co., LTD",,
China expo,"Doitech Semiconductor Advanced Material Co.,Ltd.",,
China expo,"Dongfang Jingyuan Electron Co., Ltd.",,
China expo,"Dongguan Allmerit Technology Co., Ltd.",,
China expo,"Dongguan Aozon New Material Technology Co.,Ltd",,
China expo,"Dongguan HEF Mechanical Electrical Equipment Co.,Ltd",,
China expo,"Dongguan Ritec Sealing Technology Co., Ltd",,
China expo,"Dongguan SMARTWIN Intelligent Equipment Co.,Ltd.",,
China expo,"Dongguan Wintime Semiconductor Technology Co.,Ltd.",,
China expo,"Dongguan Yingxin Semiconductor Material Co.,Ltd",,
China expo,"Donghai County Aobo Quartz Poducts Co.,Ltd",,
China expo,"Dongjin Semichem Co., Ltd.",,
China expo,"Dongwoo Fine-Chem Co., Ltd.",,
China expo,Dou Yee Enterprises (S) Pte Ltd,,
China expo,Druck China,,
China expo,"Dual-Win Innovation (Shanghai) Precision Equipment Technology Co., Ltd.",,
China expo,"DUCO ROBOTS CO., Ltd.",,
China expo,"DyFlows Technologies (Jiangsu) Co.,Ltd.",,
China expo,"DYNEX CO., LTD",,
China expo,E & R Engineering Corporation,,
China expo,"ebm-papst Ventilator (Shanghai) Co., Ltd.",,
China expo,ECM Group,,
China expo,ECMG Electronic Technical Testing Corp. (Shanghai),,
China expo,Ecosphere Clean Global Sdn Bhd,,
China expo,"Effecttek Technologies(Shenzhen) Co.,Ltd",,
China expo,"Elead Technology Co.,Ltd.",,
China expo,Elegant Creation Electronic Chemical Corp,,
China expo,"Elemental Scientific, Inc.",,
China expo,Elgiloy Specialty Metals,,
China expo,"Elite Electronic Material (KunShan)Co.,Ltd.",,
China expo,"Endeavour Advanced Materials (Suzhou) Co., Ltd",,
China expo,"Energy Intelligent Equipment Wuxi Co., Ltd.",,
China expo,Engis Corporation,,
China expo,Engitist Corporation,,
China expo,"Enplas Niching Suzhou Co.,Ltd",,
China expo,"Ensinger Engineering Plastics Co.,Ltd",,
China expo,"Entegris (Shanghai) Microelectronics Trading Co., Ltd.",,
China expo,"EO Technics Co., Ltd.",,
China expo,"ePAK Technologies (Shenzhen) Co., Ltd",,
China expo,"Epihouse Optoelectronics Co., Ltd.",,
China expo,"EQ Tech Plus Co., Ltd",,
China expo,ERS Electronic GmbH,,
China expo,ESM China,,
China expo,"esmo Asia North Co.,Ltd.",,
China expo,"Etelux Inertgas-sysyem(Beijing)Co.,Ltd",,
China expo,"Eurofins EAG Materials Sciences, China",,
China expo,EV Group,,
China expo,Evatec China Ltd,,
China expo,Ever Team International Corp.,,
China expo,Everlight Chemical Industrial Corporation,,
China expo,"EVIDENT (Shanghai) Co., Ltd.",,
China expo,F&K Delvotec Bondtechnik GmbH,,
China expo,"FA Software (Shanghai) Co., Ltd",,
China expo,"Feature-Tec(Shanghai) Advanced Materials Co.,Ltd",,
China expo,"Feejoy Technology (Shanghai) CO., Ltd",,
China expo,FEI Co (a part of Thermo Fisher Scientific),,
China expo,"FELTON TECHNOLOGY (SHANGHAI) CO.,LTD.",,
China expo,"Fermion Technology (Shanghai) Co.,Ltd.",,
China expo,Festo (China) Ltd.,,
China expo,"FINE Co., Ltd.",,
China expo,Fine Silicon Manufacturing (Shanghai) Ltd.,,
China expo,First Technology China Ltd.,,
China expo,FISCHER INSTRUMENTATION LTD,,
China expo,FITOK GmbH,,
China expo,Flowell Corporation,,
China expo,"Fluormicro (Shanghai) New Materials Co., LTD",,
China expo,"FNS, Inc.",,
China expo,"Foosung Precision Industry Co., Ltd. Fluoropolymer Division",,
China expo,"Forehope Electronic (Ningbo) Co., Ltd",,
China expo,"FORMFACTOR INTERNATIONAL TRADING (SHANGHAI) CO., LTD.",,
China expo,"FORTEC TECHNOLOGY (HK) CO., LIMITED",,
China expo,"Foshan Goldstone Technology Co.,Ltd.",,
China expo,"Foshan Shunde Topcod Industrial Co., Ltd",,
China expo,FTDevice,,
China expo,Fudong Quartz LLC,,
China expo,Fujian Deer Technology Corp.,,
China expo,"Fujian Fudou New Material Co.,Ltd",,
China expo,"Fujian Highsun Electronic Material Technology Co., Ltd",,
China expo,"FUJIAN JIUCE GAS CO.,LTD",,
China expo,"FUJIFILM (China) Investment Co.,Ltd",,
China expo,Fujikin of China Inc,,
China expo,"Furukawa Electric CO.,LTD",,
China expo,"FUTAI PURIFICATION TECH (JIANGSU) CO.,LTD",,
China expo,"Fuzhou Palead Electronics Technology Co., Ltd",,
China expo,"Fuzhou Xinrong Machinery Development Co.,Ltd.",,
China expo,"G&D Semiconductor Systems (Guangzhou) Co., Ltd.",,
China expo,Galaxy Technology Development Company,,
China expo,"Gallant Micro. Machining Co., Ltd.",,
China expo,"Gaopin (Beijing) Technology Co., Ltd.",,
China expo,"GaoShengChuangXin (Shanghai) Semiconductor Equipment Co.,Ltd",,
China expo,"Gastron Co., Ltd.",,
China expo,"Gazer Semiconductor Tech (Suzhou) Co., LTD",,
China expo,"Gemu Valves (China) Co., Ltd.",,
China expo,Generator Research Limited.,,
China expo,Georg Fischer Piping Systems Ltd.,,
China expo,"Getech Technology CO.,LTD.",,
China expo,"Giga Force Electronics Co., Ltd",,
China expo,"Gigaphoton, Inc",,
China expo,GKG Precision Machine Co. Itd.,,
China expo,"Global Standard Technology Co., Ltd.",,
China expo,GLOBAL ZEUS,,
China expo,"GMC Semitech Co., Ltd",,
China expo,"Goal Technology (Shenzhen) Co.,Ltd.",,
China expo,"Googol Technology Co., Ltd.",,
China expo,"Grace Filter&Housing(KunShan)Co.,Ltd",,
China expo,"GRAND UNIFIED OPTICS (SHANGHAI) CO.,LTD.",,
China expo,"GrandiT Co., Ltd",,
China expo,"GreaTech Substrates Co.,Ltd",,
China expo,"Greenstar Technology (Beijing) Co., Ltd.",,
China expo,"Grikin Advanced Materials Co., Ltd.",,
China expo,"Grintimate Precision Industry Co., Ltd.",,
China expo,"GTA MATERIAL CO., LTD.",,
China expo,Guangdong ADA Semiconductor Equipment Ltd.,,
China expo,"Guangdong D-TEK Intelligent Equipment Co.,LTD.",,
China expo,"Guangdong Fozhixin Microelectronics Co., Ltd.",,
China expo,"Guangdong Huasi Semiconductor Equipment Co., Ltd.",,
China expo,"Guangdong Huate Gas Co.,Ltd",,
China expo,"Guangdong iStar Technology Equipment Co., Ltd.",,
China expo,"Guangdong Majorway New Materials Co., Ltd.",,
China expo,"Guangdong Shuocheng Technology Co., LTD",,
China expo,"Guangdong Tianyu Semiconductor Co., Ltd.",,
China expo,"Guangdong World Precision Technology Co., Ltd.",,
China expo,GUANGZHOU FASTPRINT SEMICONDUCTOR LIMITED,,
China expo,"Guangzhou Guanggang Gases & Energy Co.,Ltd",,
China expo,"Guangzhou Summit Crystal Semiconductor Co.,Ltd",,
China expo,Gubo Technologies,,
China expo,"Gudeng Precision Industrial Co., Ltd.",,
China expo,"Gyrobot Technology (Suzhou) Co.,Ltd",,
China expo,"Haichuang Intelligent Equipment (Yantai) Co.,Ltd.",,
China expo,"HAINAR HYDRAULICS CO., LTD.",,
China expo,"Haituo Instrument (Jiangsu) CO.,LTD",,
China expo,Hakuto Enterprises (Shanghai) Ltd.,,
China expo,"Hamai.Co., Ltd.",,
China expo,HAMAMATSU PHOTONICS K.K.,,
China expo,Ham-Let,,
China expo,"HangZhou Changchuan Technology Co.,Ltd",,
China expo,"Hangzhou Cobetter Filtration Equipment Co., Ltd.",,
China expo,"Hangzhou Daotian Vacuum Equipment Co., Ltd.",,
China expo,"Hangzhou Darlly Filtration Equipment Co., Ltd.",,
China expo,"Hangzhou Deefine Filtration Technology Co., Ltd",,
China expo,"Hangzhou GAREN Semiconductor Co.,Ltd.",,
China expo,"Hangzhou GuoLei Semiconductor Equipment Co.,Ltd",,
China expo,"Hangzhou Haiqian Semiconductor Co., Ltd.",,
China expo,"Hangzhou Honest Semiconductor Equipment Co.,Ltd",,
China expo,HANGZHOU HUIXIANG E&H TECHNOLOGY,,
China expo,"HangZhou JiuZheng Technology Co., LTD",,
China expo,"Hangzhou Kuntai Maglcy Technology Co.,Ltd",,
China expo,"Hangzhou Leaper Technology Co., Ltd.",,
China expo,"Hangzhou Luntek Technology Co., Ltd.",,
China expo,"HANGZHOU MDK OPTO ELECTRONICS CO., LTD",,
China expo,"HANGZHOU OXYGEN PLANT GROUP CO.,LTD.",,
China expo,"HangZhou ShuNan automation technology Co.,Ltd",,
China expo,"Hangzhou SiGauge Technology Co.,Ltd.",,
China expo,Hangzhou Sizone Electronic Technology Inc.,,
China expo,HangZhou Speedcury Technology CO.LTD,,
China expo,"Hangzhou Vulcan New Material Technology Co, Ltd.",,
China expo,"HangZhou Wolead Electrical and Mechanical CO.,ltd",,
China expo,"Hangzhou Xinyanke Semiconductor Materials Co.,Ltd.",,
China expo,HANMI Semiconductor,,
China expo,"HANSUN ENGINEERING CO., LTD.",,
China expo,"Haohua Gas Co.,Ltd.",,
China expo,"Harmonic Drive Systems (Shanghai) Co., Ltd",,
China expo,Hebei Synlight Semiconductor Co.，Ltd.,,
China expo,"Hefei Accuracy Intelligent Equipment Co., Ltd",,
China expo,"Hefei ImagEx Electronics Technology Co., Ltd.",,
China expo,"Hefei Jiufu Semiconductor Technology Co.,Ltd",,
China expo,"HEFEI KAIYUE SEMICONDUCTOR TECHNOLOGY CO.,LTD",,
China expo,"Hefei Nano Semiconductor Co.,Ltd.",,
China expo,Hefei Sanyue Semiconductor Technology Co.，LTD,,
China expo,"Hefei SHAREWIN Semiconductor Material Co.,Ltd.",,
China expo,"Hefei Thermo Quartz Semi Materials Co.,Ltd",,
China expo,"Hefei True P Electronic Technology Co.,Ltd",,
China expo,"Heli Gas (Shanghai) Co., Ltd.",,
China expo,"Henan Keen Superhard Materials Technology Co., Ltd.",,
China expo,"HeNan Union precision Material.co.,ltd",,
China expo,"Henan Xinlianxin Shenleng Energy Co., Ltd.",,
China expo,"Henkel Loctite (China) Co., Ltd.",,
China expo,Heraeus Quartz (shenyang) Co. ltd.,,
China expo,Hermes-Epitek Corp.,,
China expo,Hero Fair Limited,,
China expo,"Hexin Semiconductor Technology (Suzhou) Co.,Ltd",,
China expo,"HIDICON SEMICONDUCTOR DEVICES TECHNOLOGY Co., Ltd.",,
China expo,"HIIG Trinity (Anhui) Technology Co., LTD.",,
China expo,HIPURITY,,
China expo,Hitachi High-Tech Corporation,,
China expo,"Hitachi Power Solutions Co.,Ltd.",,
China expo,Hiwin Mikrosystem Corp.,,
China expo,HMC Sales & Service,,
China expo,"Hoken High Tech Material (Ningxia ) Co.,Ltd.",,
China expo,"Hokuriku Machinery Trading (Suzhou) Co., Ltd",,
China expo,"Homwell International Trade (Shanghai) Co., Ltd.",,
China expo,"Honda Electronics Co., Ltd.",,
China expo,"Honeywell Automation and Control Solutions (China) Co.,Ltd",,
China expo,"HONGHU (SuZhou) Semiconductor Technology Co.,LTD",,
China expo,"Hongshun New Energy Material Technology(Zhejiang)Co.,Ltd",,
China expo,"HORIBA, Ltd.",,
China expo,"Horng Terng Automation Co., Ltd.",,
China expo,"Hotlong Technology Co., Ltd.",,
China expo,"HPC Trading (Shanghai) Co., Ltd.",,
China expo,"HPRAY (Changzhou) Clean System Technology Co.,Ltd",,
China expo,HPWK Machine,,
China expo,ht tech,,
China expo,"HUATIAN TECHNOLOGY (SHANGHAI) CO., LTD.",,
China expo,HuaXin(JiaXing) Intelligent Manufacturing Co.LTD,,
China expo,"Huaying Research Co.,Ltd",,
China expo,"Hubei Evergrace Intelligent Technology Co.,Ltd.",,
China expo,"Hubei Feilihua Quartz Glass Co., Ltd.",,
China expo,"Hubei Sinophorus Electronic Materials Co.,Ltd.",,
China expo,"Huifeng Diamond Co., Ltd.",,
China expo,"Hunan Borun Micro Electronics Semiconductor Technology Co., Ltd.",,
China expo,"Hunan DeZhi New Material Co., Ltd.",,
China expo,"Hunan Exwell Semiconductor Equipment Co.,Ltd",,
China expo,"Hunan More Than Moore Advanced Semiconductor Co., Ltd",,
China expo,"Hunan YuJing Machinery Co., Ltd.",,
China expo,"HUNGO SEMICONDUCTOR EQUIPMENT(SHANGHAI)CO.,LTD.",,
China expo,HUZHOU BESTLOK Fluid Equipment Ltd,,
China expo,"Huzhou Veecd Opto-Technology Co., Ltd",,
China expo,"Hwacheon Machine Tool (Nanjing) Co.,LTD.",,
China expo,"Hwatsing Technology Co., Ltd",,
China expo,"HYD Technology (Suzhou) Co.,Ltd",,
China expo,HYESUNG TECHNOLOGY,,
China expo,Hywing Technology Limited,,
China expo,IBS - Ion Beam Services,,
China expo,ICDECAP LIMITED,,
China expo,ifm electronic (Shanghai) Co. Ltd.,,
China expo,INFICON Limited,,
China expo,"Inner Mongolia Jinghang Special Carbon Technology Co.,LTD",,
China expo,"Inner Mongolia OJing Science & Technology Co.,Ltd",,
China expo,InnoLas Semiconductor GmbH,,
China expo,Inspiraz Technology Pte Ltd,,
China expo,Institute Of Optics And Electronics Chinese Academy Of Sciences,,
China expo,"INTEGRATED SERVICE TECHNOLOGY (KUNSHAN) CO.,LTD",,
China expo,Integrated Technology Corporation ( ITC ),,
China expo,"INTEKPLUS Co., Ltd.",,
China expo,INTERTEC SALES CORP SHANGHAI REP OFFICE,,
China expo,Intertek Testing Services Shenzhen Ltd. Guangzhou Branch,,
China expo,inTEST EMS Corporation,,
China expo,iRay Group,,
China expo,"IS Sealing Solutions Co.,Ltd",,
China expo,"iSABers Group Co.,Ltd.",,
China expo,"ISC Co., Ltd.",,
China expo,ITEC Technologies HK Ltd,,
China expo,"IVT Tech Co., Ltd",,
China expo,"Iwaki Pumps (Shanghai) Co., Ltd",,
China expo,"J.E.T. Co., Ltd",,
China expo,J316 PRIVATE LIMITED,,
China expo,"JAPAN CREATE Co., Ltd. (JAC)",,
China expo,Japan Electronic Materials Corporation,,
China expo,"JDV CONTROL VALVES CO., LTD.",,
China expo,"JEIL E&S CO., LTD",,
China expo,JEL CORPORATION,,
China expo,JEOL Ltd.,,
China expo,Jesagi Hankook Ltd.,,
China expo,"Jetway Technologies (Shanghai) Co.,Ltd",,
China expo,JFS LABORATORY,,
China expo,"JHT Design Co., Ltd.",,
China expo,"Jiangsu Aricen Electronic Materials Co.,Ltd",,
China expo,"Jiangsu Asia Electronics Technology Co., Ltd.",,
China expo,"Jiangsu Aufirst Material Technology Co., Ltd",,
China expo,"Jiangsu CAS Microelectronics Integration Technology Co.,Ltd.",,
China expo,"Jiangsu Denoir Technology Co., Ltd",,
China expo,"Jiangsu Eastone Technology Co., Ltd",,
China expo,"Jiangsu ESTURD Packaging Group Co., LTD.",,
China expo,"JiangSu HuaZhong Gas Co.,Ltd.",,
China expo,"Jiangsu Jingchuang Advanced Electronic Technology Co., Ltd.",,
China expo,"Jiangsu Jinggong Semicon Equipment Co., Ltd",,
China expo,"Jiangsu Jingjiu Microelectronic Chemicals Co. , Ltd.",,
China expo,"Jiangsu JITRI SKS Technologies Co., Ltd.",,
China expo,"Jiangsu Jixin Advanced Materials Co., Ltd.",,
China expo,"Jiangsu JYD Semiconductor Co.,Ltd",,
China expo,"Jiangsu Kandivex Technology Co., LTD",,
China expo,"JIANGSU KEMAITE TECHNOLOGY DEVELOPMENT CO.,LTD",,
China expo,"Jiangsu Leadmicro Nano-Technology Co., Ltd",,
China expo,"JIANGSU LEBO SEMICONDUCTOR EQUIPMENT CO.,LTD",,
China expo,"Jiangsu Leuven Instruments Co., Ltd",,
China expo,"Jiangsu Meiyang Electronic Chemicals Co., Ltd",,
China expo,"Jiangsu Nata Opto-electronic Material Co., Ltd.",,
China expo,"Jiangsu OKFLON Precision Manufacturing Co., Ltd.",,
China expo,"Jiangsu Pacific Quartz Co.,Ltd.",,
China expo,JIANGSU PUQING PURIFICATION TECHNOLOGY CO LTD,,
China expo,"Jiangsu Rana Fluorine Material Technology Co., Ltd",,
China expo,"Jiangsu Semiinnovation Technology Co., Ltd.",,
China expo,"JIANGSU SHENZHOU SEMI TECHNOLOGY CO., LTD",,
China expo,"Jiangsu Sillicon Integrity Semiconductor Technology Co.,LTD",,
China expo,"Jiangsu Sujing Group Co.,Ltd",,
China expo,"Jiangsu Taizhi Technology Co., Ltd.",,
China expo,"Jiangsu TeFa Fluid System Engineering Co., Ltd.",,
China expo,"Jiangsu Telilan Material Technology Co., Ltd",,
China expo,"JIANGSU TOTA INTELLIGENT TECHNOLOGY CO.,LTD.",,
China expo,"Jiangsu VPTek Semiconductor AOI Equipment Co., Ltd.",,
China expo,"Jiangsu Xinhua Semiconductor Technology Co., Ltd.",,
China expo,"Jiangsu Xufu New Material Co.,Ltd.",,
China expo,"Jiangsu Yoke Technology Co., Ltd",,
China expo,"Jiangyin Jianghua Microelectronic Materials Co., Ltd",,
China expo,"JiaXing Jiuzong Intelligent Technology Co., Ltd.",,
China expo,"Jiaxing Kemin Electronic Equipment Technology Co.,Ltd",,
China expo,"Jihua Hengyi(Foshan) Semiconductor Technology Co.,Ltd",,
China expo,"Jilin Huiheng Electronic Technology Co., Ltd",,
China expo,"Jim & Steve Industrial Co., Ltd.",,
China expo,"JIN ZHOU SEMICON NEW MATERIAL CO.,LTD",,
China expo,JingCheng ZhongAn Semiconductor Equipment (Beijing) Ltd,,
China expo,"Jingjiang Jiasheng Vacuum Technology Co., Ltd.",,
China expo,"JINHONG GAS CO., LTD.",,
China expo,"Jinyuan Semi Technology (Wuxi) Co.,Ltd.",,
China expo,"JinZhou East Quartz Material Co., Ltd.",,
China expo,Jipal Corporation,,
China expo,"Jisheng Micro (Shanghai) Semiconductor Technology Co., Ltd",,
China expo,"Joinpath Materials Technology (Shanghai) Co.,ltd",,
China expo,"Joinsun Intelligent Technology Co.,Ltd",,
China expo,"JONHON OPTRONIC TECHNOLOGY CO., LTD",,
China expo,J-solution,,
China expo,JSR Corporation,,
China expo,"JTEKT (CHINA) CO.,LTD",,
China expo,JTEKT GRINDING TOOLS CORPORATION,,
China expo,JTEKT MACHINE SYSTEMS CORPORATION,,
China expo,JTEKT THERMO SYSTEMS CORPORATION,,
China expo,"JUCHUANG VALVE(SHANGHAI)CO.,LTD",,
China expo,"Jufone Fluid Systems Technologies (Shenzhen) Co.,Ltd",,
China expo,"Jung Sung Tech Co.,Ltd.",,
China expo,JunYuan IC Solution (Haining)Co.，Ltd.,,
China expo,"JUSUNG Engineering Co., Ltd.",,
China expo,Kaijo Corporation,,
China expo,"Kaiming Electronic Technology (Shanghai) Co., Ltd",,
China expo,Kanematsu Corporation,,
China expo,"Kanken Techno Co., Ltd.",,
China expo,"KANOMAX HOLDINGS(SHANGHAI) CO., LTD",,
China expo,"KC CO., LTD.",,
China expo,KC INNOVATION,,
China expo,"KC Partstech. Co.,Ltd",,
China expo,"KC Tech Co., Ltd.",,
China expo,KDF Technologies,,
China expo,"KE Semiconductor Equipment (Shanghai) Co., Ltd.",,
China expo,"Kempur Microelectronics, Inc.",,
China expo,"Kepeida Semiconductor (Anhui) Co.,Ltd.",,
China expo,Keteca Singapore Pte Ltd.,,
China expo,"Keyence (China) Co., Ltd",,
China expo,"KeZhe(Shanghai)Valves Co.,Ltd",,
China expo,King Long Technology (Suzhou) Limited,,
China expo,"King Virtue Electron Co., Ltd",,
China expo,"KINGSEMI CO., LTD",,
China expo,"Kingyoup Enterprises Co., Ltd.",,
China expo,"KITZ SCT Corporation of Kunshan, Shanghai Branch Company",,
China expo,KLA Corporation (SPTS Division),,
China expo,"KNG-TECH (SHANGHAI) CO., LTD",,
China expo,Knight Auto Precision Engineering Pte Ltd,,
China expo,KOFLOC(SHANGHAI) Corp.,,
China expo,Koh Young Technology Inc.,,
China expo,"Konfoong Material International Co.,LTD",,
China expo,"Koscn Industrial Manufacturing（shenzhen）Co.,LTD",,
China expo,Kratos Semiconductor Corp.,,
China expo,"KSM Co., Ltd.",,
China expo,Kulicke & Soffa Pte Ltd,,
China expo,Kun Shan CEMA Technology Corporation Ltd,,
China expo,"Kunshan Chipinfos Electronic Technology CO,.Ltd.",,
China expo,"Kunshan GLVAC Electronic Technology Co.,Ltd.",,
China expo,KUNSHAN JiYou Electronic Tech CO.LTD,,
China expo,"Kunshan Macrohawk Technology Co., Ltd.",,
China expo,"Kunshan Meibao Environmental Equipment Co.,LTD",,
China expo,"KUNSHAN SHENGZE TECHNOLOGIES CO.,LTD",,
China expo,"KunShan XingYiXiang fine ceramic Technology Co.,Ltd.",,
China expo,"Kunshan You Fu Precision Machine Co., Ltd",,
China expo,Kurt Lesker (Shanghai) Trading Company,,
China expo,"Kxware Information Technology (Shanghai) Co.,Ltd",,
China expo,"KYKY Technology Co., Ltd",,
China expo,"Kylinweike sensor tech Co.,LTD",,
China expo,Lapmaster Wolters GmbH,,
China expo,"Larcomse Equipment (shanghai) Co.,Ltd.",,
China expo,"Lasertc Technology (Suzhou) Co., Ltd",,
China expo,"Lasertec China Co., Ltd",,
China expo,Laserwort Ltd.,,
China expo,L-Chaser Optics Ltd.,,
China expo,Leeno Industrial Inc.,,
China expo,"LEMO ELECTRONICS (SHANGHAI) CO.,LTD",,
China expo,"Letry (Shanghai) Clean Technology Co., Ltd.",,
China expo,"LIAN SHI NEW MATERIAL CORP.,LTD.",,
China expo,"Liansheng Semiconductor Technology (Wuxi) Co.,Ltd",,
China expo,"Liao ning guanhua semiconductor co., Ltd",,
China expo,Liaoning Aoyida Advanced Materials. Inc.,,
China expo,LIAONING SEALTECH TECHNOLOGY CO.Ltd,,
China expo,"Lijihong Optoelectronic Technology (Nantong) Co.,Ltd.",,
China expo,Linde Lienhwa,,
China expo,"Linggas (Tianjin), Limited.",,
China expo,"Linkwise Technology (Suzhou) Co., Ltd",,
China expo,Lintec Advanced Technologies (Shanghai) Inc.,,
China expo,LINTON Technologies Group,,
China expo,LIPPXIN MICROELECTRONICS,,
China expo,"LNEYA Thermo Refrigeration Co.,Ltd.",,
China expo,Loadpoint,,
China expo,Logitech Ltd.,,
China expo,Longhill Industries (Shanghai) Ltd,,
China expo,"LOT Vacuum Co., Ltd.",,
China expo,"LUOLOGY Diqital Technology Co., Ltd.",,
China expo,Luva System Inc.,,
China expo,M+ eletronic Equipment,,
China expo,"MachLin Precision Machinery (Kunshan) Co.,Ltd.",,
China expo,"Macrotest Semiconductor Technology Co., Ltd.",,
China expo,Malvern Panalytical,,
China expo,Marketech International Corp.,,
China expo,"MARPOSS (SHANGHAI) TECHNOLOGIES CO., LTD.",,
China expo,"MASTERLOK (ZHEJIANG) INTERNATIONAL TRADING CO., LTD.",,
China expo,"MAT PLUS Co., Ltd",,
China expo,"MatrixTime Robotics Co.,Ltd.",,
China expo,"Maxone Semiconductor（Suzhou）Co.,Ltd",,
China expo,"MCL Electronic Materials Co., Ltd",,
China expo,mechatronic systemtechnik gmbh,,
China expo,"MeetFuture Technology (Shanghai) Co. , Ltd.",,
China expo,"Mega Robo Technologies Co.,Ltd.",,
China expo,MEIDENSHA CORPORATION,,
China expo,"MELCON Co., Ltd.",,
China expo,Membrane Solutions Corp.,,
China expo,"Messer Griesheim(China) Investment Co.,Ltd.",,
China expo,"Mettler Toledo Technologies (China) Co., Ltd.",,
China expo,"MiCo Co., Ltd.",,
China expo,"MicroAhead Semiconductor Technology (SuZhou) Co.,Ltd.",,
China expo,Micro-Mechanics (Su Zhou),,
China expo,Micron Star Technology Limited,,
China expo,"MICRO-NANO (HONG KONG) TECHNOLOGY CO.,LTD",,
China expo,Micro-Power (H.K.) Semiconductor Ltd.,,
China expo,Micro-Power Scientific (H.K.) Co. Ltd.,,
China expo,"Microview Intelligent Packaging Technology (Shenzhen) Co.,Ltd",,
China expo,"Micson Automation (Shanghai) Co.,Ltd",,
China expo,"MILAEBO CO., Ltd.",,
China expo,MINGHUI SEMICONDUCTOR TECHNOLOGY CO.LTD,,
China expo,"Mingyang Semiconductor Technology (Hefei) Co., Ltd.",,
China expo,"MINSEOA Advanced Materials Co.,LTD",,
China expo,"Miraclean Technology Co.,Ltd.",,
China expo,"Miragas Co., Ltd.",,
China expo,"MIT Semiconductor (Tianjin) Co., Ltd",,
China expo,"Mitutoyo Measuring Instruments (Shanghai) Co., Ltd.",,
China expo,"MJC Microelectronics (Kunshan) Co., LTD.",,
China expo,"Motic China Group Co., Ltd.",,
China expo,"Mozart Semiconductor (Suzhou) Co.,Ltd",,
China expo,MPI Corporation,,
China expo,"MRM CO.,LTD",,
China expo,MultiFields Technology,,
China expo,"Mykron Microelectronics Co., Ltd.",,
China expo,"MZ Semiconductor Equipment (Wuxi) Co.,Ltd",,
China expo,"Nanjing Advanced Semi-conductor Technology Co,Ltd",,
China expo,"Nanjing Binzhenghong Instrument Co., Ltd.",,
China expo,"Nanjing DigiHua Intelligent Systems Co.,Ltd.",,
China expo,"Nanjing Guosheng Electronics Co., Ltd",,
China expo,"Nanjing Pego Measurement&Control Technology Co.,Ltd",,
China expo,"Nanjing Sanchao Advanced Materials Co., Ltd.",,
China expo,"Nanjing Shinkai Filter Co., Ltd",,
China expo,Nanofilm Technologies International Limited,,
China expo,"Nano-Micro of Chinese Science Vacuum Technology (Hefei) Co.,Ltd.",,
China expo,Nanomotion Ltd,,
China expo,"Nanostep Semiconductor technology(Guang Zhou),Ltd",,
China expo,NanoVis Electronics Technologies (China) Limited,,
China expo,"Nantong Crystal Co., Ltd",,
China expo,Napson Corporation,,
China expo,"Nasikey Semiconductor Co., Ltd.",,
China expo,National Silicon Industry Group,,
China expo,"New Best Wire Industrial Co., Ltd.",,
China expo,"New Eastech Technology Co.,Ltd.",,
China expo,"New Fast Technology Co., Ltd.",,
China expo,NexGen Wafer Systems Pte. Ltd,,
China expo,NEXTIN Inc.,,
China expo,"Nextool Technology Co.,Ltd",,
China expo,NI,,
China expo,NIDEC ADVANCE TECHNOLOGY CORPORATION,,
China expo,NIDEC INSTRUMENTS (Shanghai) CORPORATION,,
China expo,NIDEC SV PROBE SUZHOU CO. LTD.,,
China expo,"NIFLON MACROMOLECULAR MATERIAL (SH)CO.,LTD",,
China expo,NIKON CORPORATION,,
China expo,Ning Bo Good Seal Technology Co.Ltd,,
China expo,"Ningbo Advance Automation Technology Co., Ltd.",,
China expo,"Ningbo Allsemi Microelectronics Equipment Co., Ltd",,
China expo,"Ningbo Alpha Semiconductor Co., Ltd.",,
China expo,"Ningbo Baosi Energy Equipment Co., Ltd",,
China expo,"Ningbo Genius-Converging Technology Co.,Ltd",,
China expo,"Ningbo Hiper Technologies Co.,Ltd.",,
China expo,Ningbo HONGXIN NEW MATERIAL Technology Co. LTD,,
China expo,"Ningbo TRS Microelectronics Co.,Ltd",,
China expo,"Ningbo Xinfeng Precision Technology Co.,Ltd",,
China expo,"Ningbo Xinyang Semiconductor Equipment Co.,LTD",,
China expo,Ningbo Yunde Material Incorporation,,
China expo,"NIPPON PULSE SHANGHAI CO.,LTD.",,
China expo,"NISHIMURA CHEMITECH CO.,LTD",,
China expo,Nissan Chemical Corporation,,
China expo,NISSEI CORPORATION,,
China expo,"NISSIN ALLIS ION EQUIPMENT (SHANGHAI) CO., LTD",,
China expo,"Nomura Shanghai Engineering Technology Co., Ltd.",,
China expo,Nordson Advanced Technology,,
China expo,"Noritake Shanghai Trading Co., Ltd.",,
China expo,"Norker Filter (Suzhou) Co., Ltd",,
China expo,Nova Ltd.,,
China expo,Nowes Technology Corporation Limited,,
China expo,NSW Automation Sdn Bhd,,
China expo,"NTM Technology Co., Ltd",,
China expo,"NTS (Suzhou) Co., Ltd.",,
China expo,"OFC Micro Material (Shenzhen) Co.,Ltd.",,
China expo,OKins Electronics,,
China expo,Onn Wah Tech Pte Ltd.,,
China expo,Onto Innovation,,
China expo,"Optorun Co.,Ltd.",,
China expo,Orient Service Corp.,,
China expo,OSA Inc.,,
China expo,Oxford Instruments Technology (Shanghai) Co. Ltd,,
China expo,Pacific Change Inc.,,
China expo,PacTech-Packaging Technologies GmbH,,
China expo,"Pall (China) Co., Ltd",,
China expo,"Panther Technology(Shenzhen)Co.,Ltd",,
China expo,Park Systems Corp.,,
China expo,"Particle Measuring Systems, Inc.",,
China expo,"PASSION Industrial Technology (Shanghai) Co., Ltd.",,
China expo,"PDF Solutions, Inc.",,
China expo,PEMTRON Corporation,,
China expo,Pentamaster Instrumentation Sdn Bhd.,,
China expo,"PERIC Special Gases CO.,Ltd",,
China expo,"PerkinElmer Management (Shanghai) Co., Ltd",,
China expo,"Pfeiffer Vacuum (Shanghai) Co., Ltd",,
China expo,PhiChem Corporation,,
China expo,"PI Physik Instrumente (PI Shanghai) Co.,Ltd",,
China expo,Pibond Oy Taiwan Branch,,
China expo,"Pinason (Shanghai) Co., Ltd.",,
China expo,"Pingxiang Chemshun Ceramics Co.,Ltd",,
China expo,Pioneer Semiconductor Research Co.，Ltd,,
China expo,Piotech Inc.,,
China expo,PLSINTEC (SUZHOU) CORPORATION,,
China expo,"PNC Process Systems Co.,Ltd.",,
China expo,"PowerTech Co., Ltd.",,
China expo,"Precision Electronic Technology (Suzhou) Co., Ltd.",,
China expo,"Precitec Laser Technology (Shanghai) Co.,Ltd",,
China expo,Premtek International Inc.,,
China expo,"Primarius Technologies Co.,Ltd.",,
China expo,"Prinano Technology Co.,Ltd",,
China expo,"ProbeLeader Co., Ltd",,
China expo,PROBING GROUP,,
China expo,Process Technology,,
China expo,"Prochip Gas (Shanghai) Co., Ltd",,
China expo,Productive Technologies Company Limted.,,
China expo,"PROTEC CO., LTD.",,
China expo,"Proteco（Shanghai）Refrigeration Technology Equipment Co., Ltd.",,
China expo,PSG Asia,,
China expo,PSK Inc.,,
China expo,Pulse-tech (Hongkong) Technology Limited,,
China expo,Puritic Shanghai Corporation,,
China expo,"QD Scientific Instruments (Beijing) Co., Ltd.",,
China expo,"QEEPO Shanghai Static Co., Ltd.",,
China expo,QES MECHATRONIC SDN BHD,,
China expo,"Qingdao Fuso Refining & Processing Co., Ltd",,
China expo,"Qingdao Gaoce Technology Co.,Ltd",,
China expo,"Qingdao Goldliton Electronic Equipment Co., Ltd.",,
China expo,"Qingdao Guolin Technology Semiconductor Co.,Ltd",,
China expo,"Qingdao Huaqi Technology Co., Ltd.",,
China expo,"Qingdao Share Microelectronics Co., Ltd",,
China expo,"Qingdao SRI I Intellectual Technology Co., Ltd",,
China expo,"Qingdao Xinnovis Microsystem Technology Co.,Ltd.",,
China expo,"QingDao Yuhao Microelectronics Equipment Co., Ltd.",,
China expo,"Qinyang Guoshun Light and Electricity Gas Source of Silicon Co., Ltd",,
China expo,"QL Electronics Science (Quzhou) Co.,Ltd",,
China expo,"Quality Assurance Management Asia(Shanghai) Co., Ltd.",,
China expo,Qualmax Inc.,,
China expo,"Quanzhou Yuji Advanced Materials Co.,ltd",,
China expo,Quatek Inc. (Shanghai),,
China expo,"Quest Technology (Shanghai) Co., Ltd.",,
China expo,Questar China Ltd.,,
China expo,"Quick Gem Optoelectronic S&T Co.,Ltd",,
China expo,"QUICK INTELLIGENT EQUIPMENT CO.,LTD.",,
China expo,Raintree Scientific Instruments (Shanghai) Corporation,,
China expo,"Raith China Co.,Ltd",,
China expo,"Resonac Materials (Shanghai) Co., Ltd.",,
China expo,"Rightleder (Shanghai) Technology Co.,Ltd",,
China expo,"RIKEN KEIKI Co., Ltd.",,
China expo,"RION CO., LTD.",,
China expo,RKC INSTRUMENT INC.,,
China expo,"Robotphoenix Intelligent Technology Co.,Ltd.",,
China expo,"Robotzone Intelligent Technology (Suzhou) Co., Ltd.",,
China expo,"Roechling Industrial Products (Suzhou) Co., Ltd",,
China expo,"Rokko Electronics Co., Ltd.",,
China expo,ROKKO Systems Pte Ltd,,
China expo,RORZE CORPORATION,,
China expo,Rotarex Ceodeux,,
China expo,"RPS CO., LTD.",,
China expo,"Ruijiexinsheng Electronic Technology (WuXi) Co., Ltd",,
China expo,"RUNPIN ELECTRONIC MATERIALS CO., LTD (SHANGHAI)",,
China expo,"Ruter Elastomer Co., Ltd",,
China expo,"Sae Han Micro Tech Co., Ltd.",,
China expo,"Saesol Diamond Co., Ltd.",,
China expo,Sai MicroElectronics Inc.,,
China expo,"Saint-Gobain Performance Polymer Solutions (Shanghai) Co., Ltd.",,
China expo,Samco Inc.,,
China expo,"SandTek Semiconductor Technology (SHANGHAI) Co., Ltd.",,
China expo,"Sanhe Tongfei Refrigeration Co.,Ltd.",,
China expo,Sanying MotionControl Instruments Ltd,,
China expo,Saratoga Technology International,,
China expo,"SAS Technology (Shanghai) Co., Ltd",,
China expo,SAWATEC AG,,
China expo,"SBT Ultrasonic Technology Co., Ltd.",,
China expo,"SCH Electronics (Shanghai) Co., LTD.",,
China expo,SCHOTT AG,,
China expo,Schunk Xycarb Technology BV,,
China expo,scia Systems GmbH,,
China expo,Scientech Corporation,,
China expo,SE Technologies Corp.,,
China expo,SEBA Inc.,,
China expo,"Seiwa Optical (Shanghai) Co.,Ltd.",,
China expo,"Selling-Ware Co., Ltd.",,
China expo,Semea Tech,,
China expo,"SEMES Co., Ltd.",,
China expo,SEMI TECH GROUP LIMITED,,
China expo,"Semianaly semiconductor technology (Suzhou) Co., Ltd",,
China expo,Semics Inc.,,
China expo,"Semight Instruments Co.,Ltd.",,
China expo,"SemiGlory Electronics (Chongqing) Co., Ltd",,
China expo,"Semilab Trade (Shanghai) Co., Ltd",,
China expo,"Semiplastic High Purity Material (Kunshan) Co., Ltd",,
China expo,"Semirite Opoelectronic Technology (Shanghai) Co.,Ltd.",,
China expo,"Semishare Co., Ltd",,
China expo,Semitronix Corporation,,
China expo,Semtek Corp,,
China expo,"Sen Huan Electrical Technology Co., Ltd",,
China expo,SENSOFAR - TECH,,
China expo,SENTECH Instruments GmbH,,
China expo,SERVOMEX GROUP LIMITED,,
China expo,SET CORPORATION SA,,
China expo,SGL Carbon Far East Ltd. Shanghai,,
China expo,"SGS Intelligent Equipment (Jiangsu)Co.,LTD",,
China expo,"SGS-CSTC Testing services (Shanghai) Co., Ltd",,
China expo,SGSSEMI,,
China expo,"SHAANXI IDS TECHNOLOGY R&D CO., LTD",,
China expo,"Shaanxi Wisman High Voltage Power Supply Co., Ltd.",,
China expo,"Shaanxi Yidu Intelligence Technology Co.,Ltd",,
China expo,"Shanchuang Industrial (Shanghai) Co.,Ltd",,
China expo,Shandong Guojing NEW MAT.,,
China expo,"Shandong Helichang New Material Co.,Ltd",,
China expo,"Shandong HuaYuTongFang Electronic Materials Co.,Ltd",,
China expo,"Shandong Keda Dingxin Electronic Technology Co.,Ltd",,
China expo,"Shandong Liguan Micro Electronics Equipment Co., Ltd",,
China expo,"SHANDONG MICFLON TECHNOLOGY CO., LTD",,
China expo,"Shandong Shengquan Electronic Materials Co., Ltd",,
China expo,"Shandong Wiskind Clean Technology Co., Ltd",,
China expo,"Shandong Zhongshan Photoelectric Material Co., Ltd.",,
China expo,Shanghai AENI SEMI TECH Corporation Limited,,
China expo,"Shanghai AfaPa Vacuum Equipment Co.,Ltd",,
China expo,"Shanghai Aixinxiang Semiconductor Technology. Co., Ltd",,
China expo,"SHANGHAI ATM PRECISION FASTENING TECHNOLOGY CO.,LTD",,
China expo,"Shanghai Baitu Cryogenic Valve Co.,Ltd.",,
China expo,Shanghai BANGXIN semiconductor technology CO.，LTD,,
China expo,"Shanghai Bestity Semiconductor Technology Co., Ltd",,
China expo,"Shanghai Boilpeak Seals Technology Co,.Ltd",,
China expo,"Shanghai Brother Microelectronics Technology Co., Ltd.",,
China expo,"Shanghai Chang Ai Electronic Science & Technology Co.,Ltd",,
China expo,"SHANGHAI CHELIC PNEUMATIC CO.,LTD",,
China expo,Shanghai CheYiTian Technology Ltd.,,
China expo,"Shanghai CHUNY Measurement Technology Co.,Ltd.",,
China expo,"Shanghai Companion Advanced Materials Technology Co., Ltd.",,
China expo,"Shanghai DGT Co., Ltd.",,
China expo,"Shanghai Dongxu Electronic Technology Co., Ltd",,
China expo,"SHANGHAI DUKE ELECTRONICS CO., LTD",,
China expo,"Shanghai Eaco Gases Co.,Ltd",,
China expo,"Shanghai Ebara Precision Machinery Co., Ltd.",,
China expo,"Shanghai Fairfield Electronic Technology Co., Ltd",,
China expo,"Shanghai FeedliTech Co.,Ltd.",,
China expo,"Shanghai Fortrend Technology Co. , Ltd",,
China expo,Shanghai Gantu Network Technology Ltd.,,
China expo,"Shanghai Garnor seal technology Co.,Ltd",,
China expo,"Shanghai Gentech Co., Ltd.",,
China expo,"Shanghai GND eTech Co.,Ltd",,
China expo,Shanghai Gold Nice semiconductor Co. LTD,,
China expo,"Shanghai GoNa Semiconductor Technology Co.,Ltd",,
China expo,"Shanghai GOYE Optoelectronic Materials Co., Ltd.",,
China expo,"SHANGHAI HANKOOM TECHNOLOGY CO.,LTD.",,
China expo,"Shanghai hanyang clean tech co.,ltd",,
China expo,"Shanghai Hengxin metal product manufacturing Co.,Ltd",,
China expo,"Shanghai HIROKAWA Technology Co.,Ltd.",,
China expo,"Shanghai Hitek Precision Machinery Co.,Ltd",,
China expo,"ShangHai HongDuan Precision Machine Co,Ltd.",,
China expo,"Shanghai HongTeng Intl Trading Co., Ltd.",,
China expo,Shanghai Huahong Grace Semiconductor Manufacturing Corporation,,
China expo,Shanghai Huali Microelectronics Corporation(Huahong Group),,
China expo,Shanghai Huasong Enterprise,,
China expo,"Shanghai HYI Electronic Technology Co.,LTD",,
China expo,"Shanghai Icwiser communication Technology Co.,Ltd",,
China expo,"Shanghai Ideaoptics Corp., Ltd.",,
China expo,"Shanghai Institute of IC Materials Co.,Ltd.",,
China expo,Shanghai Integrated Circuit Industry Association,,
China expo,Shanghai Intelligent Sensor Industrial Park,,
China expo,"Shanghai Jet Plasma Co.,Ltd",,
China expo,"Shanghai Jheat Technology Co., Ltd.",,
China expo,"Shanghai Jiangwei Semiconductor Equipment Co.,Ltd",,
China expo,"Shanghai JianQi Technology Co., Ltd.",,
China expo,"Shanghai Jianying Intelligent Technology Co.,Ltd.",,
China expo,SHANGHAI JINQIAO (GROUP) CO LTD,,
China expo,"Shanghai Jufluorine Plastic Technolgy Co., Ltd",,
China expo,"Shanghai Juker Valve Control Co., Ltd.",,
China expo,"Shanghai Juliang Valve Group ., Ltd",,
China expo,"Shanghai JUYA Technology Co.,Ltd",,
China expo,"Shanghai Juyue Inspection Technology Co.,Ltd",,
China expo,"Shanghai Kingstone Semiconductor Joint Stock Co., Ltd.",,
China expo,"Shanghai Lasensor Photoelectric Technology Co., Ltd.",,
China expo,"Shanghai Laser Bonding Semiconductor Equipment Co., Ltd.",,
China expo,"Shanghai Leading Semiconductor Technology Development Co., Ltd.",,
China expo,"SHANGHAI LEEQIU TECHNOLOGY DEVELOPMENT CO., LTD",,
China expo,"Shanghai Liangli Technology Co.,Ltd",,
China expo,"Shanghai Lieth Precision Equipment Co., Ltd",,
China expo,"Shanghai Lingheng Industrial Automation Co., Ltd",,
China expo,Shanghai Lush Mount Int'l Trade Ltd.,,
China expo,"Shanghai Matfron Technology Co.,Ltd",,
China expo,"Shanghai Mega-Energy Technology Co.,Ltd",,
China expo,"Shanghai Merlin Test Technologies Co.,Ltd",,
China expo,"Shanghai Micro Electronics Equipment (Group) Co., Ltd.",,
China expo,"Shanghai Mirror Metal Surface Treatment Technology Co.,Ltd",,
China expo,"Shanghai Miya Technology Co., Ltd.",,
China expo,"Shanghai MOJUNE Electronic Technology Co., Ltd",,
China expo,SHANGHAI OILES BEARING INC.,,
China expo,"Shanghai Optris Infrared Co.,Ltd.",,
China expo,"Shanghai Oriental Motor Co., Ltd.",,
China expo,"Shanghai Pillar Trading Co., Ltd",,
China expo,"SHANGHAI PLUSCO TECH CO., LTD",,
China expo,"Shanghai Precision Measurement Semiconductor Technology, Inc",,
China expo,"Shanghai Pullner Filtration Technology Co.,Ltd",,
China expo,"Shanghai pusher flow control system Co., Ltd.",,
China expo,"SHANGHAI PVE FLUID TECHNOLOGY CO., LTD.",,
China expo,Shanghai Qianghua Industrial Corporation,,
China expo,"Shanghai Qiyuan Gas Development Co.,Ltd.",,
China expo,"Shanghai Rhyme New Energy Technology Co., Ltd",,
China expo,"Shanghai Ruicun Purification Engineering Co., Ltd",,
China expo,"Shanghai Safeslab Technology Co., Ltd",,
China expo,SHANGHAI SHANGJI TECHNOLOGY CO.LTD,,
China expo,"Shanghai Sharetek Technology Co.,ltd.",,
China expo,"Shanghai Shareway Environment Technology Co.,Ltd",,
China expo,"Shanghai Shengjian Technology Co., Ltd.",,
China expo,"Shanghai Shengyongcheng Semiconductor Technology Co.,Ltd.",,
China expo,"Shanghai Shenhe Investment Co.,Ltd.",,
China expo,"Shanghai Sieg Technology Co.,Ltd",,
China expo,"Shanghai Silicology Scientific & Trading Co., Ltd",,
China expo,"Shanghai Simpure Gas Technology Co., Ltd.",,
China expo,"Shanghai Sinyang Semiconductor Materials Co., Ltd",,
China expo,"Shanghai Siplus Semiconductor Co., Ltd.",,
China expo,"Shanghai Songqi Microelectronics Technology Co., Ltd",,
China expo,"Shanghai STN Technology Co.,Ltd",,
China expo,"Shanghai Sunlight Anticorrosion Equipment Co., Ltd",,
China expo,"Shanghai Supex Industrial Supply Co., Ltd.",,
China expo,"SHANGHAI TEFLON TECHNOLOGY CO., LTD",,
China expo,"Shanghai Testrong Technologies Co., Ltd",,
China expo,"Shanghai Toplabel Information Technology Co., Ltd.",,
China expo,"Shanghai Trygoal Semiconductor Material Co.,Ltd",,
China expo,"Shanghai VF Semiconductor Equipment Co., LTD",,
China expo,"Shanghai VFtech Vacuum Technology Co.,Ltd",,
China expo,"Shanghai Winscene Technology Co.,Ltd.",,
China expo,"Shanghai Xindun Automation Technology Co., Ltd.",,
China expo,"Shanghai Xinyi Electronic Technology Co., Ltd.",,
China expo,"Shanghai Yan Xiang Technology Co.,Ltd.",,
China expo,"Shanghai YD Technology (Group) Co., LTD.",,
China expo,Shanghai Yikang Chemicals & Industries Co. Ltd,,
China expo,"Shanghai YiNGUAN Semiconductor Technology Co.,Ltd.",,
China expo,"Shanghai Yodogawa Trading Co.,Ltd",,
China expo,"Shanghai Yuwei Semiconductor Technology Co.,Ltd",,
China expo,"Shanghai Zenfocus Semi-Tech Co., Ltd",,
China expo,"Shanghai ZetaTech Co.,Ltd.",,
China expo,"Shanghai Zhonghui Electronics Technology Co., Ltd",,
China expo,"Shanghai Zuolin Valve Co., Ltd",,
China expo,"Shanxi Tiancheng Semiconductor Material Co., Ltd",,
China expo,"Shaoxing Hongbang Electronics Technology Co., Ltd",,
China expo,"ShenYang Academy of Instrumentation Science Co., Ltd",,
China expo,"Shenyang Crystal Resource Semiconductor material Co., Ltd",,
China expo,"Shenyang Fortune Precision Equipment Co., Ltd.",,
China expo,"Shenyang Heyan Technology Co.,Ltd",,
China expo,"ShenYang Merit Aircraft&Aerospace Materials Co.,LTD",,
China expo,"Shenyang SIASUN Microelectronics Equipment Co.,Ltd",,
China expo,"Shenyang Yuanchuang Semiconductor CO,LTD",,
China expo,"Shenzhen Alphabetter Technology Co., Ltd",,
China expo,"Shenzhen Angstrom Excellence Technology Co.,Ltd.",,
China expo,"Shenzhen Axxon Automation Co.,Ltd",,
China expo,"SHENZHEN BIAOPU SEMICONDUCTOR TECHNOLOGY CO.,LTD",,
China expo,"Shenzhen Biaowang Industrial Equipment Co.,Ltd",,
China expo,"Shenzhen Bindebao Electronic Technology Co., Ltd",,
China expo,"Shenzhen Blue Dynamics Precision Co.,Ltd.",,
China expo,"SHENZHEN CHUANGZHI SEMI-LINK TECHNOLOGY CO., LTD",,
China expo,"Shenzhen Chunshui No. 1 Science and Technology Co. , Ltd.",,
China expo,"SHENZHEN CSL VACUUM SCIENCE AND TECHNOLOGY CO., LTD",,
China expo,"Shenzhen Dejiabao Electronics Co., Ltd",,
China expo,"SHENZHEN DONG RONG XING YE ELECTRONICS CO.,LTD.",,
China expo,"Shenzhen Dream Launch Semiconductor Equipment Co.,Ltd",,
China expo,"Shenzhen Enmicro Precision Electronic Co., Ltd",,
China expo,"SHENZHEN ESKY PURIFY TECHNOLOGY CO.,LTD",,
China expo,Shenzhen Fushenghe Trading Company Limited,,
China expo,Shenzhen Futurefab AI Software Inc.,,
China expo,"Shenzhen GCL Environmental Protection Industry Co.,Ltd",,
China expo,"Shenzhen Gorgeous Technology Co., Ltd.",,
China expo,Shenzhen Grand Innosys Corporation,,
China expo,"SHENZHEN GREAT ENERGY TECHNOLOGY CO.,LTD",,
China expo,"Shenzhen Guandahong Technology Co., Ltd",,
China expo,Shenzhen Han’s Assembly & Testing Technology Company Limited,,
China expo,"Shenzhen Hanchi Technology Co.,LTD",,
China expo,"Shenzhen HanHwa Semiconductor Technology Co., Ltd",,
China expo,"Shenzhen Han's Semiconductor Equipment Technology Co., Ltd",,
China expo,"Shenzhen HENGKO Filter Co., Ltd.",,
China expo,"Shenzhen Hiner Advanced Materials Technology Co.,Ltd.",,
China expo,"Shenzhen Huamai technology co.,ltd.",,
China expo,"SHENZHEN IN-CUBE AUTOMATION CO., LTD.",,
China expo,"Shenzhen Ingenuity Mfrs Technology Co., Ltd",,
China expo,"Shenzhen Interposer TechnologyCo.,Ltd",,
China expo,"Shenzhen Jiamai Automation Co.,LTD",,
China expo,"SHENZHEN JINNUODA TEFLON ELECTROTHERMAL TECHNOLOGY Co., Ltd",,
China expo,"Shenzhen KHJ Technology Co.,Ltd",,
China expo,"Shenzhen Liande Automation Equipment Co., Ltd",,
China expo,"Shenzhen Longsight Technologies Co.,Ltd",,
China expo,"Shenzhen Merry Precise Electronic Co.,Ltd",,
China expo,"Shenzhen MicroASM Semiconductor Technology Co.,Ltd",,
China expo,"Shenzhen Naso Tech Co.,Ltd",,
China expo,Shenzhen Qingyi Photomask Limited,,
China expo,"SHENZHEN QUATERNION SEMICONDUCTOR CO., LTD",,
China expo,"Shenzhen Rongda Photosensitive Science & Technology Co., Ltd",,
China expo,"Shenzhen Samcien New Materials Technology Co., Ltd.",,
China expo,"Shenzhen Secon Technical Industry Co., Ltd",,
China expo,"SHENZHEN SELEN CLEAN TECH Co., Ltd",,
China expo,"Shenzhen Shenkeda Semiconductor Technology Co., LTD.",,
China expo,"SHENZHEN SIPTORY TECHNOLOGY CO., LTD",,
China expo,"Shenzhen Technology Trust Precision Industry Co., Ltd",,
China expo,"Shenzhen Tensun Precision Equipment Co., Ltd",,
China expo,"Shenzhen Tete Semiconductor Equipment Co.,Ltd.",,
China expo,"Shenzhen Ultrapure Water Technology CO.,LTD.",,
China expo,"Shenzhen United Blueocean Applied Materials Technology Co.,Ltd",,
China expo,"Shenzhen Vatop Semiconductor Tech Co.,Ltd",,
China expo,"SHENZHEN XINYICHANG TECHNOLOGY CO., LTD",,
China expo,"Shenzhen Yaotong Technology Co., Ltd.",,
China expo,"Shenzhen Youibot Robotics Co., Ltd.",,
China expo,"Shenzhen Yuan Tai Feng Optoelectronics Co., Ltd.",,
China expo,"Shenzhen Zhicheng Semiconductor Materials Co.,Ltd.",,
China expo,"Shenzhen ZhongJian South Environment Co.,Ltd.",,
China expo,Shibaura Mechatronics Corp.,,
China expo,Shibuya Corporation,,
China expo,Shimadzu Corporation,,
China expo,"Shinwa Controls(Shanghai)Co.,Ltd.",,
China expo,"SHW Technology (Shanghai) Co., Ltd.",,
China expo,"Si Chuan Ying Shuo Electronics Technology Corp.,LTD.",,
China expo,"SIAMC Advanced Materials Co., Ltd.",,
China expo,"SICC CO.,LTD",,
China expo,"SiCentury Semiconductor Technology (Suzhou) Co.,Ltd",,
China expo,"Sichuan ANSON New Material Technology Co.,Ltd",,
China expo,"Sichuan Future Carbon New Material Technology Co.,Ltd",,
China expo,"Sichuan Hongxin FFKM Technology Co., Ltd.",,
China expo,"Sichuan Injet Electric Co., LTD.",,
China expo,"SICREAT (Suzhou) Semitech Co., Ltd",,
China expo,"Sidea Semiconductor Equipment (Shenzhen) Co.,Ltd",,
China expo,"Silicar Semiconductor Materials (Jiangsu) Co.,Ltd",,
China expo,"Silicon Exceed Technology (JiangSu) Co.,Ltd",,
China expo,Silpac International Limited,,
China expo,SineTest Technologies Pte Ltd,,
China expo,"SINFONIA TECHNOLOGY CO., LTD.",,
China expo,Singapore Precision Engineering and Technology Association (SPETA),,
China expo,Singulus Technologies AG,,
China expo,"Sino IC Technology Co.,Ltd.",,
China expo,"SINO MULTI-MICRO TECHNOLOGY CO.,LTD",,
China expo,"Sinochem Lantian Co., Ltd.",,
China expo,"Sinomach Diamond (Henan) Co.,Ltd.",,
China expo,"Sino-platinum Metals Advanced & New Materials (Shanghai) Co., Ltd.",,
China expo,"Sino-science Aero (Beijing) Technology Co.,Ltd",,
China expo,"Sinoscience Fullcryo (Yangzhou) Gas Co.,Ltd.",,
China expo,"SINTAIKE SEMICONDUCTOR EQUIPMENT(SHANGHAI) CO., LTD.",,
China expo,SIP A-TECH TECHNOLOGY CORP.,,
China expo,"SIP Hengyue Automation Technology Co., Ltd",,
China expo,Sirize technology（suzhou）corp.,,
China expo,"SiScan Technology Co.,Ltd.",,
China expo,"SKL Tech Co., Ltd.",,
China expo,"Sky Chip Interconnection Technology Co., Ltd.",,
China expo,"SKY Technology Development Co.,Ltd Chinese Academy of Sciences",,
China expo,"Skyverse Technology Co., Ltd.",,
China expo,"SMC Automation China Co.,Ltd.",,
China expo,"SMFL MIRAI Partners Company, Limited",,
China expo,"Smiths Interconnect, a Molex company",,
China expo,"Solex Electronic Technology Co.,Ltd.",,
China expo,"Solvay Lantian (Quzhou) Chemicals Co.,Ltd.",,
China expo,SPEA S.p.A,,
China expo,"Specho Electronic Technology (Shanghai) Co.,Ltd",,
China expo,"Spectron Gas Control Systems (Shanghai) Co.,Ltd.",,
China expo,Spectrum Materials Corporation Limited,,
China expo,Speedfam Mechtronics (Nanjing) Ltd,,
China expo,"SPMC (Changzhou) Co., Ltd.(Semiconductor Precision Machinery)",,
China expo,"Sprint Precision Technologies ( Jiangsu ) Co., Ltd.",,
China expo,"SPT- Small Precision Tools Co., Ltd.",,
China expo,"ST.CERA CO., LTD.",,
China expo,"Standard Robots (Wuxi) Co., Ltd.",,
China expo,Standard Technology Corporation,,
China expo,"Staubli (Hangzhou) Mechatronic Co.,Ltd.",,
China expo,Stella International Corporation Limited,,
China expo,Su Zhou Precision Test Tech. Ltd.,,
China expo,Sumika Electronic Materials (Shanghai) Corporation,,
China expo,"Sumika Electronic Materials(Changzhou)Co.,Ltd",,
China expo,"Sumika Electronic Materials(Xian)Co.,Ltd",,
China expo,"Sumitomo Chemical Co.,Ltd.",,
China expo,"Sumitomo Heavy Industries, Ltd.",,
China expo,"SUNRED ELECTRONIC EQUIPMENT (WUXI) CO.,LTD.",,
China expo,"Suntech Co., Ltd",,
China expo,"Suntific Materials (Weifang), Ltd",,
China expo,"Sunto Semiconductor Technology Shanghai Co., Ltd.",,
China expo,SURPASS INDUSTRY CO LTD,,
China expo,"SurplusGLOBAL, Inc.",,
China expo,"SUSS MicroTec (Shanghai) Co., Ltd.",,
China expo,"Suzhou AODE precise equipment Co.,LTD.",,
China expo,"Suzhou Baicon Sensor Technology Co.,LTD",,
China expo,"Suzhou Betpak New Material Technology Co., Ltd",,
China expo,"SUZHOU BOHONGYUAN EQUIPMENT CO.,LTD",,
China expo,"Suzhou Boschman Semiconductor Equipment Co.,Ltd.",,
China expo,"Suzhou Bozhon Semiconductor Co.,Ltd",,
China expo,"Suzhou Delphi Laser Co., Ltd.",,
China expo,"SuZhou Dongmai New Material Technology CO.,Ltd.",,
China expo,"Suzhou Eoulu System Integration Co.,Ltd.",,
China expo,"Suzhou Govion Semiconductor Technology Co.,Ltd",,
China expo,"Suzhou GTW Semiconductor Technology Co., Ltd.",,
China expo,"SuZhou Guangduo Micro, Nano Devices Co., Ltd",,
China expo,"Suzhou HanHua Semiconductor Co., Ltd",,
China expo,"Suzhou Hannock Precision Technology Co., Ltd.",,
China expo,"Suzhou HRT Electronic Equipment Technology Co., Ltd",,
China expo,"Suzhou HYC Technology Co., Ltd",,
China expo,"Suzhou IV Technologies Co., Ltd",,
China expo,"Suzhou Jieruisi Intelligent Technology Co., Ltd.",,
China expo,"Suzhou Jinghe Semiconductor Technology Co.,Ltd.",,
China expo,"Suzhou Jodell Robotics Co., Ltd.",,
China expo,"Suzhou Junhexin Semiconductor Technology Co., Ltd",,
China expo,"Suzhou Junhua Semiconductor Technology Co., Ltd.",,
China expo,"Suzhou Kematek, Inc",,
China expo,"Suzhou Kzone Equipment Technology Co., Ltd",,
China expo,"Suzhou Lieqi Intelligent Equipment Co., Ltd.",,
China expo,"Suzhou Lumi Laser Technology Co.,Ltd",,
China expo,"Suzhou Magnox Hygienic Materials Co.,Ltd.",,
China expo,"SuZhou Maxwell Technologies Co., Ltd",,
China expo,"Suzhou MEMStools Semiconductor Technology Co.,Ltd",,
China expo,"Suzhou Mica Technology Co., Ltd.",,
China expo,"Suzhou MTS Technology Co., Ltd.",,
China expo,"Suzhou Origin Materials Technology Co., Ltd.",,
China expo,"Suzhou purefilter purification Technology Co., Ltd",,
China expo,"Suzhou Puristone Intelligent Technology Co.,Ltd",,
China expo,"SUZHOU QIANMING SEMICONDUCTOR EQUIPMENT CO.,LTD",,
China expo,"Suzhou Rayzher Industrial Co., Ltd",,
China expo,"Suzhou Sail Science & Technology Co., Ltd.",,
China expo,"SUZHOU SANGUANG SCIENCE & TECHNOLOGY CO.,LTD.",,
China expo,"SUZHOU SEMC MICROELECTRONICS EQUIPMENT CO.,LTD",,
China expo,"Suzhou Semitop Semiconductor Co.,Ltd.",,
China expo,"Suzhou ShiJunXin Micro-Electronics CO.,LTD",,
China expo,"Suzhou Silicon Test System Co., Ltd",,
China expo,"Suzhou SLD Electronic Co., Ltd",,
China expo,"Suzhou Supermag Intelligent Technology Co.,Ltd.",,
China expo,"Suzhou Suyuan Advantec Machinery Co., Ltd",,
China expo,"SUZHOU THIRD ELECTRIC&ENGINEERING CO.,LTD.",,
China expo,"Suzhou Tsingkejiahe Technology Development Co.,Ltd.",,
China expo,"Suzhou Tusen Laser Co., Ltd",,
China expo,"Suzhou UIGreen Micro&Nano Technologies Co.,Ltd",,
China expo,"SUZHOU WEIFU MATERIAL CO., LTD",,
China expo,"SUZHOU WISH AI CO., LTD",,
China expo,"Suzhou Xinhe Semiconductor Material Co.,Ltd",,
China expo,"Suzhou Xinruiwei electronics equipment Co.,Ltd.",,
China expo,"Suzhou Xinshangsi Semiconductor Technology Co.,Ltd.",,
China expo,"Suzhou Xinshinuo Semiconductor Equipment Co.,Ltd",,
China expo,"Suzhou Xwesun Electronic Technology Co.,Ltd",,
China expo,"Suzhou Zhongte Microelectronics Technology Co.,Ltd.",,
China expo,"SuzhouRuishengJuchuangTechnologyCo.,Ltd.",,
China expo,SVCS s.r.o.,,
China expo,"Syensqo (Shanghai) International Trading Co., Ltd",,
China expo,"Symtek Automation Asia Co., Ltd.",,
China expo,"SYSTECH TECHNOLOGY CO., LIMITED",,
China expo,"System Technology (Shenzhen) Co. ,Ltd",,
China expo,SZSI-TECH,,
China expo,SZWLCP Electronics,,
China expo,"Tachia Yung Ho Machine Industry Co., Ltd",,
China expo,Taihe Gases (Jingzhou) Corporation Limited,,
China expo,"Taiji Semiconductor (Suzhou) Co., Ltd",,
China expo,"TaiMay Purify Technology Co., Ltd.",,
China expo,"Taiwan Kong King, Co., Ltd.",,
China expo,"Takano Co., Ltd.",,
China expo,"TAKIGEN MFG CO.,LTD",,
China expo,"TANAKA PRECIOUS METALS Shanghai Co.,Ltd.",,
China expo,"TankeBlue Semiconductor Co., Ltd.",,
China expo,"TAZMO SEMITEC SHAOXING TECHNOLOGY CO.,LTD.",,
China expo,"TBSTest Technologies Co., LTD.",,
China expo,TDK Corporation,,
China expo,"Techneglas, LLC.",,
China expo,Technic (China-HK) Limited,,
China expo,"Technical & Try Co., Ltd.",,
China expo,"Technology Develop Semiconductor Co., Ltd.",,
China expo,"Teesing Industrial Systems (Beijing) Co., Ltd.",,
China expo,Teltec Semiconductor Pacific Limited,,
China expo,"Tengxuan Technology Co., Ltd.",,
China expo,"Teradyne, Inc.",,
China expo,"TESCAN CHINA,Ltd",,
China expo,Tesec Corporation,,
China expo,TFC,,
China expo,"TGV Circuits Co.,Ltd",,
China expo,"The Fourth Construction Co., Ltd. of China Electronics System Engineering",,
China expo,"Thermo Application Science Co., Ltd.",,
China expo,Thin Film Equipment srl,,
China expo,Thinkon Semiconductor Jinzhou Corp.,,
China expo,Thinktrans Semiconductor Technology Ltd.,,
China expo,"THK (CHINA) CO.,LTD",,
China expo,"Tiancheng Advanced Semiconductor Technology Co.,Ltd.",,
China expo,"TianJin HuanBo Science and Technology Co.,LTD.",,
China expo,"Tianjin Logan KX Technology Co.,Ltd",,
China expo,"Tianjin Vista Technology Development Co., Ltd.",,
China expo,"Tianjin Worldstar Electronic Materials Co., Ltd.",,
China expo,"TienMicro(Shandong) Co.,Ltd",,
China expo,"Time Tech Spectra Co.,Ltd.",,
China expo,TMEIC Corporation,,
China expo,TMS Technology,,
China expo,Toflo Corporation Shanghai Representative Office,,
China expo,Toho Technology Corp.,,
China expo,"Tokai Carbon (Dalian) Co., Ltd",,
China expo,Tokkyokiki Corporation,,
China expo,TOKYO ELECTRON,,
China expo,"TOKYO KEISO CO., LTD.",,
China expo,"Tokyo Ohka Kogyo Co., Ltd",,
China expo,"TOKYO SEIMITSU CO., LTD.",,
China expo,"TongChao Precision Machinery Co.,Ltd",,
China expo,"TongFu Microelectronics Co.,Ltd.",,
China expo,"Topco Scientific (Shanghai) Co., Ltd.",,
China expo,"Toray Engineering Co., Ltd.",,
China expo,Towa Corporation,,
China expo,"Toward Technologies, Inc.",,
China expo,Toyo Adtec Pte. Ltd.,,
China expo,"Toyoko Gas Equipments (Shanghai) Co., Ltd.",,
China expo,Trebor International,,
China expo,"TRUMPF Huettinger Electronics (Taicang) Co.,Ltd",,
China expo,"Trustec Semiconductor Co.,Ltd(Suzhou)",,
China expo,"TRUTH EQUIPMENT CO.,LTD",,
China expo,"TRY Precision Technology Co., Ltd",,
China expo,"TS Tech (Changzhou) Co., Ltd",,
China expo,"TSE Co., Ltd.",,
China expo,"TSI Instruments (Beijing) Co.,Ltd",,
China expo,TT Vision Technologies SDN BHD,,
China expo,"TÜV Rheinland (Shanghai) Co., Ltd.",,
China expo,"T-Vision (Hangzhou) Technology Co., Ltd",,
China expo,"TwinSolution Technology (Shanghai) Co.,Ltd",,
China expo,"TZTEK Technology Co.,Ltd.",,
China expo,"Ueno Seiki Co., Ltd.",,
China expo,Umicore Thin Film Products AG,,
China expo,UNI SEMICONDUCTOR CORPORATION,,
China expo,UNIQUE MICROELECT RONICS(HONGKONG)LIMTED,,
China expo,"UniSiC Technology (Shanghai) Co.,Ltd.",,
China expo,"U-Precision Tech Co., Ltd.",,
China expo,"Ushio Shanghai ,Inc",,
China expo,"USUN TECHNOLOGY CO., LTD",,
China expo,"UVIR CO., LIMITED",,
China expo,"Vacree Technologies Co.,Ltd.",,
China expo,"Valex Semiconductor Materials (zhejiang) Co.,Ltd",,
China expo,Valtech Corporation,,
China expo,"Veeco Instruments (Shanghai) Co., Ltd.",,
China expo,VERTEKS SCIENTIFIC CORPORATION,,
China expo,"Visino Technology (Xiamen) Co., Ltd",,
China expo,"Vital Fluid Technology Co., Ltd.",,
China expo,"Vital Materials Co., Ltd",,
China expo,ViTrox Technologies Sdn. Bhd.,,
China expo,VTECHSEMI INSTRUMENTS,,
China expo,Wafer Works Corporation,,
China expo,"WANHUA (CHANGZHOU) NEW MATERIALS TECHNOLOGY CO.,LTD.",,
China expo,"Wanhua Electronic Materials Co.,Ltd.",,
China expo,"Wavelength Opto-Electronic (Nanjing) Co.,Ltd",,
China expo,"WENZHOU QIMING STAINLESS CO.,LTD",,
China expo,"Wenzhou Zhibo Mechanical Technology Co.,Ltd",,
China expo,WESI Technology Limited,,
China expo,"WESTLAKE INSTRUMENTS (HANGZHOU)TECHNOLOGY CO.,LTD",,
China expo,Whole Link International,,
China expo,"WIKA International Trading (Shanghai) Co., Ltd.",,
China expo,"Win Win Precision Technology Co., Ltd.",,
China expo,"Wing's Semiconductor Materials Co.,Ltd.",,
China expo,"Wingzhen Technology (Shenzhen) Co., Ltd.",,
China expo,Winmax Technology Corp.,,
China expo,WINSSEMI,,
China expo,"WinWay Technology Co., Ltd.",,
China expo,Win-Win Electronic Technology International Limited,,
China expo,"Wisdom SemiTeC (Jiangsu) Technology Co.,Ltd.",,
China expo,"Wonik IPS Co., Ltd.",,
China expo,WoNik Semicon CO.LTD.,,
China expo,"Wooam Co., Ltd.",,
China expo,"WOOIL FLUCON CO., LTD.",,
China expo,"Wuhan Choice Technology Co., Ltd",,
China expo,"WUHAN DR LASER TECHNOLOGY CO., LTD.",,
China expo,"Wuhan Glory Road Precision Technology Co.,Ltd.",,
China expo,"Wuhan HGLaser Engineering Co., Ltd",,
China expo,"Wuhan Huakang Century Clean Technology Co., Ltd.",,
China expo,"Wuhan Jingce Electronic Group Co.,Ltd.",,
China expo,"Wuhan Qiyunfang Technology Co.,Ltd",,
China expo,"Wuhan Tuocai Technology Co.,Ltd",,
China expo,"WuHu LDZX Semiconductor Co., Ltd.",,
China expo,"Wushi Microelectronics (Suzhou) Co., Ltd",,
China expo,"Wuxi Awing Technology Co.,Ltd",,
China expo,"Wuxi G-chip Semiconductor Technology Co.,Ltd",,
China expo,"WUXI GUANG YUAN XIN CHENG TECHNOLOGY CO.,LTD.",,
China expo,"Wuxi Haiyi Semiconductor Technology Co.,Ltd.",,
China expo,"Wuxi Hygood New Technology Co.,Ltd",,
China expo,"Wuxi Infogram co., ltd",,
China expo,"Wuxi Jerome Precision Mechanics Co., Ltd.",,
China expo,WUXI LEAD,,
China expo,"Wuxi LUCKY SEMI Technology Co., Ltd",,
China expo,"Wuxi Radar Electronic Technology Co., Ltd.",,
China expo,"Wuxi Shanghaibest Imp.& Exp.Co.,Ltd.",,
China expo,"Wuxi Songyu Technology Co., Ltd.",,
China expo,"Wuxi Wewin Electronic Equipment Co., Ltd.",,
China expo,"Wuxi Wof New Material Technology Co., Ltd.",,
China expo,"WUXI XIVI SCIENCE AND TECHNOLOGY CO.,LTD.",,
China expo,"Wuxi Zhuohai Technology Co.,Ltd.",,
China expo,"XH Industrial Co., Limited.",,
China expo,"XIA MEN YUDIAN AUTOMATION TECHNOLOGY CO.,LTD",,
China expo,"Xiamen Baoshili Dustless Technology Co., Ltd.",,
China expo,"Xiamen Fuqi Automation Equipment Co.,Ltd.",,
China expo,"Xiamen Hengkun New Material Technology Co., Ltd.",,
China expo,"Xiamen Maida Intelligence Technology Co.,Ltd",,
China expo,"Xiamen Sky Semiconductor Technology Co.,Ltd.",,
China expo,"Xiamen Xlong Seal Co., Ltd.",,
China expo,"Xi'an Bright Laser Technologies Co., Ltd.",,
China expo,"Xi'an Eswin Material Technology Co.,Ltd.",,
China expo,"XI'AN LEADMEMS SCI&TECH CO.,LTD",,
China expo,"Ximi (Xiamen) Semiconductor Equipment Co.,Ltd",,
China expo,"Xingqi (Shanghai) Semiconductor Co.,Ltd.",,
China expo,"XINLI SEMI CO., LTD.",,
China expo,"XinSheng Semiconductor Technology (Shanghai) Co.,Ltd",,
China expo,"Xunshi Technology(Suzhou) Co.,LTD",,
China expo,"Xuzhou B&C Chemical Technology Co., Ltd",,
China expo,"XYC-TEK INTELLIGENT EQUIPMENT(WUXI) CO.,LTD",,
China expo,"Y.A.C. MECHATRONICS CO., LTD.",,
China expo,"Yamaha Robotics Co., Ltd.",,
China expo,Yamaichi Electronics Hong Kong Ltd,,
China expo,YAMAZEN SHANGHAI TRADING CO.，LTD,,
China expo,Yangzhou Sipuer Technology Company,,
China expo,"Yantai AWSOM Brake Material Co., Ltd.",,
China expo,"Yantai Darbond Technology Co., Ltd.",,
China expo,"YanTai Huachuang Intelligent Equipment Co.,Ltd",,
China expo,"Yantai Wanhua Electronic Materials Co.,Ltd.",,
China expo,Ye Siang Enterprise Co. Ltd,,
China expo,"YiLi Micro Electronic Technology Co., Ltd",,
China expo,"Yilong Semiconductor equipments (Wuxi) Co., Ltd",,
China expo,YINGDE GASES,,
China expo,YOFC Quartz Technology (Wuhan) Company Limited,,
China expo,"Yongoo Technology Co.,Ltd",,
China expo,"YOODATECH SHANGHAI CO.,LTD",,
China expo,"Youwei Semiconductor Technology(Suzhou) Co., Ltd.",,
China expo,"YUEYANG KAIMEITE ELECTRONIC SPECIALTY RARE GASES CO.,LTD",,
China expo,"Z&H Electronic Co.,Ltd",,
China expo,Zen Voce (Suzhou) Corporation,,
China expo,Zero One Semiconductor Technology (Changzhou) Co. Ltd.,,
China expo,"ZhangJiaGang AnChu Technology CO.,LTD.",,
China expo,"Zhangjiagang Deyizhou Precision Filter Material Co., Ltd",,
China expo,"Zhangjiagang Parkson New Material Co., Ltd",,
China expo,"Zhangjiagang Ultrasonic Electric Co.,Ltd.",,
China expo,"Zhangzhou Xipu Material Technology Co., Ltd.",,
China expo,"Zhejiang Airsbc Precision Industrial Group Co.,Ltd.",,
China expo,"Zhejiang Apastec Semiconductor Equipment Co., Ltd.",,
China expo,"Zhejiang ASH Semiconductor Equipment Co., Ltd.",,
China expo,"Zhejiang Baitong Anticorrosion Equipment Co.,Ltd",,
China expo,ZHEJIANG CANAAN TECHNOLOGY LIMITED,,
China expo,"Zhejiang Cheer Technology Co., Ltd.",,
China expo,"Zhejiang Conceptfe New Material Technology CO.,LTD",,
China expo,"Zhejiang CrystalYond Semiconductor Co.,Ltd",,
China expo,"Zhejiang Dongkai Semiconductor Science&Technology Co., Ltd.",,
China expo,"ZHEJIANG ETERNAL AUTOMATION SCI-TEC CO.,LTD.",,
China expo,"Zhejiang Futong Quartz New Material Co.,Ltd",,
China expo,"Zhejiang Goldlink Tech Co.,Ltd",,
China expo,"Zhejiang Guanbo Fluid Techonology Co.,Ltd",,
China expo,"Zhejiang Guangxin Microelectronics Co., Ltd.",,
China expo,"Zhejiang Harog Technology Co.,Ltd",,
China expo,"Zhejiang Hongxin New Materials Co.,Ltd",,
China expo,"Zhejiang Jinghong Precision Machinery Manufacturing Co.,Ltd.",,
China expo,"Zhejiang Jingrui SuperSiC Electronic Materials Co., Ltd",,
China expo,"Zhejiang Jingsheng Mechanical & Electrical Co., Ltd.",,
China expo,"ZHEJIANG JINGTAI SEMICONDUCTOR CO.,LTD",,
China expo,"Zhejiang Keyi Semiconfuctor Clean Tube Industry Co.,Ltd.",,
China expo,"Zhejiang LiuFang Semiconductor Technology Co.,LTD",,
China expo,"Zhejiang Memsflex Semiconductor Co., Ltd",,
China expo,"Zhejiang Morita New Materials Co., Ltd",,
China expo,"ZheJiang OPAL Quartz Tech Co.,Ltd",,
China expo,"Zhejiang Planary Electronic Materials Co.,Ltd.",,
China expo,"Zhejiang Saijin Semiconductor Technology Co.,Ltd",,
China expo,"Zhejiang Senmai Clean Special Materials Co.,Ltd",,
China expo,"Zhejiang Shangneng Industrial Co., LTD",,
China expo,"Zhejiang Shuangyin Special Material Technology Co., Ltd.",,
China expo,"Zhejiang Sichen Semiconductor Equipment Co., LTD",,
China expo,"Zhejiang Thin Wafer Technology Semiconductor Co.,Ltd.",,
China expo,"Zhejiang Xinhui Equipment Technology Co., Ltd.",,
China expo,"Zhejiang Yonghe Refrigerant.,Ltd.",,
China expo,"Zhejiang Yuanxin Advanced Material Co.,Ltd",,
China expo,"ZHENGZHOU HONG TUO PRECISION TOOLS CO.,LTD",,
China expo,"Zhenjiang Runjing High Purity Chemical Technology CO,.LTD.",,
China expo,"Zhongdao Optoelectronic Equipment Co.,Ltd.",,
China expo,"Zhonghuan Advanced Semiconductor Technology Co.,Ltd.",,
China expo,"Zhongshan Think Electronics Technology Co.,Ltd",,
China expo,"Zhongwang Semicon(Tianjin) Science&Technology Co.,Ltd.",,
China expo,"Zhuhai Henger Microelectronic Equipment Co., Ltd",,
China expo,"Zhuhai Zhihua Semiconductor Technology Co.,Ltd.",,
China expo,"Zhuocheng Microelectronics ( Suzhou ) Co.,Ltd",,
China expo,"Zhuolida Advanced Semiconductor (Nantong) Co.,Ltd",,
China expo,"Zillion Tek Co., Ltd",,
China expo,"ZM Semiconductor Equipment (Shanghai) Co., Ltd.",,
China expo,ZMC International Pte Ltd,,
China expo,"ZunXin (Shanghai) Semiconductor Technology Co., LTD",,